"ID","TABLE","FIELD","OLD_VALUE","NEO_VALUE","STATUS","FLAGS","NOTES"
"ADMI_RUN.RUNID","ADMI_RUN","RUNID","PM#12:key=PK|dt=|len=","key=PK|dt=|len=|mods=PM","EXACT","—","table_fields old_union=4 neo=4"
"ADMI_RUN.OBJECT","ADMI_RUN","OBJECT","PM#12:key=-|dt=|len=","key=-|dt=|len=|mods=PM","EXACT","—","table_fields old_union=4 neo=4"
"ADMI_RUN.GENER_DATE","ADMI_RUN","GENER_DATE","PM#12:key=-|dt=|len=","key=-|dt=|len=|mods=PM","EXACT","—","table_fields old_union=4 neo=4"
"ADMI_RUN.STATUS","ADMI_RUN","STATUS","PM#12:key=-|dt=|len=","key=-|dt=|len=|mods=PM","EXACT","—","table_fields old_union=4 neo=4"
"AFFH.AUFPL","AFFH","AUFPL","PP-PI#6:key=PK/FK|dt=NUMC|len=10","key=PK/FK|dt=NUMC|len=10|mods=PP-PI","TRANSFORMED","PKFK_DROPPED_FROM_NEO_OBJECT_KEYLIST","table_fields old_union=3 neo=3; key=""PK/FK"": OLD /object/AFFH lists it as PK, /neo/tables/AFFH lists it as PK+FK, /neo/object/AFFH lists it as NEITHER (model.nodes() filters key===""PK"" / key===""FK"" strictly). Field row itself and its key string survive on both NEO surfaces."
"AFFH.APLZL","AFFH","APLZL","PP-PI#6:key=PK|dt=NUMC|len=8","key=PK|dt=NUMC|len=8|mods=PP-PI","EXACT","—","table_fields old_union=3 neo=3"
"AFFH.FHMNR","AFFH","FHMNR","PP-PI#6:key=FK|dt=CHAR|len=18","key=FK|dt=CHAR|len=18|mods=PP-PI","EXACT","—","table_fields old_union=3 neo=3"
"AFFL.AUFPL","AFFL","AUFPL","PP-PI#6:key=PK/FK|dt=NUMC|len=10","key=PK/FK|dt=NUMC|len=10|mods=PP-PI","TRANSFORMED","PKFK_DROPPED_FROM_NEO_OBJECT_KEYLIST","table_fields old_union=4 neo=4; key=""PK/FK"": OLD /object/AFFL lists it as PK, /neo/tables/AFFL lists it as PK+FK, /neo/object/AFFL lists it as NEITHER (model.nodes() filters key===""PK"" / key===""FK"" strictly). Field row itself and its key string survive on both NEO surfaces."
"AFFL.APLFL","AFFL","APLFL","PP-PI#6:key=PK|dt=CHAR|len=6","key=PK|dt=CHAR|len=6|mods=PP-PI","EXACT","—","table_fields old_union=4 neo=4"
"AFFL.PLNFL","AFFL","PLNFL","PP-PI#6:key=-|dt=CHAR|len=6","key=-|dt=CHAR|len=6|mods=PP-PI","EXACT","—","table_fields old_union=4 neo=4"
"AFFL.FLGAT","AFFL","FLGAT","PP-PI#6:key=-|dt=CHAR|len=1","key=-|dt=CHAR|len=1|mods=PP-PI","EXACT","—","table_fields old_union=4 neo=4"
"AFIH.AUFNR","AFIH","AUFNR","PM#7:key=PK/FK|dt=|len=","key=PK/FK|dt=|len=|mods=PM","TRANSFORMED","PKFK_DROPPED_FROM_NEO_OBJECT_KEYLIST","table_fields old_union=6 neo=6; key=""PK/FK"": OLD /object/AFIH lists it as PK, /neo/tables/AFIH lists it as PK+FK, /neo/object/AFIH lists it as NEITHER (model.nodes() filters key===""PK"" / key===""FK"" strictly). Field row itself and its key string survive on both NEO surfaces."
"AFIH.EQUNR","AFIH","EQUNR","PM#7:key=FK|dt=|len=","key=FK|dt=|len=|mods=PM","EXACT","—","table_fields old_union=6 neo=6"
"AFIH.TPLNR","AFIH","TPLNR","PM#7:key=FK|dt=|len=","key=FK|dt=|len=|mods=PM","EXACT","—","table_fields old_union=6 neo=6"
"AFIH.ILART","AFIH","ILART","PM#7:key=-|dt=|len=","key=-|dt=|len=|mods=PM","EXACT","—","table_fields old_union=6 neo=6"
"AFIH.PRIOK","AFIH","PRIOK","PM#7:key=-|dt=|len=","key=-|dt=|len=|mods=PM","EXACT","—","table_fields old_union=6 neo=6"
"AFIH.GEWRK","AFIH","GEWRK","PM#7:key=FK|dt=|len=","key=FK|dt=|len=|mods=PM","EXACT","—","table_fields old_union=6 neo=6"
"AFKO.AUFNR","AFKO","AUFNR","PM#7:key=PK/FK|dt=|len= ;; PP-PI#6:key=PK/FK|dt=CHAR|len=12","key=PK/FK|dt=CHAR|len=12|mods=PM+PP-PI","TRANSFORMED","PKFK_DROPPED_FROM_NEO_OBJECT_KEYLIST","table_fields old_union=8 neo=8; documented by 2 dictionary rows, merged by mergedFields(); all stated attributes agree; key=""PK/FK"": OLD /object/AFKO lists it as PK, /neo/tables/AFKO lists it as PK+FK, /neo/object/AFKO lists it as NEITHER (model.nodes() filters key===""PK"" / key===""FK"" strictly). Field row itself and its key string survive on both NEO surfaces."
"AFKO.AUFPL","AFKO","AUFPL","PM#7:key=PK|dt=|len= ;; PP-PI#6:key=PK|dt=NUMC|len=10","key=PK|dt=NUMC|len=10|mods=PM+PP-PI","EXACT","—","table_fields old_union=8 neo=8; documented by 2 dictionary rows, merged by mergedFields(); all stated attributes agree"
"AFKO.GLTRP","AFKO","GLTRP","PM#7:key=-|dt=|len= ;; PP-PI#6:key=-|dt=DATS|len=8","key=-|dt=DATS|len=8|mods=PM+PP-PI","EXACT","—","table_fields old_union=8 neo=8; documented by 2 dictionary rows, merged by mergedFields(); all stated attributes agree"
"AFKO.GSTRP","AFKO","GSTRP","PM#7:key=-|dt=|len=","key=-|dt=|len=|mods=PM","EXACT","—","table_fields old_union=8 neo=8"
"AFKO.PLNBEZ","AFKO","PLNBEZ","PM#7:key=FK|dt=|len=","key=FK|dt=|len=|mods=PM","EXACT","—","table_fields old_union=8 neo=8"
"AFKO.GAMNG","AFKO","GAMNG","PP-PI#6:key=-|dt=QUAN|len=13","key=-|dt=QUAN|len=13|mods=PP-PI","EXACT","—","table_fields old_union=8 neo=8"
"AFKO.GMEIN","AFKO","GMEIN","PP-PI#6:key=FK|dt=UNIT|len=3","key=FK|dt=UNIT|len=3|mods=PP-PI","EXACT","—","table_fields old_union=8 neo=8"
"AFKO.VERID","AFKO","VERID","PP-PI#6:key=FK|dt=CHAR|len=4","key=FK|dt=CHAR|len=4|mods=PP-PI","EXACT","—","table_fields old_union=8 neo=8"
"AFPO.AUFNR","AFPO","AUFNR","PM#7:key=PK|dt=|len= ;; PP-PI#6:key=PK|dt=CHAR|len=12","key=PK|dt=CHAR|len=12|mods=PM+PP-PI","EXACT","—","table_fields old_union=6 neo=6; documented by 2 dictionary rows, merged by mergedFields(); all stated attributes agree"
"AFPO.POSNR","AFPO","POSNR","PM#7:key=PK|dt=|len= ;; PP-PI#6:key=PK|dt=NUMC|len=6","key=PK|dt=NUMC|len=6|mods=PM+PP-PI","EXACT","—","table_fields old_union=6 neo=6; documented by 2 dictionary rows, merged by mergedFields(); all stated attributes agree"
"AFPO.MATNR","AFPO","MATNR","PM#7:key=FK|dt=|len= ;; PP-PI#6:key=FK|dt=CHAR|len=18->40","key=FK|dt=CHAR|len=18->40|mods=PM+PP-PI","EXACT","—","table_fields old_union=6 neo=6; documented by 2 dictionary rows, merged by mergedFields(); all stated attributes agree"
"AFPO.PSAMG","AFPO","PSAMG","PM#7:key=-|dt=|len=","key=-|dt=|len=|mods=PM","EXACT","—","table_fields old_union=6 neo=6"
"AFPO.PSMNG","AFPO","PSMNG","PP-PI#6:key=-|dt=QUAN|len=13","key=-|dt=QUAN|len=13|mods=PP-PI","EXACT","—","table_fields old_union=6 neo=6"
"AFPO.CHARG","AFPO","CHARG","PP-PI#6:key=-|dt=CHAR|len=10","key=-|dt=CHAR|len=10|mods=PP-PI","EXACT","—","table_fields old_union=6 neo=6"
"AFRU.RUECK","AFRU","RUECK","PP-PI#6:key=PK|dt=NUMC|len=10","key=PK|dt=NUMC|len=10|mods=PP-PI","EXACT","—","table_fields old_union=5 neo=5"
"AFRU.RMZHL","AFRU","RMZHL","PP-PI#6:key=PK|dt=NUMC|len=8","key=PK|dt=NUMC|len=8|mods=PP-PI","EXACT","—","table_fields old_union=5 neo=5"
"AFRU.AUFNR","AFRU","AUFNR","PP-PI#6:key=FK|dt=CHAR|len=12","key=FK|dt=CHAR|len=12|mods=PP-PI","EXACT","—","table_fields old_union=5 neo=5"
"AFRU.LMNGA","AFRU","LMNGA","PP-PI#6:key=-|dt=QUAN|len=13","key=-|dt=QUAN|len=13|mods=PP-PI","EXACT","—","table_fields old_union=5 neo=5"
"AFRU.XMNGA","AFRU","XMNGA","PP-PI#6:key=-|dt=QUAN|len=13","key=-|dt=QUAN|len=13|mods=PP-PI","EXACT","—","table_fields old_union=5 neo=5"
"AFVC.AUFPL","AFVC","AUFPL","PM#7:key=PK|dt=|len= ;; PP-PI#6:key=PK|dt=NUMC|len=10","key=PK|dt=NUMC|len=10|mods=PM+PP-PI","EXACT","—","table_fields old_union=6 neo=6; documented by 2 dictionary rows, merged by mergedFields(); all stated attributes agree"
"AFVC.APLZL","AFVC","APLZL","PM#7:key=PK|dt=|len= ;; PP-PI#6:key=PK|dt=NUMC|len=8","key=PK|dt=NUMC|len=8|mods=PM+PP-PI","EXACT","—","table_fields old_union=6 neo=6; documented by 2 dictionary rows, merged by mergedFields(); all stated attributes agree"
"AFVC.VORNR","AFVC","VORNR","PM#7:key=-|dt=|len= ;; PP-PI#6:key=-|dt=CHAR|len=4","key=-|dt=CHAR|len=4|mods=PM+PP-PI","EXACT","—","table_fields old_union=6 neo=6; documented by 2 dictionary rows, merged by mergedFields(); all stated attributes agree"
"AFVC.ARBID","AFVC","ARBID","PM#7:key=FK|dt=|len= ;; PP-PI#6:key=FK|dt=NUMC|len=8","key=FK|dt=NUMC|len=8|mods=PM+PP-PI","EXACT","—","table_fields old_union=6 neo=6; documented by 2 dictionary rows, merged by mergedFields(); all stated attributes agree"
"AFVC.STEUS","AFVC","STEUS","PM#7:key=-|dt=|len= ;; PP-PI#6:key=FK|dt=CHAR|len=4","key=FK|dt=CHAR|len=4|mods=PM+PP-PI","TRANSFORMED","MERGED_ATTR_OVERWRITE","table_fields old_union=6 neo=6; documented by 2 dictionary rows, merged by mergedFields(); key stated -/FK -> NEO kept ""FK"""
"AFVC.LTXA1","AFVC","LTXA1","PM#7:key=-|dt=|len= ;; PP-PI#6:key=-|dt=CHAR|len=40","key=-|dt=CHAR|len=40|mods=PM+PP-PI","EXACT","—","table_fields old_union=6 neo=6; documented by 2 dictionary rows, merged by mergedFields(); all stated attributes agree"
"AFWI.RUECK","AFWI","RUECK","PM#7:key=PK/FK|dt=|len=","key=PK/FK|dt=|len=|mods=PM","TRANSFORMED","PKFK_DROPPED_FROM_NEO_OBJECT_KEYLIST","table_fields old_union=4 neo=4; key=""PK/FK"": OLD /object/AFWI lists it as PK, /neo/tables/AFWI lists it as PK+FK, /neo/object/AFWI lists it as NEITHER (model.nodes() filters key===""PK"" / key===""FK"" strictly). Field row itself and its key string survive on both NEO surfaces."
"AFWI.RMZHL","AFWI","RMZHL","PM#7:key=PK|dt=|len=","key=PK|dt=|len=|mods=PM","EXACT","—","table_fields old_union=4 neo=4"
"AFWI.MBLNR","AFWI","MBLNR","PM#7:key=FK|dt=|len=","key=FK|dt=|len=|mods=PM","EXACT","—","table_fields old_union=4 neo=4"
"AFWI.MATNR","AFWI","MATNR","PM#7:key=FK|dt=|len=","key=FK|dt=|len=|mods=PM","EXACT","—","table_fields old_union=4 neo=4"
"AUFK.AUFNR","AUFK","AUFNR","PM#7:key=PK|dt=|len= ;; PM#12:key=PK|dt=|len= ;; PP-PI#6:key=PK|dt=CHAR|len=12","key=PK|dt=CHAR|len=12|mods=PM+PP-PI","EXACT","—","table_fields old_union=8 neo=6; documented by 3 dictionary rows, merged by mergedFields(); all stated attributes agree"
"AUFK.AUART","AUFK","AUART","PM#7:key=FK|dt=|len= ;; PM#12:key=FK|dt=|len= ;; PP-PI#6:key=FK|dt=CHAR|len=4","key=FK|dt=CHAR|len=4|mods=PM+PP-PI","EXACT","—","table_fields old_union=8 neo=6; documented by 3 dictionary rows, merged by mergedFields(); all stated attributes agree"
"AUFK.KTEXT","AUFK","KTEXT","PM#7:key=-|dt=|len= ;; PP-PI#6:key=-|dt=CHAR|len=40","key=-|dt=CHAR|len=40|mods=PM+PP-PI","EXACT","—","table_fields old_union=8 neo=6; documented by 2 dictionary rows, merged by mergedFields(); all stated attributes agree"
"AUFK.OBJNR","AUFK","OBJNR","PM#7:key=FK|dt=|len= ;; PM#12:key=FK|dt=|len= ;; PP-PI#6:key=FK|dt=CHAR|len=22","key=FK|dt=CHAR|len=22|mods=PM+PP-PI","EXACT","—","table_fields old_union=8 neo=6; documented by 3 dictionary rows, merged by mergedFields(); all stated attributes agree"
"AUFK.KOSTV","AUFK","KOSTV","PM#7:key=FK|dt=|len=","key=FK|dt=|len=|mods=PM","EXACT","—","table_fields old_union=8 neo=6"
"AUFK.IDAT2","AUFK","IDAT2","PM#12:key=-|dt=|len=","—","MISSING","DROPPED_BY_MODULETABLES_DEDUPE","table_fields old_union=8 neo=6; field IS in data/sapData.ts but absent from mergedFields() in the NEO layer, because lib/module-portal.moduleTables() dedupes by tableName WITHIN a module and drops the second topic's row. Not reachable on /neo/tables/AUFK/ nor /neo/object/AUFK/. OLD /object/AUFK/ also misses it (ALL_TABLES.find takes the first row), so this is a dataset-vs-UI gap on BOTH sides, not a NEO-only regression."
"AUFK.ERDAT","AUFK","ERDAT","PM#12:key=-|dt=|len=","—","MISSING","DROPPED_BY_MODULETABLES_DEDUPE","table_fields old_union=8 neo=6; field IS in data/sapData.ts but absent from mergedFields() in the NEO layer, because lib/module-portal.moduleTables() dedupes by tableName WITHIN a module and drops the second topic's row. Not reachable on /neo/tables/AUFK/ nor /neo/object/AUFK/. OLD /object/AUFK/ also misses it (ALL_TABLES.find takes the first row), so this is a dataset-vs-UI gap on BOTH sides, not a NEO-only regression."
"AUFK.WERKS","AUFK","WERKS","PP-PI#6:key=FK|dt=CHAR|len=4","key=FK|dt=CHAR|len=4|mods=PP-PI","EXACT","—","table_fields old_union=8 neo=6"
"BUT000.PARTNER","BUT000","PARTNER","PM#9:key=PK|dt=|len= ;; PP-PI#7:key=PK|dt=CHAR|len=10","key=PK|dt=CHAR|len=10|mods=PM+PP-PI","EXACT","—","table_fields old_union=5 neo=5; documented by 2 dictionary rows, merged by mergedFields(); all stated attributes agree"
"BUT000.TYPE","BUT000","TYPE","PM#9:key=-|dt=|len= ;; PP-PI#7:key=-|dt=CHAR|len=1","key=-|dt=CHAR|len=1|mods=PM+PP-PI","EXACT","—","table_fields old_union=5 neo=5; documented by 2 dictionary rows, merged by mergedFields(); all stated attributes agree"
"BUT000.BU_GROUP","BUT000","BU_GROUP","PM#9:key=-|dt=|len= ;; PP-PI#7:key=FK|dt=CHAR|len=4","key=FK|dt=CHAR|len=4|mods=PM+PP-PI","TRANSFORMED","MERGED_ATTR_OVERWRITE","table_fields old_union=5 neo=5; documented by 2 dictionary rows, merged by mergedFields(); key stated -/FK -> NEO kept ""FK"""
"BUT000.BPKIND","BUT000","BPKIND","PM#9:key=-|dt=|len= ;; PP-PI#7:key=-|dt=CHAR|len=4","key=-|dt=CHAR|len=4|mods=PM+PP-PI","EXACT","—","table_fields old_union=5 neo=5; documented by 2 dictionary rows, merged by mergedFields(); all stated attributes agree"
"BUT000.NAME_ORG1","BUT000","NAME_ORG1","PM#9:key=-|dt=|len= ;; PP-PI#7:key=-|dt=CHAR|len=40","key=-|dt=CHAR|len=40|mods=PM+PP-PI","EXACT","—","table_fields old_union=5 neo=5; documented by 2 dictionary rows, merged by mergedFields(); all stated attributes agree"
"COBRA.OBJNR","COBRA","OBJNR","PM#10:key=PK/FK|dt=|len=","key=PK/FK|dt=|len=|mods=PM","TRANSFORMED","PKFK_DROPPED_FROM_NEO_OBJECT_KEYLIST","table_fields old_union=4 neo=4; key=""PK/FK"": OLD /object/COBRA lists it as PK, /neo/tables/COBRA lists it as PK+FK, /neo/object/COBRA lists it as NEITHER (model.nodes() filters key===""PK"" / key===""FK"" strictly). Field row itself and its key string survive on both NEO surfaces."
"COBRA.BUREG","COBRA","BUREG","PM#10:key=-|dt=|len=","key=-|dt=|len=|mods=PM","EXACT","—","table_fields old_union=4 neo=4"
"COBRA.PERBZ","COBRA","PERBZ","PM#10:key=-|dt=|len=","key=-|dt=|len=|mods=PM","EXACT","—","table_fields old_union=4 neo=4"
"COBRA.ERLKZ","COBRA","ERLKZ","PM#10:key=-|dt=|len=","key=-|dt=|len=|mods=PM","EXACT","—","table_fields old_union=4 neo=4"
"COBRB.OBJNR","COBRB","OBJNR","PM#10:key=PK/FK|dt=|len=","key=PK/FK|dt=|len=|mods=PM","TRANSFORMED","PKFK_DROPPED_FROM_NEO_OBJECT_KEYLIST","table_fields old_union=5 neo=5; key=""PK/FK"": OLD /object/COBRB lists it as PK, /neo/tables/COBRB lists it as PK+FK, /neo/object/COBRB lists it as NEITHER (model.nodes() filters key===""PK"" / key===""FK"" strictly). Field row itself and its key string survive on both NEO surfaces."
"COBRB.BUREG","COBRB","BUREG","PM#10:key=PK|dt=|len=","key=PK|dt=|len=|mods=PM","EXACT","—","table_fields old_union=5 neo=5"
"COBRB.KONTY","COBRB","KONTY","PM#10:key=-|dt=|len=","key=-|dt=|len=|mods=PM","EXACT","—","table_fields old_union=5 neo=5"
"COBRB.EMPGE","COBRB","EMPGE","PM#10:key=FK|dt=|len=","key=FK|dt=|len=|mods=PM","EXACT","—","table_fields old_union=5 neo=5"
"COBRB.PROZS","COBRB","PROZS","PM#10:key=-|dt=|len=","key=-|dt=|len=|mods=PM","EXACT","—","table_fields old_union=5 neo=5"
"COSP.OBJNR","COSP","OBJNR","PM#10:key=PK/FK|dt=|len=","key=PK/FK|dt=|len=|mods=PM","TRANSFORMED","PKFK_DROPPED_FROM_NEO_OBJECT_KEYLIST","table_fields old_union=5 neo=5; key=""PK/FK"": OLD /object/COSP lists it as PK, /neo/tables/COSP lists it as PK+FK, /neo/object/COSP lists it as NEITHER (model.nodes() filters key===""PK"" / key===""FK"" strictly). Field row itself and its key string survive on both NEO surfaces."
"COSP.KSTAR","COSP","KSTAR","PM#10:key=PK/FK|dt=|len=","key=PK/FK|dt=|len=|mods=PM","TRANSFORMED","PKFK_DROPPED_FROM_NEO_OBJECT_KEYLIST","table_fields old_union=5 neo=5; key=""PK/FK"": OLD /object/COSP lists it as PK, /neo/tables/COSP lists it as PK+FK, /neo/object/COSP lists it as NEITHER (model.nodes() filters key===""PK"" / key===""FK"" strictly). Field row itself and its key string survive on both NEO surfaces."
"COSP.WRTTP","COSP","WRTTP","PM#10:key=PK|dt=|len=","key=PK|dt=|len=|mods=PM","EXACT","—","table_fields old_union=5 neo=5"
"COSP.GJAHR","COSP","GJAHR","PM#10:key=PK|dt=|len=","key=PK|dt=|len=|mods=PM","EXACT","—","table_fields old_union=5 neo=5"
"COSP.WTG001","COSP","WTG001","PM#10:key=-|dt=|len=","key=-|dt=|len=|mods=PM","EXACT","—","table_fields old_union=5 neo=5"
"COSS.OBJNR","COSS","OBJNR","PM#10:key=PK/FK|dt=|len=","key=PK/FK|dt=|len=|mods=PM","TRANSFORMED","PKFK_DROPPED_FROM_NEO_OBJECT_KEYLIST","table_fields old_union=5 neo=5; key=""PK/FK"": OLD /object/COSS lists it as PK, /neo/tables/COSS lists it as PK+FK, /neo/object/COSS lists it as NEITHER (model.nodes() filters key===""PK"" / key===""FK"" strictly). Field row itself and its key string survive on both NEO surfaces."
"COSS.KSTAR","COSS","KSTAR","PM#10:key=PK/FK|dt=|len=","key=PK/FK|dt=|len=|mods=PM","TRANSFORMED","PKFK_DROPPED_FROM_NEO_OBJECT_KEYLIST","table_fields old_union=5 neo=5; key=""PK/FK"": OLD /object/COSS lists it as PK, /neo/tables/COSS lists it as PK+FK, /neo/object/COSS lists it as NEITHER (model.nodes() filters key===""PK"" / key===""FK"" strictly). Field row itself and its key string survive on both NEO surfaces."
"COSS.WRTTP","COSS","WRTTP","PM#10:key=PK|dt=|len=","key=PK|dt=|len=|mods=PM","EXACT","—","table_fields old_union=5 neo=5"
"COSS.GJAHR","COSS","GJAHR","PM#10:key=PK|dt=|len=","key=PK|dt=|len=|mods=PM","EXACT","—","table_fields old_union=5 neo=5"
"COSS.PARGB","COSS","PARGB","PM#10:key=FK|dt=|len=","key=FK|dt=|len=|mods=PM","EXACT","—","table_fields old_union=5 neo=5"
"CRCA.OBJTY","CRCA","OBJTY","PP-PI#5:key=PK/FK|dt=CHAR|len=2","key=PK/FK|dt=CHAR|len=2|mods=PP-PI","TRANSFORMED","PKFK_DROPPED_FROM_NEO_OBJECT_KEYLIST","table_fields old_union=4 neo=4; key=""PK/FK"": OLD /object/CRCA lists it as PK, /neo/tables/CRCA lists it as PK+FK, /neo/object/CRCA lists it as NEITHER (model.nodes() filters key===""PK"" / key===""FK"" strictly). Field row itself and its key string survive on both NEO surfaces."
"CRCA.OBJID","CRCA","OBJID","PP-PI#5:key=PK/FK|dt=NUMC|len=8","key=PK/FK|dt=NUMC|len=8|mods=PP-PI","TRANSFORMED","PKFK_DROPPED_FROM_NEO_OBJECT_KEYLIST","table_fields old_union=4 neo=4; key=""PK/FK"": OLD /object/CRCA lists it as PK, /neo/tables/CRCA lists it as PK+FK, /neo/object/CRCA lists it as NEITHER (model.nodes() filters key===""PK"" / key===""FK"" strictly). Field row itself and its key string survive on both NEO surfaces."
"CRCA.CAPID","CRCA","CAPID","PP-PI#5:key=PK|dt=CHAR|len=3","key=PK|dt=CHAR|len=3|mods=PP-PI","EXACT","—","table_fields old_union=4 neo=4"
"CRCA.KAPID","CRCA","KAPID","PP-PI#5:key=FK|dt=NUMC|len=8","key=FK|dt=NUMC|len=8|mods=PP-PI","EXACT","—","table_fields old_union=4 neo=4"
"CRCO.OBJTY","CRCO","OBJTY","PP-PI#5:key=PK/FK|dt=CHAR|len=2","key=PK/FK|dt=CHAR|len=2|mods=PP-PI","TRANSFORMED","PKFK_DROPPED_FROM_NEO_OBJECT_KEYLIST","table_fields old_union=6 neo=6; key=""PK/FK"": OLD /object/CRCO lists it as PK, /neo/tables/CRCO lists it as PK+FK, /neo/object/CRCO lists it as NEITHER (model.nodes() filters key===""PK"" / key===""FK"" strictly). Field row itself and its key string survive on both NEO surfaces."
"CRCO.OBJID","CRCO","OBJID","PP-PI#5:key=PK/FK|dt=NUMC|len=8","key=PK/FK|dt=NUMC|len=8|mods=PP-PI","TRANSFORMED","PKFK_DROPPED_FROM_NEO_OBJECT_KEYLIST","table_fields old_union=6 neo=6; key=""PK/FK"": OLD /object/CRCO lists it as PK, /neo/tables/CRCO lists it as PK+FK, /neo/object/CRCO lists it as NEITHER (model.nodes() filters key===""PK"" / key===""FK"" strictly). Field row itself and its key string survive on both NEO surfaces."
"CRCO.LANUM","CRCO","LANUM","PP-PI#5:key=PK|dt=NUMC|len=3","key=PK|dt=NUMC|len=3|mods=PP-PI","EXACT","—","table_fields old_union=6 neo=6"
"CRCO.KOKRS","CRCO","KOKRS","PP-PI#5:key=FK|dt=CHAR|len=4","key=FK|dt=CHAR|len=4|mods=PP-PI","EXACT","—","table_fields old_union=6 neo=6"
"CRCO.KOSTL","CRCO","KOSTL","PP-PI#5:key=FK|dt=CHAR|len=10","key=FK|dt=CHAR|len=10|mods=PP-PI","EXACT","—","table_fields old_union=6 neo=6"
"CRCO.LSTAR","CRCO","LSTAR","PP-PI#5:key=FK|dt=CHAR|len=6","key=FK|dt=CHAR|len=6|mods=PP-PI","EXACT","—","table_fields old_union=6 neo=6"
"CRFH.OBJTY","CRFH","OBJTY","PP-PI#5:key=PK|dt=CHAR|len=2","key=PK|dt=CHAR|len=2|mods=PP-PI","EXACT","—","table_fields old_union=4 neo=4"
"CRFH.OBJID","CRFH","OBJID","PP-PI#5:key=PK|dt=NUMC|len=8","key=PK|dt=NUMC|len=8|mods=PP-PI","EXACT","—","table_fields old_union=4 neo=4"
"CRFH.FHMNR","CRFH","FHMNR","PP-PI#5:key=-|dt=CHAR|len=18","key=-|dt=CHAR|len=18|mods=PP-PI","EXACT","—","table_fields old_union=4 neo=4"
"CRFH.FHMART","CRFH","FHMART","PP-PI#5:key=-|dt=CHAR|len=1","key=-|dt=CHAR|len=1|mods=PP-PI","EXACT","—","table_fields old_union=4 neo=4"
"CRHD.OBJID","CRHD","OBJID","PM#1:key=PK|dt=|len= ;; PP-PI#5:key=PK|dt=NUMC|len=8","key=PK|dt=NUMC|len=8|mods=PM+PP-PI","EXACT","—","table_fields old_union=7 neo=7; documented by 2 dictionary rows, merged by mergedFields(); all stated attributes agree"
"CRHD.ARBPL","CRHD","ARBPL","PM#1:key=-|dt=|len= ;; PP-PI#5:key=-|dt=CHAR|len=8","key=-|dt=CHAR|len=8|mods=PM+PP-PI","EXACT","—","table_fields old_union=7 neo=7; documented by 2 dictionary rows, merged by mergedFields(); all stated attributes agree"
"CRHD.OBJTY","CRHD","OBJTY","PM#1:key=PK|dt=|len= ;; PP-PI#5:key=PK|dt=CHAR|len=2","key=PK|dt=CHAR|len=2|mods=PM+PP-PI","EXACT","—","table_fields old_union=7 neo=7; documented by 2 dictionary rows, merged by mergedFields(); all stated attributes agree"
"CRHD.WERKS","CRHD","WERKS","PM#1:key=FK|dt=|len= ;; PP-PI#5:key=FK|dt=CHAR|len=4","key=FK|dt=CHAR|len=4|mods=PM+PP-PI","EXACT","—","table_fields old_union=7 neo=7; documented by 2 dictionary rows, merged by mergedFields(); all stated attributes agree"
"CRHD.VERWE","CRHD","VERWE","PM#1:key=-|dt=|len= ;; PP-PI#5:key=FK|dt=CHAR|len=4","key=FK|dt=CHAR|len=4|mods=PM+PP-PI","TRANSFORMED","MERGED_ATTR_OVERWRITE","table_fields old_union=7 neo=7; documented by 2 dictionary rows, merged by mergedFields(); key stated -/FK -> NEO kept ""FK"""
"CRHD.VERAN","CRHD","VERAN","PM#1:key=-|dt=|len= ;; PP-PI#5:key=-|dt=CHAR|len=3","key=-|dt=CHAR|len=3|mods=PM+PP-PI","EXACT","—","table_fields old_union=7 neo=7; documented by 2 dictionary rows, merged by mergedFields(); all stated attributes agree"
"CRHD.PLANV","CRHD","PLANV","PP-PI#5:key=-|dt=CHAR|len=3","key=-|dt=CHAR|len=3|mods=PP-PI","EXACT","—","table_fields old_union=7 neo=7"
"CRTX.OBJID","CRTX","OBJID","PM#1:key=PK/FK|dt=|len= ;; PP-PI#5:key=PK/FK|dt=NUMC|len=8","key=PK/FK|dt=NUMC|len=8|mods=PM+PP-PI","TRANSFORMED","PKFK_DROPPED_FROM_NEO_OBJECT_KEYLIST","table_fields old_union=4 neo=4; documented by 2 dictionary rows, merged by mergedFields(); all stated attributes agree; key=""PK/FK"": OLD /object/CRTX lists it as PK, /neo/tables/CRTX lists it as PK+FK, /neo/object/CRTX lists it as NEITHER (model.nodes() filters key===""PK"" / key===""FK"" strictly). Field row itself and its key string survive on both NEO surfaces."
"CRTX.SPRAS","CRTX","SPRAS","PM#1:key=PK|dt=|len= ;; PP-PI#5:key=PK|dt=LANG|len=1","key=PK|dt=LANG|len=1|mods=PM+PP-PI","EXACT","—","table_fields old_union=4 neo=4; documented by 2 dictionary rows, merged by mergedFields(); all stated attributes agree"
"CRTX.KTEXT","CRTX","KTEXT","PM#1:key=-|dt=|len= ;; PP-PI#5:key=-|dt=CHAR|len=40","key=-|dt=CHAR|len=40|mods=PM+PP-PI","EXACT","—","table_fields old_union=4 neo=4; documented by 2 dictionary rows, merged by mergedFields(); all stated attributes agree"
"CRTX.OBJTY","CRTX","OBJTY","PP-PI#5:key=PK/FK|dt=CHAR|len=2","key=PK/FK|dt=CHAR|len=2|mods=PP-PI","TRANSFORMED","PKFK_DROPPED_FROM_NEO_OBJECT_KEYLIST","table_fields old_union=4 neo=4; key=""PK/FK"": OLD /object/CRTX lists it as PK, /neo/tables/CRTX lists it as PK+FK, /neo/object/CRTX lists it as NEITHER (model.nodes() filters key===""PK"" / key===""FK"" strictly). Field row itself and its key string survive on both NEO surfaces."
"CRVD_A.OBJTY","CRVD_A","OBJTY","PP-PI#5:key=PK/FK|dt=CHAR|len=2","key=PK/FK|dt=CHAR|len=2|mods=PP-PI","TRANSFORMED","PKFK_DROPPED_FROM_NEO_OBJECT_KEYLIST","table_fields old_union=3 neo=3; key=""PK/FK"": OLD /object/CRVD_A lists it as PK, /neo/tables/CRVD_A lists it as PK+FK, /neo/object/CRVD_A lists it as NEITHER (model.nodes() filters key===""PK"" / key===""FK"" strictly). Field row itself and its key string survive on both NEO surfaces."
"CRVD_A.OBJID","CRVD_A","OBJID","PP-PI#5:key=PK/FK|dt=NUMC|len=8","key=PK/FK|dt=NUMC|len=8|mods=PP-PI","TRANSFORMED","PKFK_DROPPED_FROM_NEO_OBJECT_KEYLIST","table_fields old_union=3 neo=3; key=""PK/FK"": OLD /object/CRVD_A lists it as PK, /neo/tables/CRVD_A lists it as PK+FK, /neo/object/CRVD_A lists it as NEITHER (model.nodes() filters key===""PK"" / key===""FK"" strictly). Field row itself and its key string survive on both NEO surfaces."
"CRVD_A.STEUS","CRVD_A","STEUS","PP-PI#5:key=FK|dt=CHAR|len=4","key=FK|dt=CHAR|len=4|mods=PP-PI","EXACT","—","table_fields old_union=3 neo=3"
"CSLA.LSTAR","CSLA","LSTAR","PP-PI#5:key=PK|dt=CHAR|len=6","key=PK|dt=CHAR|len=6|mods=PP-PI","EXACT","—","table_fields old_union=3 neo=3"
"CSLA.KOKRS","CSLA","KOKRS","PP-PI#5:key=PK|dt=CHAR|len=4","key=PK|dt=CHAR|len=4|mods=PP-PI","EXACT","—","table_fields old_union=3 neo=3"
"CSLA.LEINH","CSLA","LEINH","PP-PI#5:key=-|dt=UNIT|len=3","key=-|dt=UNIT|len=3|mods=PP-PI","EXACT","—","table_fields old_union=3 neo=3"
"EBAN.BANFN","EBAN","BANFN","PM#9:key=PK|dt=|len=","key=PK|dt=|len=|mods=PM","EXACT","—","table_fields old_union=5 neo=5"
"EBAN.BNFPO","EBAN","BNFPO","PM#9:key=PK|dt=|len=","key=PK|dt=|len=|mods=PM","EXACT","—","table_fields old_union=5 neo=5"
"EBAN.MATNR","EBAN","MATNR","PM#9:key=FK|dt=|len=","key=FK|dt=|len=|mods=PM","EXACT","—","table_fields old_union=5 neo=5"
"EBAN.KNTTP","EBAN","KNTTP","PM#9:key=-|dt=|len=","key=-|dt=|len=|mods=PM","EXACT","—","table_fields old_union=5 neo=5"
"EBAN.MENGE","EBAN","MENGE","PM#9:key=-|dt=|len=","key=-|dt=|len=|mods=PM","EXACT","—","table_fields old_union=5 neo=5"
"EBKN.BANFN","EBKN","BANFN","PM#9:key=PK/FK|dt=|len=","key=PK/FK|dt=|len=|mods=PM","TRANSFORMED","PKFK_DROPPED_FROM_NEO_OBJECT_KEYLIST","table_fields old_union=5 neo=5; key=""PK/FK"": OLD /object/EBKN lists it as PK, /neo/tables/EBKN lists it as PK+FK, /neo/object/EBKN lists it as NEITHER (model.nodes() filters key===""PK"" / key===""FK"" strictly). Field row itself and its key string survive on both NEO surfaces."
"EBKN.BNFPO","EBKN","BNFPO","PM#9:key=PK/FK|dt=|len=","key=PK/FK|dt=|len=|mods=PM","TRANSFORMED","PKFK_DROPPED_FROM_NEO_OBJECT_KEYLIST","table_fields old_union=5 neo=5; key=""PK/FK"": OLD /object/EBKN lists it as PK, /neo/tables/EBKN lists it as PK+FK, /neo/object/EBKN lists it as NEITHER (model.nodes() filters key===""PK"" / key===""FK"" strictly). Field row itself and its key string survive on both NEO surfaces."
"EBKN.AUFNR","EBKN","AUFNR","PM#9:key=FK|dt=|len=","key=FK|dt=|len=|mods=PM","EXACT","—","table_fields old_union=5 neo=5"
"EBKN.KOSTL","EBKN","KOSTL","PM#9:key=FK|dt=|len=","key=FK|dt=|len=|mods=PM","EXACT","—","table_fields old_union=5 neo=5"
"EBKN.SAKTO","EBKN","SAKTO","PM#9:key=FK|dt=|len=","key=FK|dt=|len=|mods=PM","EXACT","—","table_fields old_union=5 neo=5"
"EQKT.EQUNR","EQKT","EQUNR","PM#2:key=PK/FK|dt=|len=","key=PK/FK|dt=|len=|mods=PM","TRANSFORMED","PKFK_DROPPED_FROM_NEO_OBJECT_KEYLIST","table_fields old_union=3 neo=3; key=""PK/FK"": OLD /object/EQKT lists it as PK, /neo/tables/EQKT lists it as PK+FK, /neo/object/EQKT lists it as NEITHER (model.nodes() filters key===""PK"" / key===""FK"" strictly). Field row itself and its key string survive on both NEO surfaces."
"EQKT.SPRAS","EQKT","SPRAS","PM#2:key=PK|dt=|len=","key=PK|dt=|len=|mods=PM","EXACT","—","table_fields old_union=3 neo=3"
"EQKT.EQKTX","EQKT","EQKTX","PM#2:key=-|dt=|len=","key=-|dt=|len=|mods=PM","EXACT","—","table_fields old_union=3 neo=3"
"EQST.EQUNR","EQST","EQUNR","PM#3:key=PK/FK|dt=|len=","key=PK/FK|dt=|len=|mods=PM","TRANSFORMED","PKFK_DROPPED_FROM_NEO_OBJECT_KEYLIST","table_fields old_union=4 neo=4; key=""PK/FK"": OLD /object/EQST lists it as PK, /neo/tables/EQST lists it as PK+FK, /neo/object/EQST lists it as NEITHER (model.nodes() filters key===""PK"" / key===""FK"" strictly). Field row itself and its key string survive on both NEO surfaces."
"EQST.STLNR","EQST","STLNR","PM#3:key=FK|dt=|len=","key=FK|dt=|len=|mods=PM","EXACT","—","table_fields old_union=4 neo=4"
"EQST.STLAL","EQST","STLAL","PM#3:key=PK|dt=|len=","key=PK|dt=|len=|mods=PM","EXACT","—","table_fields old_union=4 neo=4"
"EQST.STLAN","EQST","STLAN","PM#3:key=-|dt=|len=","key=-|dt=|len=|mods=PM","EXACT","—","table_fields old_union=4 neo=4"
"EQUI.EQUNR","EQUI","EQUNR","PM#2:key=PK|dt=|len=","key=PK|dt=|len=|mods=PM","EXACT","—","table_fields old_union=6 neo=6"
"EQUI.EQTYP","EQUI","EQTYP","PM#2:key=-|dt=|len=","key=-|dt=|len=|mods=PM","EXACT","—","table_fields old_union=6 neo=6"
"EQUI.EQART","EQUI","EQART","PM#2:key=-|dt=|len=","key=-|dt=|len=|mods=PM","EXACT","—","table_fields old_union=6 neo=6"
"EQUI.HERST","EQUI","HERST","PM#2:key=-|dt=|len=","key=-|dt=|len=|mods=PM","EXACT","—","table_fields old_union=6 neo=6"
"EQUI.TYPBZ","EQUI","TYPBZ","PM#2:key=-|dt=|len=","key=-|dt=|len=|mods=PM","EXACT","—","table_fields old_union=6 neo=6"
"EQUI.OBJNR","EQUI","OBJNR","PM#2:key=FK|dt=|len=","key=FK|dt=|len=|mods=PM","EXACT","—","table_fields old_union=6 neo=6"
"EQUZ.EQUNR","EQUZ","EQUNR","PM#2:key=PK/FK|dt=|len=","key=PK/FK|dt=|len=|mods=PM","TRANSFORMED","PKFK_DROPPED_FROM_NEO_OBJECT_KEYLIST","table_fields old_union=5 neo=5; key=""PK/FK"": OLD /object/EQUZ lists it as PK, /neo/tables/EQUZ lists it as PK+FK, /neo/object/EQUZ lists it as NEITHER (model.nodes() filters key===""PK"" / key===""FK"" strictly). Field row itself and its key string survive on both NEO surfaces."
"EQUZ.DATBI","EQUZ","DATBI","PM#2:key=PK|dt=|len=","key=PK|dt=|len=|mods=PM","EXACT","—","table_fields old_union=5 neo=5"
"EQUZ.HEQUI","EQUZ","HEQUI","PM#2:key=FK|dt=|len=","key=FK|dt=|len=|mods=PM","EXACT","—","table_fields old_union=5 neo=5"
"EQUZ.ILOAN","EQUZ","ILOAN","PM#2:key=FK|dt=|len=","key=FK|dt=|len=|mods=PM","EXACT","—","table_fields old_union=5 neo=5"
"EQUZ.EQLFN","EQUZ","EQLFN","PM#2:key=PK|dt=|len=","key=PK|dt=|len=|mods=PM","EXACT","—","table_fields old_union=5 neo=5"
"FHMI.PLNTY","FHMI","PLNTY","PP-PI#3:key=PK/FK|dt=CHAR|len=1","key=PK/FK|dt=CHAR|len=1|mods=PP-PI","TRANSFORMED","PKFK_DROPPED_FROM_NEO_OBJECT_KEYLIST","table_fields old_union=4 neo=4; key=""PK/FK"": OLD /object/FHMI lists it as PK, /neo/tables/FHMI lists it as PK+FK, /neo/object/FHMI lists it as NEITHER (model.nodes() filters key===""PK"" / key===""FK"" strictly). Field row itself and its key string survive on both NEO surfaces."
"FHMI.PLNNR","FHMI","PLNNR","PP-PI#3:key=PK/FK|dt=CHAR|len=8","key=PK/FK|dt=CHAR|len=8|mods=PP-PI","TRANSFORMED","PKFK_DROPPED_FROM_NEO_OBJECT_KEYLIST","table_fields old_union=4 neo=4; key=""PK/FK"": OLD /object/FHMI lists it as PK, /neo/tables/FHMI lists it as PK+FK, /neo/object/FHMI lists it as NEITHER (model.nodes() filters key===""PK"" / key===""FK"" strictly). Field row itself and its key string survive on both NEO surfaces."
"FHMI.PLNKN","FHMI","PLNKN","PP-PI#3:key=FK|dt=NUMC|len=8","key=FK|dt=NUMC|len=8|mods=PP-PI","EXACT","—","table_fields old_union=4 neo=4"
"FHMI.FHMNR","FHMI","FHMNR","PP-PI#3:key=FK|dt=CHAR|len=18","key=FK|dt=CHAR|len=18|mods=PP-PI","EXACT","—","table_fields old_union=4 neo=4"
"IFLOS.TPLNR","IFLOS","TPLNR","PM#1:key=PK/FK|dt=|len=","key=PK/FK|dt=|len=|mods=PM","TRANSFORMED","PKFK_DROPPED_FROM_NEO_OBJECT_KEYLIST","table_fields old_union=5 neo=5; key=""PK/FK"": OLD /object/IFLOS lists it as PK, /neo/tables/IFLOS lists it as PK+FK, /neo/object/IFLOS lists it as NEITHER (model.nodes() filters key===""PK"" / key===""FK"" strictly). Field row itself and its key string survive on both NEO surfaces."
"IFLOS.STRNO","IFLOS","STRNO","PM#1:key=-|dt=|len=","key=-|dt=|len=|mods=PM","EXACT","—","table_fields old_union=5 neo=5"
"IFLOS.TPLKZ","IFLOS","TPLKZ","PM#1:key=FK|dt=|len=","key=FK|dt=|len=|mods=PM","EXACT","—","table_fields old_union=5 neo=5"
"IFLOS.TPLVL","IFLOS","TPLVL","PM#1:key=-|dt=|len=","key=-|dt=|len=|mods=PM","EXACT","—","table_fields old_union=5 neo=5"
"IFLOS.BEGRU","IFLOS","BEGRU","PM#1:key=-|dt=|len=","key=-|dt=|len=|mods=PM","EXACT","—","table_fields old_union=5 neo=5"
"IFLOT.TPLNR","IFLOT","TPLNR","PM#1:key=PK|dt=|len=","key=PK|dt=|len=|mods=PM","EXACT","—","table_fields old_union=6 neo=6"
"IFLOT.STRNO","IFLOT","STRNO","PM#1:key=-|dt=|len=","key=-|dt=|len=|mods=PM","EXACT","—","table_fields old_union=6 neo=6"
"IFLOT.FLTYP","IFLOT","FLTYP","PM#1:key=-|dt=|len=","key=-|dt=|len=|mods=PM","EXACT","—","table_fields old_union=6 neo=6"
"IFLOT.TPLKZ","IFLOT","TPLKZ","PM#1:key=-|dt=|len=","key=-|dt=|len=|mods=PM","EXACT","—","table_fields old_union=6 neo=6"
"IFLOT.TPLMA","IFLOT","TPLMA","PM#1:key=FK|dt=|len=","key=FK|dt=|len=|mods=PM","EXACT","—","table_fields old_union=6 neo=6"
"IFLOT.OBJNR","IFLOT","OBJNR","PM#1:key=FK|dt=|len=","key=FK|dt=|len=|mods=PM","EXACT","—","table_fields old_union=6 neo=6"
"ILOA.ILOAN","ILOA","ILOAN","PM#1:key=PK|dt=|len=","key=PK|dt=|len=|mods=PM","EXACT","—","table_fields old_union=6 neo=6"
"ILOA.KOSTL","ILOA","KOSTL","PM#1:key=FK|dt=|len=","key=FK|dt=|len=|mods=PM","EXACT","—","table_fields old_union=6 neo=6"
"ILOA.SWERK","ILOA","SWERK","PM#1:key=FK|dt=|len=","key=FK|dt=|len=|mods=PM","EXACT","—","table_fields old_union=6 neo=6"
"ILOA.INGRP","ILOA","INGRP","PM#1:key=FK|dt=|len=","key=FK|dt=|len=|mods=PM","EXACT","—","table_fields old_union=6 neo=6"
"ILOA.GEWRK","ILOA","GEWRK","PM#1:key=FK|dt=|len=","key=FK|dt=|len=|mods=PM","EXACT","—","table_fields old_union=6 neo=6"
"ILOA.TPLNR","ILOA","TPLNR","PM#1:key=FK|dt=|len=","key=FK|dt=|len=|mods=PM","EXACT","—","table_fields old_union=6 neo=6"
"IMPTT.POINT","IMPTT","POINT","PM#4:key=PK|dt=|len=","key=PK|dt=|len=|mods=PM","EXACT","—","table_fields old_union=6 neo=6"
"IMPTT.MPOBJ","IMPTT","MPOBJ","PM#4:key=FK|dt=|len=","key=FK|dt=|len=|mods=PM","EXACT","—","table_fields old_union=6 neo=6"
"IMPTT.MPTYP","IMPTT","MPTYP","PM#4:key=-|dt=|len=","key=-|dt=|len=|mods=PM","EXACT","—","table_fields old_union=6 neo=6"
"IMPTT.ATINN","IMPTT","ATINN","PM#4:key=FK|dt=|len=","key=FK|dt=|len=|mods=PM","EXACT","—","table_fields old_union=6 neo=6"
"IMPTT.INDCT","IMPTT","INDCT","PM#4:key=-|dt=|len=","key=-|dt=|len=|mods=PM","EXACT","—","table_fields old_union=6 neo=6"
"IMPTT.DECIM","IMPTT","DECIM","PM#4:key=-|dt=|len=","key=-|dt=|len=|mods=PM","EXACT","—","table_fields old_union=6 neo=6"
"IMRG.MDOCM","IMRG","MDOCM","PM#4:key=PK|dt=|len=","key=PK|dt=|len=|mods=PM","EXACT","—","table_fields old_union=6 neo=6"
"IMRG.POINT","IMRG","POINT","PM#4:key=FK|dt=|len=","key=FK|dt=|len=|mods=PM","EXACT","—","table_fields old_union=6 neo=6"
"IMRG.RECDV","IMRG","RECDV","PM#4:key=-|dt=|len=","key=-|dt=|len=|mods=PM","EXACT","—","table_fields old_union=6 neo=6"
"IMRG.READG","IMRG","READG","PM#4:key=-|dt=|len=","key=-|dt=|len=|mods=PM","EXACT","—","table_fields old_union=6 neo=6"
"IMRG.CNTRR","IMRG","CNTRR","PM#4:key=-|dt=|len=","key=-|dt=|len=|mods=PM","EXACT","—","table_fields old_union=6 neo=6"
"IMRG.CDIFF","IMRG","CDIFF","PM#4:key=-|dt=|len=","key=-|dt=|len=|mods=PM","EXACT","—","table_fields old_union=6 neo=6"
"JEST.OBJNR","JEST","OBJNR","PM#8:key=PK|dt=|len= ;; PP-PI#7:key=PK|dt=CHAR|len=22","key=PK|dt=CHAR|len=22|mods=PM+PP-PI","EXACT","—","table_fields old_union=4 neo=4; documented by 2 dictionary rows, merged by mergedFields(); all stated attributes agree"
"JEST.STAT","JEST","STAT","PM#8:key=PK|dt=|len= ;; PP-PI#7:key=PK|dt=CHAR|len=5","key=PK|dt=CHAR|len=5|mods=PM+PP-PI","EXACT","—","table_fields old_union=4 neo=4; documented by 2 dictionary rows, merged by mergedFields(); all stated attributes agree"
"JEST.INACT","JEST","INACT","PM#8:key=-|dt=|len= ;; PP-PI#7:key=-|dt=CHAR|len=1","key=-|dt=CHAR|len=1|mods=PM+PP-PI","EXACT","—","table_fields old_union=4 neo=4; documented by 2 dictionary rows, merged by mergedFields(); all stated attributes agree"
"JEST.CHGNR","JEST","CHGNR","PM#8:key=-|dt=|len= ;; PP-PI#7:key=-|dt=CHAR|len=6","key=-|dt=CHAR|len=6|mods=PM+PP-PI","EXACT","—","table_fields old_union=4 neo=4; documented by 2 dictionary rows, merged by mergedFields(); all stated attributes agree"
"JSTO.OBJNR","JSTO","OBJNR","PM#8:key=PK|dt=|len= ;; PP-PI#7:key=PK|dt=CHAR|len=22","key=PK|dt=CHAR|len=22|mods=PM+PP-PI","EXACT","—","table_fields old_union=4 neo=4; documented by 2 dictionary rows, merged by mergedFields(); all stated attributes agree"
"JSTO.STSMA","JSTO","STSMA","PM#8:key=FK|dt=|len= ;; PP-PI#7:key=FK|dt=CHAR|len=8","key=FK|dt=CHAR|len=8|mods=PM+PP-PI","EXACT","—","table_fields old_union=4 neo=4; documented by 2 dictionary rows, merged by mergedFields(); all stated attributes agree"
"JSTO.OBTYP","JSTO","OBTYP","PM#8:key=-|dt=|len= ;; PP-PI#7:key=-|dt=CHAR|len=2","key=-|dt=CHAR|len=2|mods=PM+PP-PI","EXACT","—","table_fields old_union=4 neo=4; documented by 2 dictionary rows, merged by mergedFields(); all stated attributes agree"
"JSTO.CHGKZ","JSTO","CHGKZ","PM#8:key=-|dt=|len= ;; PP-PI#7:key=-|dt=CHAR|len=1","key=-|dt=CHAR|len=1|mods=PM+PP-PI","EXACT","—","table_fields old_union=4 neo=4; documented by 2 dictionary rows, merged by mergedFields(); all stated attributes agree"
"KAKO.KAPID","KAKO","KAPID","PP-PI#5:key=PK|dt=NUMC|len=8","key=PK|dt=NUMC|len=8|mods=PP-PI","EXACT","—","table_fields old_union=4 neo=4"
"KAKO.KAPAR","KAKO","KAPAR","PP-PI#5:key=-|dt=CHAR|len=3","key=-|dt=CHAR|len=3|mods=PP-PI","EXACT","—","table_fields old_union=4 neo=4"
"KAKO.AZNOR","KAKO","AZNOR","PP-PI#5:key=-|dt=DEC|len=3","key=-|dt=DEC|len=3|mods=PP-PI","EXACT","—","table_fields old_union=4 neo=4"
"KAKO.NGRAD","KAKO","NGRAD","PP-PI#5:key=-|dt=DEC|len=3","key=-|dt=DEC|len=3|mods=PP-PI","EXACT","—","table_fields old_union=4 neo=4"
"KAZT.KAPID","KAZT","KAPID","PP-PI#5:key=PK/FK|dt=NUMC|len=8","key=PK/FK|dt=NUMC|len=8|mods=PP-PI","TRANSFORMED","PKFK_DROPPED_FROM_NEO_OBJECT_KEYLIST","table_fields old_union=6 neo=6; key=""PK/FK"": OLD /object/KAZT lists it as PK, /neo/tables/KAZT lists it as PK+FK, /neo/object/KAZT lists it as NEITHER (model.nodes() filters key===""PK"" / key===""FK"" strictly). Field row itself and its key string survive on both NEO surfaces."
"KAZT.VERSN","KAZT","VERSN","PP-PI#5:key=PK|dt=NUMC|len=3","key=PK|dt=NUMC|len=3|mods=PP-PI","EXACT","—","table_fields old_union=6 neo=6"
"KAZT.TPROG","KAZT","TPROG","PP-PI#5:key=-|dt=CHAR|len=2","key=-|dt=CHAR|len=2|mods=PP-PI","EXACT","—","table_fields old_union=6 neo=6"
"KAZT.BEGZT","KAZT","BEGZT","PP-PI#5:key=-|dt=TIMS|len=6","key=-|dt=TIMS|len=6|mods=PP-PI","EXACT","—","table_fields old_union=6 neo=6"
"KAZT.ENDZT","KAZT","ENDZT","PP-PI#5:key=-|dt=TIMS|len=6","key=-|dt=TIMS|len=6|mods=PP-PI","EXACT","—","table_fields old_union=6 neo=6"
"KAZT.KAPAZ","KAZT","KAPAZ","PP-PI#5:key=-|dt=DEC|len=11","key=-|dt=DEC|len=11|mods=PP-PI","EXACT","—","table_fields old_union=6 neo=6"
"KDST.VBELN","KDST","VBELN","PP-PI#2:key=PK|dt=CHAR|len=10","key=PK|dt=CHAR|len=10|mods=PP-PI","EXACT","—","table_fields old_union=4 neo=4"
"KDST.POSNR","KDST","POSNR","PP-PI#2:key=PK|dt=NUMC|len=6","key=PK|dt=NUMC|len=6|mods=PP-PI","EXACT","—","table_fields old_union=4 neo=4"
"KDST.MATNR","KDST","MATNR","PP-PI#2:key=FK|dt=CHAR|len=18->40","key=FK|dt=CHAR|len=18->40|mods=PP-PI","EXACT","—","table_fields old_union=4 neo=4"
"KDST.STLNR","KDST","STLNR","PP-PI#2:key=FK|dt=CHAR|len=8","key=FK|dt=CHAR|len=8|mods=PP-PI","EXACT","—","table_fields old_union=4 neo=4"
"MAKT.MATNR","MAKT","MATNR","PP-PI#1:key=PK/FK|dt=CHAR|len=18->40","key=PK/FK|dt=CHAR|len=18->40|mods=PP-PI","TRANSFORMED","PKFK_DROPPED_FROM_NEO_OBJECT_KEYLIST","table_fields old_union=4 neo=4; key=""PK/FK"": OLD /object/MAKT lists it as PK, /neo/tables/MAKT lists it as PK+FK, /neo/object/MAKT lists it as NEITHER (model.nodes() filters key===""PK"" / key===""FK"" strictly). Field row itself and its key string survive on both NEO surfaces."
"MAKT.SPRAS","MAKT","SPRAS","PP-PI#1:key=PK|dt=LANG|len=1","key=PK|dt=LANG|len=1|mods=PP-PI","EXACT","—","table_fields old_union=4 neo=4"
"MAKT.MAKTX","MAKT","MAKTX","PP-PI#1:key=-|dt=CHAR|len=40","key=-|dt=CHAR|len=40|mods=PP-PI","EXACT","—","table_fields old_union=4 neo=4"
"MAKT.MAKTG","MAKT","MAKTG","PP-PI#1:key=-|dt=CHAR|len=40","key=-|dt=CHAR|len=40|mods=PP-PI","EXACT","—","table_fields old_union=4 neo=4"
"MAPL.MATNR","MAPL","MATNR","PP-PI#3:key=PK|dt=CHAR|len=18->40","key=PK|dt=CHAR|len=18->40|mods=PP-PI","EXACT","—","table_fields old_union=5 neo=5"
"MAPL.WERKS","MAPL","WERKS","PP-PI#3:key=PK|dt=CHAR|len=4","key=PK|dt=CHAR|len=4|mods=PP-PI","EXACT","—","table_fields old_union=5 neo=5"
"MAPL.PLNTY","MAPL","PLNTY","PP-PI#3:key=PK|dt=CHAR|len=1","key=PK|dt=CHAR|len=1|mods=PP-PI","EXACT","—","table_fields old_union=5 neo=5"
"MAPL.PLNNR","MAPL","PLNNR","PP-PI#3:key=PK|dt=CHAR|len=8","key=PK|dt=CHAR|len=8|mods=PP-PI","EXACT","—","table_fields old_union=5 neo=5"
"MAPL.PLNAL","MAPL","PLNAL","PP-PI#3:key=PK|dt=CHAR|len=2","key=PK|dt=CHAR|len=2|mods=PP-PI","EXACT","—","table_fields old_union=5 neo=5"
"MARA.MATNR","MARA","MATNR","PP-PI#1:key=PK|dt=CHAR|len=18->40","key=PK|dt=CHAR|len=18->40|mods=PP-PI","EXACT","—","table_fields old_union=8 neo=8"
"MARA.MTART","MARA","MTART","PP-PI#1:key=FK|dt=CHAR|len=4","key=FK|dt=CHAR|len=4|mods=PP-PI","EXACT","—","table_fields old_union=8 neo=8"
"MARA.MEINS","MARA","MEINS","PP-PI#1:key=FK|dt=UNIT|len=3","key=FK|dt=UNIT|len=3|mods=PP-PI","EXACT","—","table_fields old_union=8 neo=8"
"MARA.MATKL","MARA","MATKL","PP-PI#1:key=FK|dt=CHAR|len=9","key=FK|dt=CHAR|len=9|mods=PP-PI","EXACT","—","table_fields old_union=8 neo=8"
"MARA.GROES","MARA","GROES","PP-PI#1:key=-|dt=CHAR|len=32","key=-|dt=CHAR|len=32|mods=PP-PI","EXACT","—","table_fields old_union=8 neo=8"
"MARA.BRGEW","MARA","BRGEW","PP-PI#1:key=-|dt=QUAN|len=13","key=-|dt=QUAN|len=13|mods=PP-PI","EXACT","—","table_fields old_union=8 neo=8"
"MARA.NTGEW","MARA","NTGEW","PP-PI#1:key=-|dt=QUAN|len=13","key=-|dt=QUAN|len=13|mods=PP-PI","EXACT","—","table_fields old_union=8 neo=8"
"MARA.XCHPF","MARA","XCHPF","PP-PI#1:key=-|dt=CHAR|len=1","key=-|dt=CHAR|len=1|mods=PP-PI","EXACT","—","table_fields old_union=8 neo=8"
"MARC.MATNR","MARC","MATNR","PP-PI#1:key=PK|dt=CHAR|len=18->40","key=PK|dt=CHAR|len=18->40|mods=PP-PI","EXACT","—","table_fields old_union=8 neo=8"
"MARC.WERKS","MARC","WERKS","PP-PI#1:key=PK|dt=CHAR|len=4","key=PK|dt=CHAR|len=4|mods=PP-PI","EXACT","—","table_fields old_union=8 neo=8"
"MARC.DISPO","MARC","DISPO","PP-PI#1:key=FK|dt=CHAR|len=3","key=FK|dt=CHAR|len=3|mods=PP-PI","EXACT","—","table_fields old_union=8 neo=8"
"MARC.DISMM","MARC","DISMM","PP-PI#1:key=-|dt=CHAR|len=2","key=-|dt=CHAR|len=2|mods=PP-PI","EXACT","—","table_fields old_union=8 neo=8"
"MARC.BESKZ","MARC","BESKZ","PP-PI#1:key=-|dt=CHAR|len=1","key=-|dt=CHAR|len=1|mods=PP-PI","EXACT","—","table_fields old_union=8 neo=8"
"MARC.SOBSL","MARC","SOBSL","PP-PI#1:key=-|dt=CHAR|len=2","key=-|dt=CHAR|len=2|mods=PP-PI","EXACT","—","table_fields old_union=8 neo=8"
"MARC.FEVOR","MARC","FEVOR","PP-PI#1:key=FK|dt=CHAR|len=3","key=FK|dt=CHAR|len=3|mods=PP-PI","EXACT","—","table_fields old_union=8 neo=8"
"MARC.SERNP","MARC","SERNP","PP-PI#1:key=-|dt=CHAR|len=4","key=-|dt=CHAR|len=4|mods=PP-PI","EXACT","—","table_fields old_union=8 neo=8"
"MARD.MATNR","MARD","MATNR","PP-PI#1:key=PK|dt=CHAR|len=18->40","key=PK|dt=CHAR|len=18->40|mods=PP-PI","EXACT","—","table_fields old_union=5 neo=5"
"MARD.WERKS","MARD","WERKS","PP-PI#1:key=PK|dt=CHAR|len=4","key=PK|dt=CHAR|len=4|mods=PP-PI","EXACT","—","table_fields old_union=5 neo=5"
"MARD.LGORT","MARD","LGORT","PP-PI#1:key=PK|dt=CHAR|len=4","key=PK|dt=CHAR|len=4|mods=PP-PI","EXACT","—","table_fields old_union=5 neo=5"
"MARD.LABST","MARD","LABST","PP-PI#1:key=-|dt=QUAN|len=13","key=-|dt=QUAN|len=13|mods=PP-PI","EXACT","—","table_fields old_union=5 neo=5"
"MARD.INSME","MARD","INSME","PP-PI#1:key=-|dt=QUAN|len=13","key=-|dt=QUAN|len=13|mods=PP-PI","EXACT","—","table_fields old_union=5 neo=5"
"MARM.MATNR","MARM","MATNR","PP-PI#1:key=PK/FK|dt=CHAR|len=18->40","key=PK/FK|dt=CHAR|len=18->40|mods=PP-PI","TRANSFORMED","PKFK_DROPPED_FROM_NEO_OBJECT_KEYLIST","table_fields old_union=6 neo=6; key=""PK/FK"": OLD /object/MARM lists it as PK, /neo/tables/MARM lists it as PK+FK, /neo/object/MARM lists it as NEITHER (model.nodes() filters key===""PK"" / key===""FK"" strictly). Field row itself and its key string survive on both NEO surfaces."
"MARM.MEINH","MARM","MEINH","PP-PI#1:key=PK|dt=UNIT|len=3","key=PK|dt=UNIT|len=3|mods=PP-PI","EXACT","—","table_fields old_union=6 neo=6"
"MARM.UMREZ","MARM","UMREZ","PP-PI#1:key=-|dt=DEC|len=5","key=-|dt=DEC|len=5|mods=PP-PI","EXACT","—","table_fields old_union=6 neo=6"
"MARM.UMREN","MARM","UMREN","PP-PI#1:key=-|dt=DEC|len=5","key=-|dt=DEC|len=5|mods=PP-PI","EXACT","—","table_fields old_union=6 neo=6"
"MARM.EAN11","MARM","EAN11","PP-PI#1:key=-|dt=CHAR|len=18","key=-|dt=CHAR|len=18|mods=PP-PI","EXACT","—","table_fields old_union=6 neo=6"
"MARM.MESUB","MARM","MESUB","PP-PI#1:key=-|dt=UNIT|len=3","key=-|dt=UNIT|len=3|mods=PP-PI","EXACT","—","table_fields old_union=6 neo=6"
"MAST.MATNR","MAST","MATNR","PM#3:key=PK/FK|dt=|len= ;; PP-PI#2:key=PK/FK|dt=CHAR|len=18->40","key=PK/FK|dt=CHAR|len=18->40|mods=PM+PP-PI","TRANSFORMED","PKFK_DROPPED_FROM_NEO_OBJECT_KEYLIST","table_fields old_union=5 neo=5; documented by 2 dictionary rows, merged by mergedFields(); all stated attributes agree; key=""PK/FK"": OLD /object/MAST lists it as PK, /neo/tables/MAST lists it as PK+FK, /neo/object/MAST lists it as NEITHER (model.nodes() filters key===""PK"" / key===""FK"" strictly). Field row itself and its key string survive on both NEO surfaces."
"MAST.WERKS","MAST","WERKS","PM#3:key=PK|dt=|len= ;; PP-PI#2:key=PK|dt=CHAR|len=4","key=PK|dt=CHAR|len=4|mods=PM+PP-PI","EXACT","—","table_fields old_union=5 neo=5; documented by 2 dictionary rows, merged by mergedFields(); all stated attributes agree"
"MAST.STLAN","MAST","STLAN","PM#3:key=PK|dt=|len= ;; PP-PI#2:key=PK|dt=CHAR|len=1","key=PK|dt=CHAR|len=1|mods=PM+PP-PI","EXACT","—","table_fields old_union=5 neo=5; documented by 2 dictionary rows, merged by mergedFields(); all stated attributes agree"
"MAST.STLNR","MAST","STLNR","PM#3:key=PK/FK|dt=|len= ;; PP-PI#2:key=FK|dt=CHAR|len=8","key=PK/FK|dt=CHAR|len=8|mods=PM+PP-PI","TRANSFORMED","MERGED_ATTR_OVERWRITE+PKFK_DROPPED_FROM_NEO_OBJECT_KEYLIST","table_fields old_union=5 neo=5; documented by 2 dictionary rows, merged by mergedFields(); key stated PK/FK/FK -> NEO kept ""PK/FK""; key=""PK/FK"": OLD /object/MAST lists it as PK, /neo/tables/MAST lists it as PK+FK, /neo/object/MAST lists it as NEITHER (model.nodes() filters key===""PK"" / key===""FK"" strictly). Field row itself and its key string survive on both NEO surfaces."
"MAST.STLAL","MAST","STLAL","PM#3:key=-|dt=|len= ;; PP-PI#2:key=PK|dt=CHAR|len=2","key=PK|dt=CHAR|len=2|mods=PM+PP-PI","TRANSFORMED","MERGED_ATTR_OVERWRITE","table_fields old_union=5 neo=5; documented by 2 dictionary rows, merged by mergedFields(); key stated -/PK -> NEO kept ""PK"""
"MBEW.MATNR","MBEW","MATNR","PP-PI#1:key=PK/FK|dt=CHAR|len=18->40","key=PK/FK|dt=CHAR|len=18->40|mods=PP-PI","TRANSFORMED","PKFK_DROPPED_FROM_NEO_OBJECT_KEYLIST","table_fields old_union=6 neo=6; key=""PK/FK"": OLD /object/MBEW lists it as PK, /neo/tables/MBEW lists it as PK+FK, /neo/object/MBEW lists it as NEITHER (model.nodes() filters key===""PK"" / key===""FK"" strictly). Field row itself and its key string survive on both NEO surfaces."
"MBEW.BWKEY","MBEW","BWKEY","PP-PI#1:key=PK|dt=CHAR|len=4","key=PK|dt=CHAR|len=4|mods=PP-PI","EXACT","—","table_fields old_union=6 neo=6"
"MBEW.BWTAR","MBEW","BWTAR","PP-PI#1:key=PK|dt=CHAR|len=10","key=PK|dt=CHAR|len=10|mods=PP-PI","EXACT","—","table_fields old_union=6 neo=6"
"MBEW.VPRSV","MBEW","VPRSV","PP-PI#1:key=-|dt=CHAR|len=1","key=-|dt=CHAR|len=1|mods=PP-PI","EXACT","—","table_fields old_union=6 neo=6"
"MBEW.STPRS","MBEW","STPRS","PP-PI#1:key=-|dt=CURR|len=11","key=-|dt=CURR|len=11|mods=PP-PI","EXACT","—","table_fields old_union=6 neo=6"
"MBEW.PEINH","MBEW","PEINH","PP-PI#1:key=-|dt=DEC|len=5","key=-|dt=DEC|len=5|mods=PP-PI","EXACT","—","table_fields old_union=6 neo=6"
"MCH1.MATNR","MCH1","MATNR","PP-PI#1:key=PK/FK|dt=CHAR|len=18->40","key=PK/FK|dt=CHAR|len=18->40|mods=PP-PI","TRANSFORMED","PKFK_DROPPED_FROM_NEO_OBJECT_KEYLIST","table_fields old_union=7 neo=7; key=""PK/FK"": OLD /object/MCH1 lists it as PK, /neo/tables/MCH1 lists it as PK+FK, /neo/object/MCH1 lists it as NEITHER (model.nodes() filters key===""PK"" / key===""FK"" strictly). Field row itself and its key string survive on both NEO surfaces."
"MCH1.CHARG","MCH1","CHARG","PP-PI#1:key=PK|dt=CHAR|len=10","key=PK|dt=CHAR|len=10|mods=PP-PI","EXACT","—","table_fields old_union=7 neo=7"
"MCH1.ERSDA","MCH1","ERSDA","PP-PI#1:key=-|dt=DATS|len=8","key=-|dt=DATS|len=8|mods=PP-PI","EXACT","—","table_fields old_union=7 neo=7"
"MCH1.VFDAT","MCH1","VFDAT","PP-PI#1:key=-|dt=DATS|len=8","key=-|dt=DATS|len=8|mods=PP-PI","EXACT","—","table_fields old_union=7 neo=7"
"MCH1.HSDAT","MCH1","HSDAT","PP-PI#1:key=-|dt=DATS|len=8","key=-|dt=DATS|len=8|mods=PP-PI","EXACT","—","table_fields old_union=7 neo=7"
"MCH1.LICHA","MCH1","LICHA","PP-PI#1:key=-|dt=CHAR|len=15","key=-|dt=CHAR|len=15|mods=PP-PI","EXACT","—","table_fields old_union=7 neo=7"
"MCH1.ZUSTD","MCH1","ZUSTD","PP-PI#1:key=-|dt=CHAR|len=1","key=-|dt=CHAR|len=1|mods=PP-PI","EXACT","—","table_fields old_union=7 neo=7"
"MCHA.MATNR","MCHA","MATNR","PP-PI#1:key=PK/FK|dt=CHAR|len=18->40","key=PK/FK|dt=CHAR|len=18->40|mods=PP-PI","TRANSFORMED","PKFK_DROPPED_FROM_NEO_OBJECT_KEYLIST","table_fields old_union=4 neo=4; key=""PK/FK"": OLD /object/MCHA lists it as PK, /neo/tables/MCHA lists it as PK+FK, /neo/object/MCHA lists it as NEITHER (model.nodes() filters key===""PK"" / key===""FK"" strictly). Field row itself and its key string survive on both NEO surfaces."
"MCHA.WERKS","MCHA","WERKS","PP-PI#1:key=PK|dt=CHAR|len=4","key=PK|dt=CHAR|len=4|mods=PP-PI","EXACT","—","table_fields old_union=4 neo=4"
"MCHA.CHARG","MCHA","CHARG","PP-PI#1:key=PK/FK|dt=CHAR|len=10","key=PK/FK|dt=CHAR|len=10|mods=PP-PI","TRANSFORMED","PKFK_DROPPED_FROM_NEO_OBJECT_KEYLIST","table_fields old_union=4 neo=4; key=""PK/FK"": OLD /object/MCHA lists it as PK, /neo/tables/MCHA lists it as PK+FK, /neo/object/MCHA lists it as NEITHER (model.nodes() filters key===""PK"" / key===""FK"" strictly). Field row itself and its key string survive on both NEO surfaces."
"MCHA.ZUSCH","MCHA","ZUSCH","PP-PI#1:key=-|dt=CHAR|len=2","key=-|dt=CHAR|len=2|mods=PP-PI","EXACT","—","table_fields old_union=4 neo=4"
"MDMA.MATNR","MDMA","MATNR","PP-PI#1:key=PK/FK|dt=CHAR|len=18->40","key=PK/FK|dt=CHAR|len=18->40|mods=PP-PI","TRANSFORMED","PKFK_DROPPED_FROM_NEO_OBJECT_KEYLIST","table_fields old_union=4 neo=4; key=""PK/FK"": OLD /object/MDMA lists it as PK, /neo/tables/MDMA lists it as PK+FK, /neo/object/MDMA lists it as NEITHER (model.nodes() filters key===""PK"" / key===""FK"" strictly). Field row itself and its key string survive on both NEO surfaces."
"MDMA.WERKS","MDMA","WERKS","PP-PI#1:key=PK/FK|dt=CHAR|len=4","key=PK/FK|dt=CHAR|len=4|mods=PP-PI","TRANSFORMED","PKFK_DROPPED_FROM_NEO_OBJECT_KEYLIST","table_fields old_union=4 neo=4; key=""PK/FK"": OLD /object/MDMA lists it as PK, /neo/tables/MDMA lists it as PK+FK, /neo/object/MDMA lists it as NEITHER (model.nodes() filters key===""PK"" / key===""FK"" strictly). Field row itself and its key string survive on both NEO surfaces."
"MDMA.BERID","MDMA","BERID","PP-PI#1:key=PK|dt=CHAR|len=10","key=PK|dt=CHAR|len=10|mods=PP-PI","EXACT","—","table_fields old_union=4 neo=4"
"MDMA.DISMM","MDMA","DISMM","PP-PI#1:key=-|dt=CHAR|len=2","key=-|dt=CHAR|len=2|mods=PP-PI","EXACT","—","table_fields old_union=4 neo=4"
"MEAN.MATNR","MEAN","MATNR","PP-PI#1:key=PK/FK|dt=CHAR|len=18->40","key=PK/FK|dt=CHAR|len=18->40|mods=PP-PI","TRANSFORMED","PKFK_DROPPED_FROM_NEO_OBJECT_KEYLIST","table_fields old_union=5 neo=5; key=""PK/FK"": OLD /object/MEAN lists it as PK, /neo/tables/MEAN lists it as PK+FK, /neo/object/MEAN lists it as NEITHER (model.nodes() filters key===""PK"" / key===""FK"" strictly). Field row itself and its key string survive on both NEO surfaces."
"MEAN.MEINH","MEAN","MEINH","PP-PI#1:key=PK|dt=UNIT|len=3","key=PK|dt=UNIT|len=3|mods=PP-PI","EXACT","—","table_fields old_union=5 neo=5"
"MEAN.EAN11","MEAN","EAN11","PP-PI#1:key=PK|dt=CHAR|len=18","key=PK|dt=CHAR|len=18|mods=PP-PI","EXACT","—","table_fields old_union=5 neo=5"
"MEAN.EANTP","MEAN","EANTP","PP-PI#1:key=-|dt=CHAR|len=2","key=-|dt=CHAR|len=2|mods=PP-PI","EXACT","—","table_fields old_union=5 neo=5"
"MEAN.HPEAN","MEAN","HPEAN","PP-PI#1:key=-|dt=CHAR|len=1","key=-|dt=CHAR|len=1|mods=PP-PI","EXACT","—","table_fields old_union=5 neo=5"
"MHIO.WARPL","MHIO","WARPL","PM#11:key=PK/FK|dt=|len=","key=PK/FK|dt=|len=|mods=PM","TRANSFORMED","PKFK_DROPPED_FROM_NEO_OBJECT_KEYLIST","table_fields old_union=5 neo=5; key=""PK/FK"": OLD /object/MHIO lists it as PK, /neo/tables/MHIO lists it as PK+FK, /neo/object/MHIO lists it as NEITHER (model.nodes() filters key===""PK"" / key===""FK"" strictly). Field row itself and its key string survive on both NEO surfaces."
"MHIO.ABNUM","MHIO","ABNUM","PM#11:key=PK|dt=|len=","key=PK|dt=|len=|mods=PM","EXACT","—","table_fields old_union=5 neo=5"
"MHIO.NPLDA","MHIO","NPLDA","PM#11:key=-|dt=|len=","key=-|dt=|len=|mods=PM","EXACT","—","table_fields old_union=5 neo=5"
"MHIO.AUFNR","MHIO","AUFNR","PM#11:key=FK|dt=|len=","key=FK|dt=|len=|mods=PM","EXACT","—","table_fields old_union=5 neo=5"
"MHIO.ABRUF","MHIO","ABRUF","PM#11:key=-|dt=|len=","key=-|dt=|len=|mods=PM","EXACT","—","table_fields old_union=5 neo=5"
"MHIS.WARPL","MHIS","WARPL","PM#11:key=PK/FK|dt=|len=","key=PK/FK|dt=|len=|mods=PM","TRANSFORMED","PKFK_DROPPED_FROM_NEO_OBJECT_KEYLIST","table_fields old_union=4 neo=4; key=""PK/FK"": OLD /object/MHIS lists it as PK, /neo/tables/MHIS lists it as PK+FK, /neo/object/MHIS lists it as NEITHER (model.nodes() filters key===""PK"" / key===""FK"" strictly). Field row itself and its key string survive on both NEO surfaces."
"MHIS.ABNUM","MHIS","ABNUM","PM#11:key=PK|dt=|len=","key=PK|dt=|len=|mods=PM","EXACT","—","table_fields old_union=4 neo=4"
"MHIS.NTERM","MHIS","NTERM","PM#11:key=-|dt=|len=","key=-|dt=|len=|mods=PM","EXACT","—","table_fields old_union=4 neo=4"
"MHIS.HORIZ","MHIS","HORIZ","PM#11:key=-|dt=|len=","key=-|dt=|len=|mods=PM","EXACT","—","table_fields old_union=4 neo=4"
"MKAL.MATNR","MKAL","MATNR","PP-PI#4:key=PK/FK|dt=CHAR|len=18->40","key=PK/FK|dt=CHAR|len=18->40|mods=PP-PI","TRANSFORMED","PKFK_DROPPED_FROM_NEO_OBJECT_KEYLIST","table_fields old_union=15 neo=15; key=""PK/FK"": OLD /object/MKAL lists it as PK, /neo/tables/MKAL lists it as PK+FK, /neo/object/MKAL lists it as NEITHER (model.nodes() filters key===""PK"" / key===""FK"" strictly). Field row itself and its key string survive on both NEO surfaces."
"MKAL.WERKS","MKAL","WERKS","PP-PI#4:key=PK/FK|dt=CHAR|len=4","key=PK/FK|dt=CHAR|len=4|mods=PP-PI","TRANSFORMED","PKFK_DROPPED_FROM_NEO_OBJECT_KEYLIST","table_fields old_union=15 neo=15; key=""PK/FK"": OLD /object/MKAL lists it as PK, /neo/tables/MKAL lists it as PK+FK, /neo/object/MKAL lists it as NEITHER (model.nodes() filters key===""PK"" / key===""FK"" strictly). Field row itself and its key string survive on both NEO surfaces."
"MKAL.VERID","MKAL","VERID","PP-PI#4:key=PK|dt=CHAR|len=4","key=PK|dt=CHAR|len=4|mods=PP-PI","EXACT","—","table_fields old_union=15 neo=15"
"MKAL.TEXT1","MKAL","TEXT1","PP-PI#4:key=-|dt=CHAR|len=40","key=-|dt=CHAR|len=40|mods=PP-PI","EXACT","—","table_fields old_union=15 neo=15"
"MKAL.ADATU","MKAL","ADATU","PP-PI#4:key=-|dt=DATS|len=8","key=-|dt=DATS|len=8|mods=PP-PI","EXACT","—","table_fields old_union=15 neo=15"
"MKAL.BDATU","MKAL","BDATU","PP-PI#4:key=-|dt=DATS|len=8","key=-|dt=DATS|len=8|mods=PP-PI","EXACT","—","table_fields old_union=15 neo=15"
"MKAL.BSTMI","MKAL","BSTMI","PP-PI#4:key=-|dt=QUAN|len=13","key=-|dt=QUAN|len=13|mods=PP-PI","EXACT","—","table_fields old_union=15 neo=15"
"MKAL.BSTMA","MKAL","BSTMA","PP-PI#4:key=-|dt=QUAN|len=13","key=-|dt=QUAN|len=13|mods=PP-PI","EXACT","—","table_fields old_union=15 neo=15"
"MKAL.STLAL","MKAL","STLAL","PP-PI#4:key=FK|dt=CHAR|len=2","key=FK|dt=CHAR|len=2|mods=PP-PI","EXACT","—","table_fields old_union=15 neo=15"
"MKAL.STLAN","MKAL","STLAN","PP-PI#4:key=FK|dt=CHAR|len=1","key=FK|dt=CHAR|len=1|mods=PP-PI","EXACT","—","table_fields old_union=15 neo=15"
"MKAL.PLNTY","MKAL","PLNTY","PP-PI#4:key=FK|dt=CHAR|len=1","key=FK|dt=CHAR|len=1|mods=PP-PI","EXACT","—","table_fields old_union=15 neo=15"
"MKAL.PLNNR","MKAL","PLNNR","PP-PI#4:key=FK|dt=CHAR|len=8","key=FK|dt=CHAR|len=8|mods=PP-PI","EXACT","—","table_fields old_union=15 neo=15"
"MKAL.ALNAL","MKAL","ALNAL","PP-PI#4:key=FK|dt=CHAR|len=2","key=FK|dt=CHAR|len=2|mods=PP-PI","EXACT","—","table_fields old_union=15 neo=15"
"MKAL.MDV01","MKAL","MDV01","PP-PI#4:key=FK|dt=CHAR|len=8","key=FK|dt=CHAR|len=8|mods=PP-PI","EXACT","—","table_fields old_union=15 neo=15"
"MKAL.PRFG_NEW","MKAL","PRFG_NEW","PP-PI#4:key=-|dt=CHAR|len=1","key=-|dt=CHAR|len=1|mods=PP-PI","EXACT","—","table_fields old_union=15 neo=15"
"MKPF.MBLNR","MKPF","MBLNR","PM#9:key=PK|dt=|len=","key=PK|dt=|len=|mods=PM","EXACT","—","table_fields old_union=5 neo=5"
"MKPF.MJAHR","MKPF","MJAHR","PM#9:key=PK|dt=|len=","key=PK|dt=|len=|mods=PM","EXACT","—","table_fields old_union=5 neo=5"
"MKPF.BLDAT","MKPF","BLDAT","PM#9:key=-|dt=|len=","key=-|dt=|len=|mods=PM","EXACT","—","table_fields old_union=5 neo=5"
"MKPF.BUDAT","MKPF","BUDAT","PM#9:key=-|dt=|len=","key=-|dt=|len=|mods=PM","EXACT","—","table_fields old_union=5 neo=5"
"MKPF.USNAM","MKPF","USNAM","PM#9:key=-|dt=|len=","key=-|dt=|len=|mods=PM","EXACT","—","table_fields old_union=5 neo=5"
"MLAN.MATNR","MLAN","MATNR","PP-PI#1:key=PK/FK|dt=CHAR|len=18->40","key=PK/FK|dt=CHAR|len=18->40|mods=PP-PI","TRANSFORMED","PKFK_DROPPED_FROM_NEO_OBJECT_KEYLIST","table_fields old_union=3 neo=3; key=""PK/FK"": OLD /object/MLAN lists it as PK, /neo/tables/MLAN lists it as PK+FK, /neo/object/MLAN lists it as NEITHER (model.nodes() filters key===""PK"" / key===""FK"" strictly). Field row itself and its key string survive on both NEO surfaces."
"MLAN.ALAND","MLAN","ALAND","PP-PI#1:key=PK|dt=CHAR|len=3","key=PK|dt=CHAR|len=3|mods=PP-PI","EXACT","—","table_fields old_union=3 neo=3"
"MLAN.TAXM1","MLAN","TAXM1","PP-PI#1:key=-|dt=CHAR|len=1","key=-|dt=CHAR|len=1|mods=PP-PI","EXACT","—","table_fields old_union=3 neo=3"
"MLGN.MATNR","MLGN","MATNR","PP-PI#1:key=PK/FK|dt=CHAR|len=18->40","key=PK/FK|dt=CHAR|len=18->40|mods=PP-PI","TRANSFORMED","PKFK_DROPPED_FROM_NEO_OBJECT_KEYLIST","table_fields old_union=4 neo=4; key=""PK/FK"": OLD /object/MLGN lists it as PK, /neo/tables/MLGN lists it as PK+FK, /neo/object/MLGN lists it as NEITHER (model.nodes() filters key===""PK"" / key===""FK"" strictly). Field row itself and its key string survive on both NEO surfaces."
"MLGN.LGNUM","MLGN","LGNUM","PP-PI#1:key=PK|dt=CHAR|len=3","key=PK|dt=CHAR|len=3|mods=PP-PI","EXACT","—","table_fields old_union=4 neo=4"
"MLGN.LTKZA","MLGN","LTKZA","PP-PI#1:key=-|dt=CHAR|len=3","key=-|dt=CHAR|len=3|mods=PP-PI","EXACT","—","table_fields old_union=4 neo=4"
"MLGN.LTKZE","MLGN","LTKZE","PP-PI#1:key=-|dt=CHAR|len=3","key=-|dt=CHAR|len=3|mods=PP-PI","EXACT","—","table_fields old_union=4 neo=4"
"MLGT.MATNR","MLGT","MATNR","PP-PI#1:key=PK/FK|dt=CHAR|len=18->40","key=PK/FK|dt=CHAR|len=18->40|mods=PP-PI","TRANSFORMED","PKFK_DROPPED_FROM_NEO_OBJECT_KEYLIST","table_fields old_union=4 neo=4; key=""PK/FK"": OLD /object/MLGT lists it as PK, /neo/tables/MLGT lists it as PK+FK, /neo/object/MLGT lists it as NEITHER (model.nodes() filters key===""PK"" / key===""FK"" strictly). Field row itself and its key string survive on both NEO surfaces."
"MLGT.LGNUM","MLGT","LGNUM","PP-PI#1:key=PK/FK|dt=CHAR|len=3","key=PK/FK|dt=CHAR|len=3|mods=PP-PI","TRANSFORMED","PKFK_DROPPED_FROM_NEO_OBJECT_KEYLIST","table_fields old_union=4 neo=4; key=""PK/FK"": OLD /object/MLGT lists it as PK, /neo/tables/MLGT lists it as PK+FK, /neo/object/MLGT lists it as NEITHER (model.nodes() filters key===""PK"" / key===""FK"" strictly). Field row itself and its key string survive on both NEO surfaces."
"MLGT.LGTYP","MLGT","LGTYP","PP-PI#1:key=PK|dt=CHAR|len=3","key=PK|dt=CHAR|len=3|mods=PP-PI","EXACT","—","table_fields old_union=4 neo=4"
"MLGT.LPMAX","MLGT","LPMAX","PP-PI#1:key=-|dt=QUAN|len=13","key=-|dt=QUAN|len=13|mods=PP-PI","EXACT","—","table_fields old_union=4 neo=4"
"MPLA.WARPL","MPLA","WARPL","PM#11:key=PK|dt=|len=","key=PK|dt=|len=|mods=PM","EXACT","—","table_fields old_union=5 neo=5"
"MPLA.MPTYP","MPLA","MPTYP","PM#11:key=-|dt=|len=","key=-|dt=|len=|mods=PM","EXACT","—","table_fields old_union=5 neo=5"
"MPLA.STRAT","MPLA","STRAT","PM#11:key=FK|dt=|len=","key=FK|dt=|len=|mods=PM","EXACT","—","table_fields old_union=5 neo=5"
"MPLA.HORIZ","MPLA","HORIZ","PM#11:key=-|dt=|len=","key=-|dt=|len=|mods=PM","EXACT","—","table_fields old_union=5 neo=5"
"MPLA.ABRHO","MPLA","ABRHO","PM#11:key=-|dt=|len=","key=-|dt=|len=|mods=PM","EXACT","—","table_fields old_union=5 neo=5"
"MPOS.WAPOS","MPOS","WAPOS","PM#11:key=PK|dt=|len=","key=PK|dt=|len=|mods=PM","EXACT","—","table_fields old_union=6 neo=6"
"MPOS.WARPL","MPOS","WARPL","PM#11:key=FK|dt=|len=","key=FK|dt=|len=|mods=PM","EXACT","—","table_fields old_union=6 neo=6"
"MPOS.EQUNR","MPOS","EQUNR","PM#11:key=FK|dt=|len=","key=FK|dt=|len=|mods=PM","EXACT","—","table_fields old_union=6 neo=6"
"MPOS.TPLNR","MPOS","TPLNR","PM#11:key=FK|dt=|len=","key=FK|dt=|len=|mods=PM","EXACT","—","table_fields old_union=6 neo=6"
"MPOS.AUART","MPOS","AUART","PM#11:key=-|dt=|len=","key=-|dt=|len=|mods=PM","EXACT","—","table_fields old_union=6 neo=6"
"MPOS.PLNNR","MPOS","PLNNR","PM#11:key=FK|dt=|len=","key=FK|dt=|len=|mods=PM","EXACT","—","table_fields old_union=6 neo=6"
"MSEG.MBLNR","MSEG","MBLNR","PM#9:key=PK/FK|dt=|len=","key=PK/FK|dt=|len=|mods=PM","TRANSFORMED","PKFK_DROPPED_FROM_NEO_OBJECT_KEYLIST","table_fields old_union=6 neo=6; key=""PK/FK"": OLD /object/MSEG lists it as PK, /neo/tables/MSEG lists it as PK+FK, /neo/object/MSEG lists it as NEITHER (model.nodes() filters key===""PK"" / key===""FK"" strictly). Field row itself and its key string survive on both NEO surfaces."
"MSEG.ZEILE","MSEG","ZEILE","PM#9:key=PK|dt=|len=","key=PK|dt=|len=|mods=PM","EXACT","—","table_fields old_union=6 neo=6"
"MSEG.BWART","MSEG","BWART","PM#9:key=-|dt=|len=","key=-|dt=|len=|mods=PM","EXACT","—","table_fields old_union=6 neo=6"
"MSEG.MATNR","MSEG","MATNR","PM#9:key=FK|dt=|len=","key=FK|dt=|len=|mods=PM","EXACT","—","table_fields old_union=6 neo=6"
"MSEG.MENGE","MSEG","MENGE","PM#9:key=-|dt=|len=","key=-|dt=|len=|mods=PM","EXACT","—","table_fields old_union=6 neo=6"
"MSEG.AUFNR","MSEG","AUFNR","PM#9:key=FK|dt=|len=","key=FK|dt=|len=|mods=PM","EXACT","—","table_fields old_union=6 neo=6"
"MVKE.MATNR","MVKE","MATNR","PP-PI#1:key=PK/FK|dt=CHAR|len=18->40","key=PK/FK|dt=CHAR|len=18->40|mods=PP-PI","TRANSFORMED","PKFK_DROPPED_FROM_NEO_OBJECT_KEYLIST","table_fields old_union=4 neo=4; key=""PK/FK"": OLD /object/MVKE lists it as PK, /neo/tables/MVKE lists it as PK+FK, /neo/object/MVKE lists it as NEITHER (model.nodes() filters key===""PK"" / key===""FK"" strictly). Field row itself and its key string survive on both NEO surfaces."
"MVKE.VKORG","MVKE","VKORG","PP-PI#1:key=PK|dt=CHAR|len=4","key=PK|dt=CHAR|len=4|mods=PP-PI","EXACT","—","table_fields old_union=4 neo=4"
"MVKE.VTWEG","MVKE","VTWEG","PP-PI#1:key=PK|dt=CHAR|len=2","key=PK|dt=CHAR|len=2|mods=PP-PI","EXACT","—","table_fields old_union=4 neo=4"
"MVKE.MTPOS","MVKE","MTPOS","PP-PI#1:key=-|dt=CHAR|len=4","key=-|dt=CHAR|len=4|mods=PP-PI","EXACT","—","table_fields old_union=4 neo=4"
"OBJK.OBKNR","OBJK","OBKNR","PM#2:key=PK|dt=|len=","key=PK|dt=|len=|mods=PM","EXACT","—","table_fields old_union=5 neo=5"
"OBJK.EQUNR","OBJK","EQUNR","PM#2:key=FK|dt=|len=","key=FK|dt=|len=|mods=PM","EXACT","—","table_fields old_union=5 neo=5"
"OBJK.SERNR","OBJK","SERNR","PM#2:key=-|dt=|len=","key=-|dt=|len=|mods=PM","EXACT","—","table_fields old_union=5 neo=5"
"OBJK.MATNR","OBJK","MATNR","PM#2:key=FK|dt=|len=","key=FK|dt=|len=|mods=PM","EXACT","—","table_fields old_union=5 neo=5"
"OBJK.TASER","OBJK","TASER","PM#2:key=-|dt=|len=","key=-|dt=|len=|mods=PM","EXACT","—","table_fields old_union=5 neo=5"
"PLAS.PLNTY","PLAS","PLNTY","PP-PI#3:key=PK/FK|dt=CHAR|len=1","key=PK/FK|dt=CHAR|len=1|mods=PP-PI","TRANSFORMED","PKFK_DROPPED_FROM_NEO_OBJECT_KEYLIST","table_fields old_union=6 neo=6; key=""PK/FK"": OLD /object/PLAS lists it as PK, /neo/tables/PLAS lists it as PK+FK, /neo/object/PLAS lists it as NEITHER (model.nodes() filters key===""PK"" / key===""FK"" strictly). Field row itself and its key string survive on both NEO surfaces."
"PLAS.PLNNR","PLAS","PLNNR","PP-PI#3:key=PK/FK|dt=CHAR|len=8","key=PK/FK|dt=CHAR|len=8|mods=PP-PI","TRANSFORMED","PKFK_DROPPED_FROM_NEO_OBJECT_KEYLIST","table_fields old_union=6 neo=6; key=""PK/FK"": OLD /object/PLAS lists it as PK, /neo/tables/PLAS lists it as PK+FK, /neo/object/PLAS lists it as NEITHER (model.nodes() filters key===""PK"" / key===""FK"" strictly). Field row itself and its key string survive on both NEO surfaces."
"PLAS.PLNAL","PLAS","PLNAL","PP-PI#3:key=PK|dt=CHAR|len=2","key=PK|dt=CHAR|len=2|mods=PP-PI","EXACT","—","table_fields old_union=6 neo=6"
"PLAS.PLNKN","PLAS","PLNKN","PP-PI#3:key=PK|dt=NUMC|len=8","key=PK|dt=NUMC|len=8|mods=PP-PI","EXACT","—","table_fields old_union=6 neo=6"
"PLAS.ZAEHL","PLAS","ZAEHL","PP-PI#3:key=PK|dt=NUMC|len=8","key=PK|dt=NUMC|len=8|mods=PP-PI","EXACT","—","table_fields old_union=6 neo=6"
"PLAS.LOEKZ","PLAS","LOEKZ","PP-PI#3:key=-|dt=CHAR|len=1","key=-|dt=CHAR|len=1|mods=PP-PI","EXACT","—","table_fields old_union=6 neo=6"
"PLFL.PLNTY","PLFL","PLNTY","PP-PI#3:key=PK/FK|dt=CHAR|len=1","key=PK/FK|dt=CHAR|len=1|mods=PP-PI","TRANSFORMED","PKFK_DROPPED_FROM_NEO_OBJECT_KEYLIST","table_fields old_union=4 neo=4; key=""PK/FK"": OLD /object/PLFL lists it as PK, /neo/tables/PLFL lists it as PK+FK, /neo/object/PLFL lists it as NEITHER (model.nodes() filters key===""PK"" / key===""FK"" strictly). Field row itself and its key string survive on both NEO surfaces."
"PLFL.PLNNR","PLFL","PLNNR","PP-PI#3:key=PK/FK|dt=CHAR|len=8","key=PK/FK|dt=CHAR|len=8|mods=PP-PI","TRANSFORMED","PKFK_DROPPED_FROM_NEO_OBJECT_KEYLIST","table_fields old_union=4 neo=4; key=""PK/FK"": OLD /object/PLFL lists it as PK, /neo/tables/PLFL lists it as PK+FK, /neo/object/PLFL lists it as NEITHER (model.nodes() filters key===""PK"" / key===""FK"" strictly). Field row itself and its key string survive on both NEO surfaces."
"PLFL.PLNFL","PLFL","PLNFL","PP-PI#3:key=PK|dt=CHAR|len=6","key=PK|dt=CHAR|len=6|mods=PP-PI","EXACT","—","table_fields old_union=4 neo=4"
"PLFL.FLGAT","PLFL","FLGAT","PP-PI#3:key=-|dt=CHAR|len=1","key=-|dt=CHAR|len=1|mods=PP-PI","EXACT","—","table_fields old_union=4 neo=4"
"PLKO.PLNNR","PLKO","PLNNR","PM#11:key=PK|dt=|len= ;; PP-PI#3:key=PK|dt=CHAR|len=8","key=PK|dt=CHAR|len=8|mods=PM+PP-PI","EXACT","—","table_fields old_union=7 neo=7; documented by 2 dictionary rows, merged by mergedFields(); all stated attributes agree"
"PLKO.PLNAL","PLKO","PLNAL","PM#11:key=PK|dt=|len= ;; PP-PI#3:key=PK|dt=CHAR|len=2","key=PK|dt=CHAR|len=2|mods=PM+PP-PI","EXACT","—","table_fields old_union=7 neo=7; documented by 2 dictionary rows, merged by mergedFields(); all stated attributes agree"
"PLKO.PLNTY","PLKO","PLNTY","PM#11:key=PK|dt=|len= ;; PP-PI#3:key=PK|dt=CHAR|len=1","key=PK|dt=CHAR|len=1|mods=PM+PP-PI","EXACT","—","table_fields old_union=7 neo=7; documented by 2 dictionary rows, merged by mergedFields(); all stated attributes agree"
"PLKO.VERWE","PLKO","VERWE","PM#11:key=-|dt=|len= ;; PP-PI#3:key=FK|dt=CHAR|len=3","key=FK|dt=CHAR|len=3|mods=PM+PP-PI","TRANSFORMED","MERGED_ATTR_OVERWRITE","table_fields old_union=7 neo=7; documented by 2 dictionary rows, merged by mergedFields(); key stated -/FK -> NEO kept ""FK"""
"PLKO.STATU","PLKO","STATU","PM#11:key=-|dt=|len= ;; PP-PI#3:key=-|dt=CHAR|len=2","key=-|dt=CHAR|len=2|mods=PM+PP-PI","EXACT","—","table_fields old_union=7 neo=7; documented by 2 dictionary rows, merged by mergedFields(); all stated attributes agree"
"PLKO.LOSVN","PLKO","LOSVN","PP-PI#3:key=-|dt=QUAN|len=13","key=-|dt=QUAN|len=13|mods=PP-PI","EXACT","—","table_fields old_union=7 neo=7"
"PLKO.LOSBS","PLKO","LOSBS","PP-PI#3:key=-|dt=QUAN|len=13","key=-|dt=QUAN|len=13|mods=PP-PI","EXACT","—","table_fields old_union=7 neo=7"
"PLMK.PLNTY","PLMK","PLNTY","PP-PI#3:key=PK/FK|dt=CHAR|len=1","key=PK/FK|dt=CHAR|len=1|mods=PP-PI","TRANSFORMED","PKFK_DROPPED_FROM_NEO_OBJECT_KEYLIST","table_fields old_union=6 neo=6; key=""PK/FK"": OLD /object/PLMK lists it as PK, /neo/tables/PLMK lists it as PK+FK, /neo/object/PLMK lists it as NEITHER (model.nodes() filters key===""PK"" / key===""FK"" strictly). Field row itself and its key string survive on both NEO surfaces."
"PLMK.PLNNR","PLMK","PLNNR","PP-PI#3:key=PK/FK|dt=CHAR|len=8","key=PK/FK|dt=CHAR|len=8|mods=PP-PI","TRANSFORMED","PKFK_DROPPED_FROM_NEO_OBJECT_KEYLIST","table_fields old_union=6 neo=6; key=""PK/FK"": OLD /object/PLMK lists it as PK, /neo/tables/PLMK lists it as PK+FK, /neo/object/PLMK lists it as NEITHER (model.nodes() filters key===""PK"" / key===""FK"" strictly). Field row itself and its key string survive on both NEO surfaces."
"PLMK.MERKNR","PLMK","MERKNR","PP-PI#3:key=PK|dt=NUMC|len=4","key=PK|dt=NUMC|len=4|mods=PP-PI","EXACT","—","table_fields old_union=6 neo=6"
"PLMK.PLNKN","PLMK","PLNKN","PP-PI#3:key=FK|dt=NUMC|len=8","key=FK|dt=NUMC|len=8|mods=PP-PI","EXACT","—","table_fields old_union=6 neo=6"
"PLMK.VERWMERKM","PLMK","VERWMERKM","PP-PI#3:key=FK|dt=CHAR|len=8","key=FK|dt=CHAR|len=8|mods=PP-PI","EXACT","—","table_fields old_union=6 neo=6"
"PLMK.SOLLWERT","PLMK","SOLLWERT","PP-PI#3:key=-|dt=CHAR|len=18","key=-|dt=CHAR|len=18|mods=PP-PI","EXACT","—","table_fields old_union=6 neo=6"
"PLMZ.PLNTY","PLMZ","PLNTY","PP-PI#3:key=PK/FK|dt=CHAR|len=1","key=PK/FK|dt=CHAR|len=1|mods=PP-PI","TRANSFORMED","PKFK_DROPPED_FROM_NEO_OBJECT_KEYLIST","table_fields old_union=5 neo=5; key=""PK/FK"": OLD /object/PLMZ lists it as PK, /neo/tables/PLMZ lists it as PK+FK, /neo/object/PLMZ lists it as NEITHER (model.nodes() filters key===""PK"" / key===""FK"" strictly). Field row itself and its key string survive on both NEO surfaces."
"PLMZ.PLNNR","PLMZ","PLNNR","PP-PI#3:key=PK/FK|dt=CHAR|len=8","key=PK/FK|dt=CHAR|len=8|mods=PP-PI","TRANSFORMED","PKFK_DROPPED_FROM_NEO_OBJECT_KEYLIST","table_fields old_union=5 neo=5; key=""PK/FK"": OLD /object/PLMZ lists it as PK, /neo/tables/PLMZ lists it as PK+FK, /neo/object/PLMZ lists it as NEITHER (model.nodes() filters key===""PK"" / key===""FK"" strictly). Field row itself and its key string survive on both NEO surfaces."
"PLMZ.ZUONR","PLMZ","ZUONR","PP-PI#3:key=PK|dt=NUMC|len=8","key=PK|dt=NUMC|len=8|mods=PP-PI","EXACT","—","table_fields old_union=5 neo=5"
"PLMZ.PLNKN","PLMZ","PLNKN","PP-PI#3:key=FK|dt=NUMC|len=8","key=FK|dt=NUMC|len=8|mods=PP-PI","EXACT","—","table_fields old_union=5 neo=5"
"PLMZ.STLKN","PLMZ","STLKN","PP-PI#3:key=FK|dt=NUMC|len=8","key=FK|dt=NUMC|len=8|mods=PP-PI","EXACT","—","table_fields old_union=5 neo=5"
"PLPO.PLNTY","PLPO","PLNTY","PM#11:key=PK|dt=|len= ;; PP-PI#3:key=PK|dt=CHAR|len=1","key=PK|dt=CHAR|len=1|mods=PM+PP-PI","EXACT","—","table_fields old_union=10 neo=10; documented by 2 dictionary rows, merged by mergedFields(); all stated attributes agree"
"PLPO.PLNNR","PLPO","PLNNR","PM#11:key=PK|dt=|len= ;; PP-PI#3:key=PK|dt=CHAR|len=8","key=PK|dt=CHAR|len=8|mods=PM+PP-PI","EXACT","—","table_fields old_union=10 neo=10; documented by 2 dictionary rows, merged by mergedFields(); all stated attributes agree"
"PLPO.VORNR","PLPO","VORNR","PM#11:key=-|dt=|len= ;; PP-PI#3:key=-|dt=CHAR|len=4","key=-|dt=CHAR|len=4|mods=PM+PP-PI","EXACT","—","table_fields old_union=10 neo=10; documented by 2 dictionary rows, merged by mergedFields(); all stated attributes agree"
"PLPO.ARBID","PLPO","ARBID","PM#11:key=FK|dt=|len= ;; PP-PI#3:key=FK|dt=NUMC|len=8","key=FK|dt=NUMC|len=8|mods=PM+PP-PI","EXACT","—","table_fields old_union=10 neo=10; documented by 2 dictionary rows, merged by mergedFields(); all stated attributes agree"
"PLPO.STEUS","PLPO","STEUS","PM#11:key=-|dt=|len= ;; PP-PI#3:key=FK|dt=CHAR|len=4","key=FK|dt=CHAR|len=4|mods=PM+PP-PI","TRANSFORMED","MERGED_ATTR_OVERWRITE","table_fields old_union=10 neo=10; documented by 2 dictionary rows, merged by mergedFields(); key stated -/FK -> NEO kept ""FK"""
"PLPO.ARBEI","PLPO","ARBEI","PM#11:key=-|dt=|len=","key=-|dt=|len=|mods=PM","EXACT","—","table_fields old_union=10 neo=10"
"PLPO.PLNKN","PLPO","PLNKN","PP-PI#3:key=PK|dt=NUMC|len=8","key=PK|dt=NUMC|len=8|mods=PP-PI","EXACT","—","table_fields old_union=10 neo=10"
"PLPO.LTXA1","PLPO","LTXA1","PP-PI#3:key=-|dt=CHAR|len=40","key=-|dt=CHAR|len=40|mods=PP-PI","EXACT","—","table_fields old_union=10 neo=10"
"PLPO.VGW01","PLPO","VGW01","PP-PI#3:key=-|dt=QUAN|len=9","key=-|dt=QUAN|len=9|mods=PP-PI","EXACT","—","table_fields old_union=10 neo=10"
"PLPO.VGW02","PLPO","VGW02","PP-PI#3:key=-|dt=QUAN|len=9","key=-|dt=QUAN|len=9|mods=PP-PI","EXACT","—","table_fields old_union=10 neo=10"
"PLZU.PLNTY","PLZU","PLNTY","PP-PI#3:key=PK/FK|dt=CHAR|len=1","key=PK/FK|dt=CHAR|len=1|mods=PP-PI","TRANSFORMED","PKFK_DROPPED_FROM_NEO_OBJECT_KEYLIST","table_fields old_union=3 neo=3; key=""PK/FK"": OLD /object/PLZU lists it as PK, /neo/tables/PLZU lists it as PK+FK, /neo/object/PLZU lists it as NEITHER (model.nodes() filters key===""PK"" / key===""FK"" strictly). Field row itself and its key string survive on both NEO surfaces."
"PLZU.PLNNR","PLZU","PLNNR","PP-PI#3:key=PK/FK|dt=CHAR|len=8","key=PK/FK|dt=CHAR|len=8|mods=PP-PI","TRANSFORMED","PKFK_DROPPED_FROM_NEO_OBJECT_KEYLIST","table_fields old_union=3 neo=3; key=""PK/FK"": OLD /object/PLZU lists it as PK, /neo/tables/PLZU lists it as PK+FK, /neo/object/PLZU lists it as NEITHER (model.nodes() filters key===""PK"" / key===""FK"" strictly). Field row itself and its key string survive on both NEO surfaces."
"PLZU.AENNR","PLZU","AENNR","PP-PI#3:key=FK|dt=CHAR|len=12","key=FK|dt=CHAR|len=12|mods=PP-PI","EXACT","—","table_fields old_union=3 neo=3"
"QMAT.MATNR","QMAT","MATNR","PP-PI#1:key=PK/FK|dt=CHAR|len=18->40","key=PK/FK|dt=CHAR|len=18->40|mods=PP-PI","TRANSFORMED","PKFK_DROPPED_FROM_NEO_OBJECT_KEYLIST","table_fields old_union=4 neo=4; key=""PK/FK"": OLD /object/QMAT lists it as PK, /neo/tables/QMAT lists it as PK+FK, /neo/object/QMAT lists it as NEITHER (model.nodes() filters key===""PK"" / key===""FK"" strictly). Field row itself and its key string survive on both NEO surfaces."
"QMAT.WERKS","QMAT","WERKS","PP-PI#1:key=PK/FK|dt=CHAR|len=4","key=PK/FK|dt=CHAR|len=4|mods=PP-PI","TRANSFORMED","PKFK_DROPPED_FROM_NEO_OBJECT_KEYLIST","table_fields old_union=4 neo=4; key=""PK/FK"": OLD /object/QMAT lists it as PK, /neo/tables/QMAT lists it as PK+FK, /neo/object/QMAT lists it as NEITHER (model.nodes() filters key===""PK"" / key===""FK"" strictly). Field row itself and its key string survive on both NEO surfaces."
"QMAT.ART","QMAT","ART","PP-PI#1:key=PK|dt=CHAR|len=8","key=PK|dt=CHAR|len=8|mods=PP-PI","EXACT","—","table_fields old_union=4 neo=4"
"QMAT.AKTIV","QMAT","AKTIV","PP-PI#1:key=-|dt=CHAR|len=1","key=-|dt=CHAR|len=1|mods=PP-PI","EXACT","—","table_fields old_union=4 neo=4"
"QMEL.QMNUM","QMEL","QMNUM","PM#6:key=PK|dt=|len= ;; PM#12:key=PK|dt=|len=","key=PK|dt=|len=|mods=PM","EXACT","—","table_fields old_union=9 neo=6; documented by 2 dictionary rows, merged by mergedFields(); all stated attributes agree"
"QMEL.QMART","QMEL","QMART","PM#6:key=FK|dt=|len= ;; PM#12:key=FK|dt=|len=","key=FK|dt=|len=|mods=PM","EXACT","—","table_fields old_union=9 neo=6; documented by 2 dictionary rows, merged by mergedFields(); all stated attributes agree"
"QMEL.QMTXT","QMEL","QMTXT","PM#6:key=-|dt=|len=","key=-|dt=|len=|mods=PM","EXACT","—","table_fields old_union=9 neo=6"
"QMEL.EQUNR","QMEL","EQUNR","PM#6:key=FK|dt=|len=","key=FK|dt=|len=|mods=PM","EXACT","—","table_fields old_union=9 neo=6"
"QMEL.TPLNR","QMEL","TPLNR","PM#6:key=FK|dt=|len=","key=FK|dt=|len=|mods=PM","EXACT","—","table_fields old_union=9 neo=6"
"QMEL.OBJNR","QMEL","OBJNR","PM#6:key=FK|dt=|len=","key=FK|dt=|len=|mods=PM","EXACT","—","table_fields old_union=9 neo=6"
"QMEL.AUSVN","QMEL","AUSVN","PM#12:key=-|dt=|len=","—","MISSING","DROPPED_BY_MODULETABLES_DEDUPE","table_fields old_union=9 neo=6; field IS in data/sapData.ts but absent from mergedFields() in the NEO layer, because lib/module-portal.moduleTables() dedupes by tableName WITHIN a module and drops the second topic's row. Not reachable on /neo/tables/QMEL/ nor /neo/object/QMEL/. OLD /object/QMEL/ also misses it (ALL_TABLES.find takes the first row), so this is a dataset-vs-UI gap on BOTH sides, not a NEO-only regression."
"QMEL.AUSBS","QMEL","AUSBS","PM#12:key=-|dt=|len=","—","MISSING","DROPPED_BY_MODULETABLES_DEDUPE","table_fields old_union=9 neo=6; field IS in data/sapData.ts but absent from mergedFields() in the NEO layer, because lib/module-portal.moduleTables() dedupes by tableName WITHIN a module and drops the second topic's row. Not reachable on /neo/tables/QMEL/ nor /neo/object/QMEL/. OLD /object/QMEL/ also misses it (ALL_TABLES.find takes the first row), so this is a dataset-vs-UI gap on BOTH sides, not a NEO-only regression."
"QMEL.AUSZT","QMEL","AUSZT","PM#12:key=-|dt=|len=","—","MISSING","DROPPED_BY_MODULETABLES_DEDUPE","table_fields old_union=9 neo=6; field IS in data/sapData.ts but absent from mergedFields() in the NEO layer, because lib/module-portal.moduleTables() dedupes by tableName WITHIN a module and drops the second topic's row. Not reachable on /neo/tables/QMEL/ nor /neo/object/QMEL/. OLD /object/QMEL/ also misses it (ALL_TABLES.find takes the first row), so this is a dataset-vs-UI gap on BOTH sides, not a NEO-only regression."
"QMFE.QMNUM","QMFE","QMNUM","PM#6:key=PK/FK|dt=|len=","key=PK/FK|dt=|len=|mods=PM","TRANSFORMED","PKFK_DROPPED_FROM_NEO_OBJECT_KEYLIST","table_fields old_union=6 neo=6; key=""PK/FK"": OLD /object/QMFE lists it as PK, /neo/tables/QMFE lists it as PK+FK, /neo/object/QMFE lists it as NEITHER (model.nodes() filters key===""PK"" / key===""FK"" strictly). Field row itself and its key string survive on both NEO surfaces."
"QMFE.FENUM","QMFE","FENUM","PM#6:key=PK|dt=|len=","key=PK|dt=|len=|mods=PM","EXACT","—","table_fields old_union=6 neo=6"
"QMFE.FEGRP","QMFE","FEGRP","PM#6:key=-|dt=|len=","key=-|dt=|len=|mods=PM","EXACT","—","table_fields old_union=6 neo=6"
"QMFE.FECOD","QMFE","FECOD","PM#6:key=-|dt=|len=","key=-|dt=|len=|mods=PM","EXACT","—","table_fields old_union=6 neo=6"
"QMFE.OTGRP","QMFE","OTGRP","PM#6:key=-|dt=|len=","key=-|dt=|len=|mods=PM","EXACT","—","table_fields old_union=6 neo=6"
"QMFE.OTEIL","QMFE","OTEIL","PM#6:key=-|dt=|len=","key=-|dt=|len=|mods=PM","EXACT","—","table_fields old_union=6 neo=6"
"QMMA.QMNUM","QMMA","QMNUM","PM#6:key=PK/FK|dt=|len=","key=PK/FK|dt=|len=|mods=PM","TRANSFORMED","PKFK_DROPPED_FROM_NEO_OBJECT_KEYLIST","table_fields old_union=4 neo=4; key=""PK/FK"": OLD /object/QMMA lists it as PK, /neo/tables/QMMA lists it as PK+FK, /neo/object/QMMA lists it as NEITHER (model.nodes() filters key===""PK"" / key===""FK"" strictly). Field row itself and its key string survive on both NEO surfaces."
"QMMA.MANUM","QMMA","MANUM","PM#6:key=PK|dt=|len=","key=PK|dt=|len=|mods=PM","EXACT","—","table_fields old_union=4 neo=4"
"QMMA.MNGRP","QMMA","MNGRP","PM#6:key=-|dt=|len=","key=-|dt=|len=|mods=PM","EXACT","—","table_fields old_union=4 neo=4"
"QMMA.MNCOD","QMMA","MNCOD","PM#6:key=-|dt=|len=","key=-|dt=|len=|mods=PM","EXACT","—","table_fields old_union=4 neo=4"
"QMSM.QMNUM","QMSM","QMNUM","PM#6:key=PK/FK|dt=|len=","key=PK/FK|dt=|len=|mods=PM","TRANSFORMED","PKFK_DROPPED_FROM_NEO_OBJECT_KEYLIST","table_fields old_union=5 neo=5; key=""PK/FK"": OLD /object/QMSM lists it as PK, /neo/tables/QMSM lists it as PK+FK, /neo/object/QMSM lists it as NEITHER (model.nodes() filters key===""PK"" / key===""FK"" strictly). Field row itself and its key string survive on both NEO surfaces."
"QMSM.MANUM","QMSM","MANUM","PM#6:key=PK|dt=|len=","key=PK|dt=|len=|mods=PM","EXACT","—","table_fields old_union=5 neo=5"
"QMSM.MNGRP","QMSM","MNGRP","PM#6:key=-|dt=|len=","key=-|dt=|len=|mods=PM","EXACT","—","table_fields old_union=5 neo=5"
"QMSM.MNCOD","QMSM","MNCOD","PM#6:key=-|dt=|len=","key=-|dt=|len=|mods=PM","EXACT","—","table_fields old_union=5 neo=5"
"QMSM.PSTER","QMSM","PSTER","PM#6:key=-|dt=|len=","key=-|dt=|len=|mods=PM","EXACT","—","table_fields old_union=5 neo=5"
"QMUR.QMNUM","QMUR","QMNUM","PM#6:key=PK/FK|dt=|len=","key=PK/FK|dt=|len=|mods=PM","TRANSFORMED","PKFK_DROPPED_FROM_NEO_OBJECT_KEYLIST","table_fields old_union=5 neo=5; key=""PK/FK"": OLD /object/QMUR lists it as PK, /neo/tables/QMUR lists it as PK+FK, /neo/object/QMUR lists it as NEITHER (model.nodes() filters key===""PK"" / key===""FK"" strictly). Field row itself and its key string survive on both NEO surfaces."
"QMUR.FENUM","QMUR","FENUM","PM#6:key=PK/FK|dt=|len=","key=PK/FK|dt=|len=|mods=PM","TRANSFORMED","PKFK_DROPPED_FROM_NEO_OBJECT_KEYLIST","table_fields old_union=5 neo=5; key=""PK/FK"": OLD /object/QMUR lists it as PK, /neo/tables/QMUR lists it as PK+FK, /neo/object/QMUR lists it as NEITHER (model.nodes() filters key===""PK"" / key===""FK"" strictly). Field row itself and its key string survive on both NEO surfaces."
"QMUR.URNUM","QMUR","URNUM","PM#6:key=PK|dt=|len=","key=PK|dt=|len=|mods=PM","EXACT","—","table_fields old_union=5 neo=5"
"QMUR.URGRP","QMUR","URGRP","PM#6:key=-|dt=|len=","key=-|dt=|len=|mods=PM","EXACT","—","table_fields old_union=5 neo=5"
"QMUR.URCOD","QMUR","URCOD","PM#6:key=-|dt=|len=","key=-|dt=|len=|mods=PM","EXACT","—","table_fields old_union=5 neo=5"
"QPCD.KATALOGART","QPCD","KATALOGART","PM#5:key=PK|dt=|len=","key=PK|dt=|len=|mods=PM","EXACT","—","table_fields old_union=4 neo=4"
"QPCD.CODEGRUPPE","QPCD","CODEGRUPPE","PM#5:key=PK|dt=|len=","key=PK|dt=|len=|mods=PM","EXACT","—","table_fields old_union=4 neo=4"
"QPCD.CODE","QPCD","CODE","PM#5:key=PK|dt=|len=","key=PK|dt=|len=|mods=PM","EXACT","—","table_fields old_union=4 neo=4"
"QPCD.VERSION","QPCD","VERSION","PM#5:key=PK|dt=|len=","key=PK|dt=|len=|mods=PM","EXACT","—","table_fields old_union=4 neo=4"
"QPGR.KATALOGART","QPGR","KATALOGART","PM#5:key=PK|dt=|len=","key=PK|dt=|len=|mods=PM","EXACT","—","table_fields old_union=4 neo=4"
"QPGR.CODEGRUPPE","QPGR","CODEGRUPPE","PM#5:key=PK|dt=|len=","key=PK|dt=|len=|mods=PM","EXACT","—","table_fields old_union=4 neo=4"
"QPGR.STATUS","QPGR","STATUS","PM#5:key=-|dt=|len=","key=-|dt=|len=|mods=PM","EXACT","—","table_fields old_union=4 neo=4"
"QPGR.VERWMERKM","QPGR","VERWMERKM","PM#5:key=-|dt=|len=","key=-|dt=|len=|mods=PM","EXACT","—","table_fields old_union=4 neo=4"
"RESB.RSNUM","RESB","RSNUM","PM#9:key=PK|dt=|len= ;; PP-PI#6:key=PK|dt=NUMC|len=10","key=PK|dt=NUMC|len=10|mods=PM+PP-PI","EXACT","—","table_fields old_union=6 neo=6; documented by 2 dictionary rows, merged by mergedFields(); all stated attributes agree"
"RESB.RSPOS","RESB","RSPOS","PM#9:key=PK|dt=|len= ;; PP-PI#6:key=PK|dt=NUMC|len=4","key=PK|dt=NUMC|len=4|mods=PM+PP-PI","EXACT","—","table_fields old_union=6 neo=6; documented by 2 dictionary rows, merged by mergedFields(); all stated attributes agree"
"RESB.MATNR","RESB","MATNR","PM#9:key=FK|dt=|len= ;; PP-PI#6:key=FK|dt=CHAR|len=18->40","key=FK|dt=CHAR|len=18->40|mods=PM+PP-PI","EXACT","—","table_fields old_union=6 neo=6; documented by 2 dictionary rows, merged by mergedFields(); all stated attributes agree"
"RESB.BDMNG","RESB","BDMNG","PM#9:key=-|dt=|len= ;; PP-PI#6:key=-|dt=QUAN|len=13","key=-|dt=QUAN|len=13|mods=PM+PP-PI","EXACT","—","table_fields old_union=6 neo=6; documented by 2 dictionary rows, merged by mergedFields(); all stated attributes agree"
"RESB.ENMNG","RESB","ENMNG","PM#9:key=-|dt=|len= ;; PP-PI#6:key=-|dt=QUAN|len=13","key=-|dt=QUAN|len=13|mods=PM+PP-PI","EXACT","—","table_fields old_union=6 neo=6; documented by 2 dictionary rows, merged by mergedFields(); all stated attributes agree"
"RESB.AUFNR","RESB","AUFNR","PM#9:key=FK|dt=|len= ;; PP-PI#6:key=FK|dt=CHAR|len=12","key=FK|dt=CHAR|len=12|mods=PM+PP-PI","EXACT","—","table_fields old_union=6 neo=6; documented by 2 dictionary rows, merged by mergedFields(); all stated attributes agree"
"STAS.STLTY","STAS","STLTY","PP-PI#2:key=PK/FK|dt=CHAR|len=1","key=PK/FK|dt=CHAR|len=1|mods=PP-PI","TRANSFORMED","PKFK_DROPPED_FROM_NEO_OBJECT_KEYLIST","table_fields old_union=5 neo=5; key=""PK/FK"": OLD /object/STAS lists it as PK, /neo/tables/STAS lists it as PK+FK, /neo/object/STAS lists it as NEITHER (model.nodes() filters key===""PK"" / key===""FK"" strictly). Field row itself and its key string survive on both NEO surfaces."
"STAS.STLNR","STAS","STLNR","PP-PI#2:key=PK/FK|dt=CHAR|len=8","key=PK/FK|dt=CHAR|len=8|mods=PP-PI","TRANSFORMED","PKFK_DROPPED_FROM_NEO_OBJECT_KEYLIST","table_fields old_union=5 neo=5; key=""PK/FK"": OLD /object/STAS lists it as PK, /neo/tables/STAS lists it as PK+FK, /neo/object/STAS lists it as NEITHER (model.nodes() filters key===""PK"" / key===""FK"" strictly). Field row itself and its key string survive on both NEO surfaces."
"STAS.STLAL","STAS","STLAL","PP-PI#2:key=PK|dt=CHAR|len=2","key=PK|dt=CHAR|len=2|mods=PP-PI","EXACT","—","table_fields old_union=5 neo=5"
"STAS.STLKN","STAS","STLKN","PP-PI#2:key=FK|dt=NUMC|len=8","key=FK|dt=NUMC|len=8|mods=PP-PI","EXACT","—","table_fields old_union=5 neo=5"
"STAS.STASZ","STAS","STASZ","PP-PI#2:key=PK|dt=NUMC|len=8","key=PK|dt=NUMC|len=8|mods=PP-PI","EXACT","—","table_fields old_union=5 neo=5"
"STKO.STLNR","STKO","STLNR","PM#3:key=PK|dt=|len= ;; PP-PI#2:key=PK|dt=CHAR|len=8","key=PK|dt=CHAR|len=8|mods=PM+PP-PI","EXACT","—","table_fields old_union=6 neo=6; documented by 2 dictionary rows, merged by mergedFields(); all stated attributes agree"
"STKO.STLTY","STKO","STLTY","PM#3:key=PK|dt=|len= ;; PP-PI#2:key=PK|dt=CHAR|len=1","key=PK|dt=CHAR|len=1|mods=PM+PP-PI","EXACT","—","table_fields old_union=6 neo=6; documented by 2 dictionary rows, merged by mergedFields(); all stated attributes agree"
"STKO.STLAL","STKO","STLAL","PM#3:key=PK|dt=|len= ;; PP-PI#2:key=PK|dt=CHAR|len=2","key=PK|dt=CHAR|len=2|mods=PM+PP-PI","EXACT","—","table_fields old_union=6 neo=6; documented by 2 dictionary rows, merged by mergedFields(); all stated attributes agree"
"STKO.BMENG","STKO","BMENG","PM#3:key=-|dt=|len= ;; PP-PI#2:key=-|dt=QUAN|len=13","key=-|dt=QUAN|len=13|mods=PM+PP-PI","EXACT","—","table_fields old_union=6 neo=6; documented by 2 dictionary rows, merged by mergedFields(); all stated attributes agree"
"STKO.STLST","STKO","STLST","PM#3:key=-|dt=|len= ;; PP-PI#2:key=-|dt=NUMC|len=2","key=-|dt=NUMC|len=2|mods=PM+PP-PI","EXACT","—","table_fields old_union=6 neo=6; documented by 2 dictionary rows, merged by mergedFields(); all stated attributes agree"
"STKO.BMEIN","STKO","BMEIN","PP-PI#2:key=FK|dt=UNIT|len=3","key=FK|dt=UNIT|len=3|mods=PP-PI","EXACT","—","table_fields old_union=6 neo=6"
"STPO.STLNR","STPO","STLNR","PM#3:key=PK|dt=|len= ;; PP-PI#2:key=PK/FK|dt=CHAR|len=8","key=PK|dt=CHAR|len=8|mods=PM+PP-PI","TRANSFORMED","MERGED_ATTR_OVERWRITE","table_fields old_union=9 neo=9; documented by 2 dictionary rows, merged by mergedFields(); key stated PK/PK/FK -> NEO kept ""PK"""
"STPO.POSNR","STPO","POSNR","PM#3:key=PK|dt=|len= ;; PP-PI#2:key=-|dt=CHAR|len=4","key=PK|dt=CHAR|len=4|mods=PM+PP-PI","TRANSFORMED","MERGED_ATTR_OVERWRITE","table_fields old_union=9 neo=9; documented by 2 dictionary rows, merged by mergedFields(); key stated PK/- -> NEO kept ""PK"""
"STPO.IDNRK","STPO","IDNRK","PM#3:key=FK|dt=|len= ;; PP-PI#2:key=FK|dt=CHAR|len=18->40","key=FK|dt=CHAR|len=18->40|mods=PM+PP-PI","EXACT","—","table_fields old_union=9 neo=9; documented by 2 dictionary rows, merged by mergedFields(); all stated attributes agree"
"STPO.MENGE","STPO","MENGE","PM#3:key=-|dt=|len= ;; PP-PI#2:key=-|dt=QUAN|len=13","key=-|dt=QUAN|len=13|mods=PM+PP-PI","EXACT","—","table_fields old_union=9 neo=9; documented by 2 dictionary rows, merged by mergedFields(); all stated attributes agree"
"STPO.POSTP","STPO","POSTP","PM#3:key=-|dt=|len= ;; PP-PI#2:key=-|dt=CHAR|len=1","key=-|dt=CHAR|len=1|mods=PM+PP-PI","EXACT","—","table_fields old_union=9 neo=9; documented by 2 dictionary rows, merged by mergedFields(); all stated attributes agree"
"STPO.STLTY","STPO","STLTY","PP-PI#2:key=PK/FK|dt=CHAR|len=1","key=PK/FK|dt=CHAR|len=1|mods=PP-PI","TRANSFORMED","PKFK_DROPPED_FROM_NEO_OBJECT_KEYLIST","table_fields old_union=9 neo=9; key=""PK/FK"": OLD /object/STPO lists it as PK, /neo/tables/STPO lists it as PK+FK, /neo/object/STPO lists it as NEITHER (model.nodes() filters key===""PK"" / key===""FK"" strictly). Field row itself and its key string survive on both NEO surfaces."
"STPO.STLKN","STPO","STLKN","PP-PI#2:key=PK|dt=NUMC|len=8","key=PK|dt=NUMC|len=8|mods=PP-PI","EXACT","—","table_fields old_union=9 neo=9"
"STPO.MEINS","STPO","MEINS","PP-PI#2:key=FK|dt=UNIT|len=3","key=FK|dt=UNIT|len=3|mods=PP-PI","EXACT","—","table_fields old_union=9 neo=9"
"STPO.AUSCH","STPO","AUSCH","PP-PI#2:key=-|dt=DEC|len=6","key=-|dt=DEC|len=6|mods=PP-PI","EXACT","—","table_fields old_union=9 neo=9"
"STPU.STLKN","STPU","STLKN","PP-PI#2:key=PK/FK|dt=NUMC|len=8","key=PK/FK|dt=NUMC|len=8|mods=PP-PI","TRANSFORMED","PKFK_DROPPED_FROM_NEO_OBJECT_KEYLIST","table_fields old_union=3 neo=3; key=""PK/FK"": OLD /object/STPU lists it as PK, /neo/tables/STPU lists it as PK+FK, /neo/object/STPU lists it as NEITHER (model.nodes() filters key===""PK"" / key===""FK"" strictly). Field row itself and its key string survive on both NEO surfaces."
"STPU.SUMNR","STPU","SUMNR","PP-PI#2:key=PK|dt=NUMC|len=4","key=PK|dt=NUMC|len=4|mods=PP-PI","EXACT","—","table_fields old_union=3 neo=3"
"STPU.MENGE","STPU","MENGE","PP-PI#2:key=-|dt=QUAN|len=13","key=-|dt=QUAN|len=13|mods=PP-PI","EXACT","—","table_fields old_union=3 neo=3"
"STZU.STLTY","STZU","STLTY","PP-PI#2:key=PK/FK|dt=CHAR|len=1","key=PK/FK|dt=CHAR|len=1|mods=PP-PI","TRANSFORMED","PKFK_DROPPED_FROM_NEO_OBJECT_KEYLIST","table_fields old_union=4 neo=4; key=""PK/FK"": OLD /object/STZU lists it as PK, /neo/tables/STZU lists it as PK+FK, /neo/object/STZU lists it as NEITHER (model.nodes() filters key===""PK"" / key===""FK"" strictly). Field row itself and its key string survive on both NEO surfaces."
"STZU.STLNR","STZU","STLNR","PP-PI#2:key=PK/FK|dt=CHAR|len=8","key=PK/FK|dt=CHAR|len=8|mods=PP-PI","TRANSFORMED","PKFK_DROPPED_FROM_NEO_OBJECT_KEYLIST","table_fields old_union=4 neo=4; key=""PK/FK"": OLD /object/STZU lists it as PK, /neo/tables/STZU lists it as PK+FK, /neo/object/STZU lists it as NEITHER (model.nodes() filters key===""PK"" / key===""FK"" strictly). Field row itself and its key string survive on both NEO surfaces."
"STZU.STLAN","STZU","STLAN","PP-PI#2:key=-|dt=CHAR|len=1","key=-|dt=CHAR|len=1|mods=PP-PI","EXACT","—","table_fields old_union=4 neo=4"
"STZU.AENNR","STZU","AENNR","PP-PI#2:key=FK|dt=CHAR|len=12","key=FK|dt=CHAR|len=12|mods=PP-PI","EXACT","—","table_fields old_union=4 neo=4"
"T003O.AUART","T003O","AUART","PM#7:key=PK|dt=|len= ;; PP-PI#7:key=PK|dt=CHAR|len=4","key=PK|dt=CHAR|len=4|mods=PM+PP-PI","EXACT","—","table_fields old_union=5 neo=5; documented by 2 dictionary rows, merged by mergedFields(); all stated attributes agree"
"T003O.AUTYP","T003O","AUTYP","PM#7:key=-|dt=|len= ;; PP-PI#7:key=-|dt=NUMC|len=2","key=-|dt=NUMC|len=2|mods=PM+PP-PI","EXACT","—","table_fields old_union=5 neo=5; documented by 2 dictionary rows, merged by mergedFields(); all stated attributes agree"
"T003O.STSMA","T003O","STSMA","PM#7:key=FK|dt=|len= ;; PP-PI#7:key=FK|dt=CHAR|len=8","key=FK|dt=CHAR|len=8|mods=PM+PP-PI","EXACT","—","table_fields old_union=5 neo=5; documented by 2 dictionary rows, merged by mergedFields(); all stated attributes agree"
"T003O.NUMKR","T003O","NUMKR","PM#7:key=-|dt=|len=","key=-|dt=|len=|mods=PM","EXACT","—","table_fields old_union=5 neo=5"
"T003O.NUMKI","T003O","NUMKI","PP-PI#7:key=-|dt=CHAR|len=2","key=-|dt=CHAR|len=2|mods=PP-PI","EXACT","—","table_fields old_union=5 neo=5"
"T006.MSEHI","T006","MSEHI","PP-PI#1:key=PK|dt=UNIT|len=3","key=PK|dt=UNIT|len=3|mods=PP-PI","EXACT","—","table_fields old_union=5 neo=5"
"T006.DIMID","T006","DIMID","PP-PI#1:key=FK|dt=CHAR|len=6","key=FK|dt=CHAR|len=6|mods=PP-PI","EXACT","—","table_fields old_union=5 neo=5"
"T006.ZAEHL","T006","ZAEHL","PP-PI#1:key=-|dt=DEC|len=5","key=-|dt=DEC|len=5|mods=PP-PI","EXACT","—","table_fields old_union=5 neo=5"
"T006.NENNR","T006","NENNR","PP-PI#1:key=-|dt=DEC|len=5","key=-|dt=DEC|len=5|mods=PP-PI","EXACT","—","table_fields old_union=5 neo=5"
"T006.DECAN","T006","DECAN","PP-PI#1:key=-|dt=NUMC|len=1","key=-|dt=NUMC|len=1|mods=PP-PI","EXACT","—","table_fields old_union=5 neo=5"
"T023.MATKL","T023","MATKL","PP-PI#7:key=PK|dt=CHAR|len=9","key=PK|dt=CHAR|len=9|mods=PP-PI","EXACT","—","table_fields old_union=2 neo=2"
"T023.BKLAS","T023","BKLAS","PP-PI#7:key=-|dt=CHAR|len=4","key=-|dt=CHAR|len=4|mods=PP-PI","EXACT","—","table_fields old_union=2 neo=2"
"T023T.MATKL","T023T","MATKL","PP-PI#7:key=PK/FK|dt=CHAR|len=9","key=PK/FK|dt=CHAR|len=9|mods=PP-PI","TRANSFORMED","PKFK_DROPPED_FROM_NEO_OBJECT_KEYLIST","table_fields old_union=3 neo=3; key=""PK/FK"": OLD /object/T023T lists it as PK, /neo/tables/T023T lists it as PK+FK, /neo/object/T023T lists it as NEITHER (model.nodes() filters key===""PK"" / key===""FK"" strictly). Field row itself and its key string survive on both NEO surfaces."
"T023T.SPRAS","T023T","SPRAS","PP-PI#7:key=PK|dt=LANG|len=1","key=PK|dt=LANG|len=1|mods=PP-PI","EXACT","—","table_fields old_union=3 neo=3"
"T023T.WGBEZ","T023T","WGBEZ","PP-PI#7:key=-|dt=CHAR|len=20","key=-|dt=CHAR|len=20|mods=PP-PI","EXACT","—","table_fields old_union=3 neo=3"
"T134.MTART","T134","MTART","PP-PI#7:key=PK|dt=CHAR|len=4","key=PK|dt=CHAR|len=4|mods=PP-PI","EXACT","—","table_fields old_union=3 neo=3"
"T134.MBRSH","T134","MBRSH","PP-PI#7:key=-|dt=CHAR|len=1","key=-|dt=CHAR|len=1|mods=PP-PI","EXACT","—","table_fields old_union=3 neo=3"
"T134.KKREF","T134","KKREF","PP-PI#7:key=-|dt=CHAR|len=4","key=-|dt=CHAR|len=4|mods=PP-PI","EXACT","—","table_fields old_union=3 neo=3"
"T134T.MTART","T134T","MTART","PP-PI#7:key=PK/FK|dt=CHAR|len=4","key=PK/FK|dt=CHAR|len=4|mods=PP-PI","TRANSFORMED","PKFK_DROPPED_FROM_NEO_OBJECT_KEYLIST","table_fields old_union=3 neo=3; key=""PK/FK"": OLD /object/T134T lists it as PK, /neo/tables/T134T lists it as PK+FK, /neo/object/T134T lists it as NEITHER (model.nodes() filters key===""PK"" / key===""FK"" strictly). Field row itself and its key string survive on both NEO surfaces."
"T134T.SPRAS","T134T","SPRAS","PP-PI#7:key=PK|dt=LANG|len=1","key=PK|dt=LANG|len=1|mods=PP-PI","EXACT","—","table_fields old_union=3 neo=3"
"T134T.MTBEZ","T134T","MTBEZ","PP-PI#7:key=-|dt=CHAR|len=25","key=-|dt=CHAR|len=25|mods=PP-PI","EXACT","—","table_fields old_union=3 neo=3"
"T352.RBNR","T352","RBNR","PM#5:key=PK|dt=|len=","key=PK|dt=|len=|mods=PM","EXACT","—","table_fields old_union=3 neo=3"
"T352.HERKZ","T352","HERKZ","PM#5:key=-|dt=|len=","key=-|dt=|len=|mods=PM","EXACT","—","table_fields old_union=3 neo=3"
"T352.RBNRX","T352","RBNRX","PM#5:key=-|dt=|len=","key=-|dt=|len=|mods=PM","EXACT","—","table_fields old_union=3 neo=3"
"T352B.RBNR","T352B","RBNR","PM#5:key=PK|dt=|len=","key=PK|dt=|len=|mods=PM","EXACT","—","table_fields old_union=4 neo=4"
"T352B.KATALOGART","T352B","KATALOGART","PM#5:key=PK|dt=|len=","key=PK|dt=|len=|mods=PM","EXACT","—","table_fields old_union=4 neo=4"
"T352B.CODEGRUPPE","T352B","CODEGRUPPE","PM#5:key=FK|dt=|len=","key=FK|dt=|len=|mods=PM","EXACT","—","table_fields old_union=4 neo=4"
"T352B.AUSWMENGEN","T352B","AUSWMENGEN","PM#5:key=-|dt=|len=","key=-|dt=|len=|mods=PM","EXACT","—","table_fields old_union=4 neo=4"
"T370T.SPRAS","T370T","SPRAS","PM#1:key=PK|dt=|len=","key=PK|dt=|len=|mods=PM","EXACT","—","table_fields old_union=3 neo=3"
"T370T.FLTYP","T370T","FLTYP","PM#1:key=PK|dt=|len=","key=PK|dt=|len=|mods=PM","EXACT","—","table_fields old_union=3 neo=3"
"T370T.FLTYPT","T370T","FLTYPT","PM#1:key=-|dt=|len=","key=-|dt=|len=|mods=PM","EXACT","—","table_fields old_union=3 neo=3"
"T399X.WERKS","T399X","WERKS","PP-PI#7:key=PK|dt=CHAR|len=4","key=PK|dt=CHAR|len=4|mods=PP-PI","EXACT","—","table_fields old_union=4 neo=4"
"T399X.AUART","T399X","AUART","PP-PI#7:key=PK|dt=CHAR|len=4","key=PK|dt=CHAR|len=4|mods=PP-PI","EXACT","—","table_fields old_union=4 neo=4"
"T399X.APROFIL","T399X","APROFIL","PP-PI#7:key=-|dt=CHAR|len=4","key=-|dt=CHAR|len=4|mods=PP-PI","EXACT","—","table_fields old_union=4 neo=4"
"T399X.TERHO","T399X","TERHO","PP-PI#7:key=-|dt=NUMC|len=3","key=-|dt=NUMC|len=3|mods=PP-PI","EXACT","—","table_fields old_union=4 neo=4"
"T438M.DISMM","T438M","DISMM","PP-PI#7:key=PK|dt=CHAR|len=2","key=PK|dt=CHAR|len=2|mods=PP-PI","EXACT","—","table_fields old_union=2 neo=2"
"T438M.DISVF","T438M","DISVF","PP-PI#7:key=-|dt=CHAR|len=1","key=-|dt=CHAR|len=1|mods=PP-PI","EXACT","—","table_fields old_union=2 neo=2"
"TC22.STEUS","TC22","STEUS","PP-PI#7:key=PK|dt=CHAR|len=4","key=PK|dt=CHAR|len=4|mods=PP-PI","EXACT","—","table_fields old_union=4 neo=4"
"TC22.RUECK","TC22","RUECK","PP-PI#7:key=-|dt=CHAR|len=1","key=-|dt=CHAR|len=1|mods=PP-PI","EXACT","—","table_fields old_union=4 neo=4"
"TC22.BANFK","TC22","BANFK","PP-PI#7:key=-|dt=CHAR|len=1","key=-|dt=CHAR|len=1|mods=PP-PI","EXACT","—","table_fields old_union=4 neo=4"
"TC22.PROZESS","TC22","PROZESS","PP-PI#7:key=-|dt=CHAR|len=1","key=-|dt=CHAR|len=1|mods=PP-PI","EXACT","—","table_fields old_union=4 neo=4"
"TC60.STEUS","TC60","STEUS","PP-PI#3:key=PK|dt=CHAR|len=4","key=PK|dt=CHAR|len=4|mods=PP-PI","EXACT","—","table_fields old_union=3 neo=3"
"TC60.PVZNR","TC60","PVZNR","PP-PI#3:key=PK|dt=NUMC|len=4","key=PK|dt=NUMC|len=4|mods=PP-PI","EXACT","—","table_fields old_union=3 neo=3"
"TC60.ATNAM","TC60","ATNAM","PP-PI#3:key=FK|dt=CHAR|len=30","key=FK|dt=CHAR|len=30|mods=PP-PI","EXACT","—","table_fields old_union=3 neo=3"
"TCA01.PROFIDNETZ","TCA01","PROFIDNETZ","PP-PI#3:key=PK|dt=CHAR|len=7","key=PK|dt=CHAR|len=7|mods=PP-PI","EXACT","—","table_fields old_union=3 neo=3"
"TCA01.PLNTY","TCA01","PLNTY","PP-PI#3:key=FK|dt=CHAR|len=1","key=FK|dt=CHAR|len=1|mods=PP-PI","EXACT","—","table_fields old_union=3 neo=3"
"TCA01.STEUS","TCA01","STEUS","PP-PI#3:key=FK|dt=CHAR|len=4","key=FK|dt=CHAR|len=4|mods=PP-PI","EXACT","—","table_fields old_union=3 neo=3"
"TCK03.KLVAR","TCK03","KLVAR","PP-PI#7:key=PK|dt=CHAR|len=4","key=PK|dt=CHAR|len=4|mods=PP-PI","EXACT","—","table_fields old_union=3 neo=3"
"TCK03.BWVAR","TCK03","BWVAR","PP-PI#7:key=-|dt=CHAR|len=3","key=-|dt=CHAR|len=3|mods=PP-PI","EXACT","—","table_fields old_union=3 neo=3"
"TCK03.KALAW","TCK03","KALAW","PP-PI#7:key=-|dt=CHAR|len=2","key=-|dt=CHAR|len=2|mods=PP-PI","EXACT","—","table_fields old_union=3 neo=3"
"TCO01.WERKS","TCO01","WERKS","PP-PI#7:key=PK|dt=CHAR|len=4","key=PK|dt=CHAR|len=4|mods=PP-PI","EXACT","—","table_fields old_union=4 neo=4"
"TCO01.AUART","TCO01","AUART","PP-PI#7:key=PK/FK|dt=CHAR|len=4","key=PK/FK|dt=CHAR|len=4|mods=PP-PI","TRANSFORMED","PKFK_DROPPED_FROM_NEO_OBJECT_KEYLIST","table_fields old_union=4 neo=4; key=""PK/FK"": OLD /object/TCO01 lists it as PK, /neo/tables/TCO01 lists it as PK+FK, /neo/object/TCO01 lists it as NEITHER (model.nodes() filters key===""PK"" / key===""FK"" strictly). Field row itself and its key string survive on both NEO surfaces."
"TCO01.KLVARP","TCO01","KLVARP","PP-PI#7:key=FK|dt=CHAR|len=4","key=FK|dt=CHAR|len=4|mods=PP-PI","EXACT","—","table_fields old_union=4 neo=4"
"TCO01.APROF","TCO01","APROF","PP-PI#7:key=-|dt=CHAR|len=4","key=-|dt=CHAR|len=4|mods=PP-PI","EXACT","—","table_fields old_union=4 neo=4"
"TJ02T.ISTAT","TJ02T","ISTAT","PM#8:key=PK|dt=|len= ;; PP-PI#7:key=PK|dt=CHAR|len=5","key=PK|dt=CHAR|len=5|mods=PM+PP-PI","EXACT","—","table_fields old_union=4 neo=4; documented by 2 dictionary rows, merged by mergedFields(); all stated attributes agree"
"TJ02T.SPRAS","TJ02T","SPRAS","PM#8:key=PK|dt=|len= ;; PP-PI#7:key=PK|dt=LANG|len=1","key=PK|dt=LANG|len=1|mods=PM+PP-PI","EXACT","—","table_fields old_union=4 neo=4; documented by 2 dictionary rows, merged by mergedFields(); all stated attributes agree"
"TJ02T.TXT04","TJ02T","TXT04","PM#8:key=-|dt=|len= ;; PP-PI#7:key=-|dt=CHAR|len=4","key=-|dt=CHAR|len=4|mods=PM+PP-PI","EXACT","—","table_fields old_union=4 neo=4; documented by 2 dictionary rows, merged by mergedFields(); all stated attributes agree"
"TJ02T.TXT30","TJ02T","TXT30","PM#8:key=-|dt=|len= ;; PP-PI#7:key=-|dt=CHAR|len=30","key=-|dt=CHAR|len=30|mods=PM+PP-PI","EXACT","—","table_fields old_union=4 neo=4; documented by 2 dictionary rows, merged by mergedFields(); all stated attributes agree"
"TJ30.STSMA","TJ30","STSMA","PM#8:key=PK/FK|dt=|len= ;; PP-PI#7:key=PK|dt=CHAR|len=8","key=PK/FK|dt=CHAR|len=8|mods=PM+PP-PI","TRANSFORMED","MERGED_ATTR_OVERWRITE+PKFK_DROPPED_FROM_NEO_OBJECT_KEYLIST","table_fields old_union=6 neo=6; documented by 2 dictionary rows, merged by mergedFields(); key stated PK/FK/PK -> NEO kept ""PK/FK""; key=""PK/FK"": OLD /object/TJ30 lists it as PK, /neo/tables/TJ30 lists it as PK+FK, /neo/object/TJ30 lists it as NEITHER (model.nodes() filters key===""PK"" / key===""FK"" strictly). Field row itself and its key string survive on both NEO surfaces."
"TJ30.ESTAT","TJ30","ESTAT","PM#8:key=PK|dt=|len= ;; PP-PI#7:key=PK|dt=CHAR|len=5","key=PK|dt=CHAR|len=5|mods=PM+PP-PI","EXACT","—","table_fields old_union=6 neo=6; documented by 2 dictionary rows, merged by mergedFields(); all stated attributes agree"
"TJ30.TXT04","TJ30","TXT04","PM#8:key=-|dt=|len=","key=-|dt=|len=|mods=PM","EXACT","—","table_fields old_union=6 neo=6"
"TJ30.ANWND","TJ30","ANWND","PM#8:key=-|dt=|len= ;; PP-PI#7:key=-|dt=CHAR|len=8","key=-|dt=CHAR|len=8|mods=PM+PP-PI","EXACT","—","table_fields old_union=6 neo=6; documented by 2 dictionary rows, merged by mergedFields(); all stated attributes agree"
"TJ30.VORNR","TJ30","VORNR","PM#8:key=-|dt=|len=","key=-|dt=|len=|mods=PM","EXACT","—","table_fields old_union=6 neo=6"
"TJ30.VRGNG","TJ30","VRGNG","PP-PI#7:key=-|dt=CHAR|len=8","key=-|dt=CHAR|len=8|mods=PP-PI","EXACT","—","table_fields old_union=6 neo=6"
"TJ30T.STSMA","TJ30T","STSMA","PM#8:key=PK|dt=|len= ;; PP-PI#7:key=PK/FK|dt=CHAR|len=8","key=PK|dt=CHAR|len=8|mods=PM+PP-PI","TRANSFORMED","MERGED_ATTR_OVERWRITE","table_fields old_union=5 neo=5; documented by 2 dictionary rows, merged by mergedFields(); key stated PK/PK/FK -> NEO kept ""PK"""
"TJ30T.ESTAT","TJ30T","ESTAT","PM#8:key=PK|dt=|len= ;; PP-PI#7:key=PK/FK|dt=CHAR|len=5","key=PK|dt=CHAR|len=5|mods=PM+PP-PI","TRANSFORMED","MERGED_ATTR_OVERWRITE","table_fields old_union=5 neo=5; documented by 2 dictionary rows, merged by mergedFields(); key stated PK/PK/FK -> NEO kept ""PK"""
"TJ30T.SPRAS","TJ30T","SPRAS","PM#8:key=PK|dt=|len= ;; PP-PI#7:key=PK|dt=LANG|len=1","key=PK|dt=LANG|len=1|mods=PM+PP-PI","EXACT","—","table_fields old_union=5 neo=5; documented by 2 dictionary rows, merged by mergedFields(); all stated attributes agree"
"TJ30T.TXT04","TJ30T","TXT04","PM#8:key=-|dt=|len= ;; PP-PI#7:key=-|dt=CHAR|len=4","key=-|dt=CHAR|len=4|mods=PM+PP-PI","EXACT","—","table_fields old_union=5 neo=5; documented by 2 dictionary rows, merged by mergedFields(); all stated attributes agree"
"TJ30T.TXT30","TJ30T","TXT30","PM#8:key=-|dt=|len= ;; PP-PI#7:key=-|dt=CHAR|len=30","key=-|dt=CHAR|len=30|mods=PM+PP-PI","EXACT","—","table_fields old_union=5 neo=5; documented by 2 dictionary rows, merged by mergedFields(); all stated attributes agree"
"TPST.TPLNR","TPST","TPLNR","PM#3:key=PK/FK|dt=|len=","key=PK/FK|dt=|len=|mods=PM","TRANSFORMED","PKFK_DROPPED_FROM_NEO_OBJECT_KEYLIST","table_fields old_union=4 neo=4; key=""PK/FK"": OLD /object/TPST lists it as PK, /neo/tables/TPST lists it as PK+FK, /neo/object/TPST lists it as NEITHER (model.nodes() filters key===""PK"" / key===""FK"" strictly). Field row itself and its key string survive on both NEO surfaces."
"TPST.STLNR","TPST","STLNR","PM#3:key=FK|dt=|len=","key=FK|dt=|len=|mods=PM","EXACT","—","table_fields old_union=4 neo=4"
"TPST.STLAL","TPST","STLAL","PM#3:key=PK|dt=|len=","key=PK|dt=|len=|mods=PM","EXACT","—","table_fields old_union=4 neo=4"
"TPST.STLAN","TPST","STLAN","PM#3:key=-|dt=|len=","key=-|dt=|len=|mods=PM","EXACT","—","table_fields old_union=4 neo=4"
"TQ80.QMART","TQ80","QMART","PM#6:key=PK|dt=|len=","key=PK|dt=|len=|mods=PM","EXACT","—","table_fields old_union=4 neo=4"
"TQ80.QMTYP","TQ80","QMTYP","PM#6:key=-|dt=|len=","key=-|dt=|len=|mods=PM","EXACT","—","table_fields old_union=4 neo=4"
"TQ80.RBNR","TQ80","RBNR","PM#6:key=FK|dt=|len=","key=FK|dt=|len=|mods=PM","EXACT","—","table_fields old_union=4 neo=4"
"TQ80.AUART","TQ80","AUART","PM#6:key=FK|dt=|len=","key=FK|dt=|len=|mods=PM","EXACT","—","table_fields old_union=4 neo=4"
