"CODE","MODULE","DEPTH","OLD_ROUTE","NEO_ROUTE","OLD_PAGE_IN_LAST_BUILD","NEO_PAGE_IN_LAST_BUILD","F_TCODE","F_MODULE","F_HEBREW_NAME","F_ENGLISH_NAME","F_DESCRIPTION","F_BUSINESS_CATEGORY","F_RELATED_TABLES_OBJECTS","F_DEEPDOC_FLAG","F_FIORI_EQUIVALENT","F_S4_STATUS","F_CDS","F_BAPI_FM","F_LINKS","F_TAGS","NEO_KNOWN_FACTS","STATUS","SEVERITY","NOTES"
"/IWFND/CACHE_CLEANUP","FIORI","light","/tcode//IWFND/CACHE_CLEANUP/","/neo/transactions//IWFND/CACHE_CLEANUP/","no","no","EXACT","EXACT","EXACT","n/a","n/a","EXACT","n/a","EXACT","n/a","n/a","n/a","n/a","n/a","n/a","3/14","EXACT","P3","all 14 named facts that the data answers are rendered on the NEO page"
"/IWFND/ERROR_LOG","INTEGRATION","light","/tcode//IWFND/ERROR_LOG/","/neo/transactions//IWFND/ERROR_LOG/","no","no","EXACT","EXACT","EXACT","n/a","n/a","EXACT","n/a","EXACT","n/a","n/a","n/a","n/a","n/a","n/a","4/14","EXACT","P3","all 14 named facts that the data answers are rendered on the NEO page"
"/IWFND/MAINT_SERVICE","INTEGRATION","light","/tcode//IWFND/MAINT_SERVICE/","/neo/transactions//IWFND/MAINT_SERVICE/","no","no","EXACT","EXACT","EXACT","n/a","n/a","EXACT","n/a","EXACT","n/a","n/a","n/a","n/a","n/a","n/a","4/14","EXACT","P3","all 14 named facts that the data answers are rendered on the NEO page"
"/SCWM/ADGI","WM","light","/tcode//SCWM/ADGI/","/neo/transactions//SCWM/ADGI/","no","no","EXACT","EXACT","EXACT","EXACT","n/a","EXACT","n/a","EXACT","n/a","n/a","n/a","n/a","n/a","n/a","4/14","EXACT","P3","all 14 named facts that the data answers are rendered on the NEO page"
"/SCWM/ADPROD","WM","light","/tcode//SCWM/ADPROD/","/neo/transactions//SCWM/ADPROD/","no","no","EXACT","EXACT","EXACT","EXACT","n/a","EXACT","n/a","EXACT","n/a","n/a","n/a","n/a","n/a","n/a","4/14","EXACT","P3","all 14 named facts that the data answers are rendered on the NEO page"
"/SCWM/MON","WM","light","/tcode//SCWM/MON/","/neo/transactions//SCWM/MON/","no","no","EXACT","EXACT","EXACT","EXACT","n/a","EXACT","n/a","EXACT","n/a","n/a","n/a","n/a","n/a","EXACT","5/14","EXACT","P3","all 14 named facts that the data answers are rendered on the NEO page"
"/SCWM/PACK","WM","light","/tcode//SCWM/PACK/","/neo/transactions//SCWM/PACK/","no","no","EXACT","EXACT","EXACT","EXACT","n/a","EXACT","n/a","EXACT","n/a","n/a","n/a","n/a","n/a","n/a","4/14","EXACT","P3","all 14 named facts that the data answers are rendered on the NEO page"
"/SCWM/PI_COUNT","WM","light","/tcode//SCWM/PI_COUNT/","/neo/transactions//SCWM/PI_COUNT/","no","no","EXACT","EXACT","EXACT","EXACT","n/a","EXACT","n/a","EXACT","n/a","n/a","n/a","n/a","NEW-IN-NEO","n/a","5/14","EXACT","P3","all 14 named facts that the data answers are rendered on the NEO page"
"/SCWM/PI_CREATE","WM","light","/tcode//SCWM/PI_CREATE/","/neo/transactions//SCWM/PI_CREATE/","no","no","EXACT","EXACT","EXACT","EXACT","n/a","EXACT","n/a","EXACT","n/a","n/a","n/a","n/a","NEW-IN-NEO","n/a","5/14","EXACT","P3","all 14 named facts that the data answers are rendered on the NEO page"
"/SCWM/PRDI","WM","light","/tcode//SCWM/PRDI/","/neo/transactions//SCWM/PRDI/","no","no","EXACT","EXACT","EXACT","EXACT","n/a","EXACT","n/a","EXACT","n/a","n/a","n/a","n/a","NEW-IN-NEO","n/a","5/14","EXACT","P3","all 14 named facts that the data answers are rendered on the NEO page"
"/SCWM/PRDO","WM","light","/tcode//SCWM/PRDO/","/neo/transactions//SCWM/PRDO/","no","no","EXACT","EXACT","EXACT","EXACT","n/a","EXACT","NEW-IN-NEO","EXACT","n/a","n/a","n/a","n/a","NEW-IN-NEO","EXACT","6/14","EXACT","P3","all 14 named facts that the data answers are rendered on the NEO page"
"/SCWM/QINSP","WM","light","/tcode//SCWM/QINSP/","/neo/transactions//SCWM/QINSP/","no","no","EXACT","EXACT","EXACT","EXACT","n/a","EXACT","n/a","EXACT","n/a","n/a","n/a","n/a","n/a","n/a","4/14","EXACT","P3","all 14 named facts that the data answers are rendered on the NEO page"
"/SCWM/RFUI","WM","light","/tcode//SCWM/RFUI/","/neo/transactions//SCWM/RFUI/","no","no","EXACT","EXACT","EXACT","EXACT","n/a","EXACT","n/a","EXACT","n/a","n/a","n/a","n/a","n/a","n/a","4/14","EXACT","P3","all 14 named facts that the data answers are rendered on the NEO page"
"/SCWM/TODLV_TO","WM","light","/tcode//SCWM/TODLV_TO/","/neo/transactions//SCWM/TODLV_TO/","no","no","EXACT","EXACT","EXACT","EXACT","n/a","EXACT","n/a","EXACT","n/a","n/a","n/a","n/a","NEW-IN-NEO","n/a","5/14","EXACT","P3","all 14 named facts that the data answers are rendered on the NEO page"
"/SCWM/TO_CONF","WM","light","/tcode//SCWM/TO_CONF/","/neo/transactions//SCWM/TO_CONF/","no","no","EXACT","EXACT","EXACT","EXACT","n/a","EXACT","n/a","EXACT","n/a","n/a","n/a","n/a","NEW-IN-NEO","EXACT","5/14","EXACT","P3","all 14 named facts that the data answers are rendered on the NEO page"
"/SCWM/WAVE","WM","light","/tcode//SCWM/WAVE/","/neo/transactions//SCWM/WAVE/","no","no","EXACT","EXACT","EXACT","EXACT","n/a","EXACT","n/a","EXACT","n/a","n/a","n/a","n/a","n/a","n/a","4/14","EXACT","P3","all 14 named facts that the data answers are rendered on the NEO page"
"/UI2/FLP","FIORI","light","/tcode//UI2/FLP/","/neo/transactions//UI2/FLP/","no","no","EXACT","EXACT","EXACT","n/a","n/a","EXACT","n/a","EXACT","n/a","n/a","n/a","n/a","n/a","n/a","3/14","EXACT","P3","all 14 named facts that the data answers are rendered on the NEO page"
"/UI2/FLPD_CUST","FIORI","light","/tcode//UI2/FLPD_CUST/","/neo/transactions//UI2/FLPD_CUST/","no","no","EXACT","EXACT","EXACT","n/a","n/a","EXACT","n/a","EXACT","n/a","n/a","n/a","n/a","n/a","n/a","3/14","EXACT","P3","all 14 named facts that the data answers are rendered on the NEO page"
"/UI2/INVALIDATE_GLOBAL_CACHES","FIORI","light","/tcode//UI2/INVALIDATE_GLOBAL_CACHES/","/neo/transactions//UI2/INVALIDATE_GLOBAL_CACHES/","no","no","EXACT","EXACT","EXACT","n/a","n/a","EXACT","n/a","EXACT","n/a","n/a","n/a","n/a","n/a","n/a","3/14","EXACT","P3","all 14 named facts that the data answers are rendered on the NEO page"
"/UI5/THEME_DESIGNER","FIORI","light","/tcode//UI5/THEME_DESIGNER/","/neo/transactions//UI5/THEME_DESIGNER/","no","no","EXACT","EXACT","EXACT","n/a","n/a","EXACT","n/a","EXACT","n/a","n/a","n/a","n/a","n/a","n/a","3/14","EXACT","P3","all 14 named facts that the data answers are rendered on the NEO page"
"0VLK","LE","light","/tcode/0VLK/","/neo/transactions/0VLK/","yes","yes","EXACT","EXACT","EXACT","EXACT","n/a","EXACT","n/a","EXACT","n/a","n/a","n/a","n/a","NEW-IN-NEO","EXACT","5/14","EXACT","P3","all 14 named facts that the data answers are rendered on the NEO page"
"0VLP","LE","light","/tcode/0VLP/","/neo/transactions/0VLP/","yes","yes","EXACT","EXACT","EXACT","EXACT","n/a","EXACT","n/a","EXACT","n/a","n/a","n/a","n/a","NEW-IN-NEO","EXACT","5/14","EXACT","P3","all 14 named facts that the data answers are rendered on the NEO page"
"0VRF","LE","light","/tcode/0VRF/","/neo/transactions/0VRF/","yes","yes","EXACT","EXACT","EXACT","EXACT","n/a","EXACT","NEW-IN-NEO","EXACT","n/a","n/a","n/a","n/a","NEW-IN-NEO","EXACT","6/14","EXACT","P3","all 14 named facts that the data answers are rendered on the NEO page"
"0VTC","LE","light","/tcode/0VTC/","/neo/transactions/0VTC/","yes","yes","EXACT","EXACT","EXACT","EXACT","n/a","EXACT","NEW-IN-NEO","EXACT","n/a","n/a","n/a","n/a","NEW-IN-NEO","EXACT","6/14","EXACT","P3","all 14 named facts that the data answers are rendered on the NEO page"
"AB01","FI","deep","/tcode/AB01/","/neo/transactions/AB01/","yes","yes","EXACT","EXACT","EXACT","n/a","EXACT","EXACT","EXACT","EXACT","n/a","EXACT","n/a","EXACT","EXACT","n/a","10/14","TRANSFORMED","P2","14 named facts intact; NEO's TxDetail model does not carry: beginner · consultant · bestPractices · ossKeywords · interview"
"AB08","FI","light","/tcode/AB08/","/neo/transactions/AB08/","yes","yes","EXACT","EXACT","EXACT","EXACT","n/a","EXACT","n/a","EXACT","n/a","n/a","n/a","n/a","NEW-IN-NEO","n/a","5/14","EXACT","P3","all 14 named facts that the data answers are rendered on the NEO page"
"ABAON","FI","light","/tcode/ABAON/","/neo/transactions/ABAON/","yes","yes","EXACT","EXACT","EXACT","EXACT","n/a","EXACT","n/a","EXACT","n/a","n/a","n/a","n/a","NEW-IN-NEO","n/a","5/14","EXACT","P3","all 14 named facts that the data answers are rendered on the NEO page"
"ABAPDOCU","ABAP","light","/tcode/ABAPDOCU/","/neo/transactions/ABAPDOCU/","yes","yes","EXACT","EXACT","EXACT","EXACT","n/a","EXACT","n/a","EXACT","n/a","n/a","n/a","n/a","NEW-IN-NEO","n/a","5/14","EXACT","P3","all 14 named facts that the data answers are rendered on the NEO page"
"ABAPHELP","ABAP","light","/tcode/ABAPHELP/","/neo/transactions/ABAPHELP/","yes","yes","EXACT","EXACT","EXACT","EXACT","n/a","EXACT","n/a","EXACT","n/a","n/a","n/a","n/a","NEW-IN-NEO","n/a","5/14","EXACT","P3","all 14 named facts that the data answers are rendered on the NEO page"
"ABAVN","FI","deep","/tcode/ABAVN/","/neo/transactions/ABAVN/","yes","yes","EXACT","EXACT","EXACT","EXACT","EXACT","EXACT","EXACT","EXACT","EXACT","EXACT","n/a","EXACT","EXACT","n/a","12/14","TRANSFORMED","P2","14 named facts intact; NEO's TxDetail model does not carry: beginner · consultant · bestPractices · ossKeywords · interview"
"ABST2","FI","light","/tcode/ABST2/","/neo/transactions/ABST2/","yes","yes","EXACT","EXACT","EXACT","EXACT","n/a","EXACT","n/a","EXACT","n/a","n/a","n/a","n/a","EXACT","EXACT","5/14","EXACT","P3","all 14 named facts that the data answers are rendered on the NEO page"
"ABT1N","FI","light","/tcode/ABT1N/","/neo/transactions/ABT1N/","yes","yes","EXACT","EXACT","EXACT","EXACT","n/a","EXACT","n/a","EXACT","n/a","n/a","n/a","n/a","NEW-IN-NEO","n/a","5/14","EXACT","P3","all 14 named facts that the data answers are rendered on the NEO page"
"ABUMN","FI","deep","/tcode/ABUMN/","/neo/transactions/ABUMN/","yes","yes","EXACT","EXACT","EXACT","EXACT","EXACT","EXACT","EXACT","EXACT","EXACT","EXACT","n/a","EXACT","EXACT","EXACT","12/14","TRANSFORMED","P2","14 named facts intact; NEO's TxDetail model does not carry: beginner · consultant · bestPractices · ossKeywords · interview"
"ABZON","FI","deep","/tcode/ABZON/","/neo/transactions/ABZON/","yes","yes","EXACT","EXACT","EXACT","EXACT","EXACT","EXACT","EXACT","EXACT","EXACT","EXACT","n/a","EXACT","EXACT","n/a","12/14","TRANSFORMED","P2","14 named facts intact; NEO's TxDetail model does not carry: beginner · consultant · bestPractices · ossKeywords · interview"
"AFAB","FI","deep","/tcode/AFAB/","/neo/transactions/AFAB/","yes","yes","EXACT","EXACT","EXACT","EXACT","EXACT","EXACT","EXACT","EXACT","EXACT","EXACT","n/a","n/a","EXACT","n/a","11/14","TRANSFORMED","P2","14 named facts intact; NEO's TxDetail model does not carry: beginner · consultant · bestPractices · ossKeywords · interview"
"AFAR","FI","light","/tcode/AFAR/","/neo/transactions/AFAR/","yes","yes","EXACT","EXACT","EXACT","EXACT","n/a","EXACT","n/a","EXACT","n/a","n/a","n/a","n/a","NEW-IN-NEO","n/a","5/14","EXACT","P3","all 14 named facts that the data answers are rendered on the NEO page"
"AIAB","FI","light","/tcode/AIAB/","/neo/transactions/AIAB/","yes","yes","EXACT","EXACT","EXACT","EXACT","n/a","EXACT","n/a","EXACT","n/a","n/a","n/a","n/a","NEW-IN-NEO","n/a","5/14","EXACT","P3","all 14 named facts that the data answers are rendered on the NEO page"
"AIBU","FI","light","/tcode/AIBU/","/neo/transactions/AIBU/","yes","yes","EXACT","EXACT","EXACT","EXACT","n/a","EXACT","n/a","EXACT","n/a","n/a","n/a","n/a","NEW-IN-NEO","EXACT","5/14","EXACT","P3","all 14 named facts that the data answers are rendered on the NEO page"
"AJAB","FI","light","/tcode/AJAB/","/neo/transactions/AJAB/","yes","yes","EXACT","EXACT","EXACT","EXACT","n/a","EXACT","n/a","EXACT","n/a","n/a","n/a","n/a","EXACT","n/a","5/14","EXACT","P3","all 14 named facts that the data answers are rendered on the NEO page"
"AJRW","FI","light","/tcode/AJRW/","/neo/transactions/AJRW/","yes","yes","EXACT","EXACT","EXACT","EXACT","n/a","EXACT","n/a","EXACT","n/a","n/a","n/a","n/a","EXACT","n/a","5/14","EXACT","P3","all 14 named facts that the data answers are rendered on the NEO page"
"AL01","BASIS","light","/tcode/AL01/","/neo/transactions/AL01/","yes","yes","EXACT","EXACT","EXACT","EXACT","n/a","EXACT","n/a","EXACT","n/a","n/a","n/a","n/a","NEW-IN-NEO","EXACT","5/14","EXACT","P3","all 14 named facts that the data answers are rendered on the NEO page"
"AL08","BASIS","light","/tcode/AL08/","/neo/transactions/AL08/","yes","yes","EXACT","EXACT","EXACT","EXACT","n/a","EXACT","n/a","EXACT","n/a","n/a","n/a","n/a","NEW-IN-NEO","EXACT","5/14","EXACT","P3","all 14 named facts that the data answers are rendered on the NEO page"
"AL11","BASIS","light","/tcode/AL11/","/neo/transactions/AL11/","yes","yes","EXACT","EXACT","EXACT","EXACT","n/a","EXACT","n/a","EXACT","n/a","n/a","n/a","n/a","n/a","EXACT","4/14","EXACT","P3","all 14 named facts that the data answers are rendered on the NEO page"
"AL12","BASIS","light","/tcode/AL12/","/neo/transactions/AL12/","yes","yes","EXACT","EXACT","EXACT","EXACT","n/a","EXACT","n/a","EXACT","n/a","n/a","n/a","n/a","NEW-IN-NEO","n/a","5/14","EXACT","P3","all 14 named facts that the data answers are rendered on the NEO page"
"AOBJ","—","not-in-registry","/tcode/AOBJ/","—","yes","no","MISSING","n/a","n/a","n/a","n/a","n/a","MISSING","MISSING","n/a","n/a","n/a","n/a","n/a","n/a","—","MISSING","P1","no /neo/transactions/AOBJ/ page: code comes from lib/object-intel listTcodes() (blueprint tcodes column), which lib/tx-registry does not merge; NEO generateStaticParams = registryCodes() only. OLD /tcode/AOBJ/ renders RelatedView with 1 blueprint table(s). DATA PRESENT, NOT SURFACED IN NEO."
"AR01","FI","light","/tcode/AR01/","/neo/transactions/AR01/","yes","yes","EXACT","EXACT","EXACT","EXACT","n/a","EXACT","n/a","EXACT","n/a","n/a","n/a","n/a","NEW-IN-NEO","n/a","5/14","EXACT","P3","all 14 named facts that the data answers are rendered on the NEO page"
"AS01","FI","deep","/tcode/AS01/","/neo/transactions/AS01/","yes","yes","EXACT","EXACT","EXACT","EXACT","EXACT","EXACT","EXACT","EXACT","EXACT","EXACT","n/a","EXACT","EXACT","EXACT","12/14","TRANSFORMED","P2","14 named facts intact; NEO's TxDetail model does not carry: beginner · consultant · bestPractices · ossKeywords · interview"
"AS02","FI","deep","/tcode/AS02/","/neo/transactions/AS02/","yes","yes","EXACT","EXACT","EXACT","EXACT","EXACT","EXACT","EXACT","EXACT","EXACT","EXACT","n/a","EXACT","EXACT","n/a","12/14","TRANSFORMED","P2","14 named facts intact; NEO's TxDetail model does not carry: beginner · consultant · bestPractices · ossKeywords · interview"
"AS03","FI","deep","/tcode/AS03/","/neo/transactions/AS03/","yes","yes","EXACT","EXACT","EXACT","EXACT","EXACT","EXACT","EXACT","EXACT","EXACT","EXACT","n/a","EXACT","EXACT","n/a","12/14","TRANSFORMED","P2","14 named facts intact; NEO's TxDetail model does not carry: beginner · consultant · bestPractices · ossKeywords · interview"
"AS05","FI","light","/tcode/AS05/","/neo/transactions/AS05/","yes","yes","EXACT","EXACT","EXACT","EXACT","n/a","EXACT","n/a","EXACT","n/a","n/a","n/a","n/a","NEW-IN-NEO","n/a","5/14","EXACT","P3","all 14 named facts that the data answers are rendered on the NEO page"
"AS06","FI","light","/tcode/AS06/","/neo/transactions/AS06/","yes","yes","EXACT","EXACT","EXACT","EXACT","n/a","EXACT","n/a","EXACT","n/a","n/a","n/a","n/a","NEW-IN-NEO","n/a","5/14","EXACT","P3","all 14 named facts that the data answers are rendered on the NEO page"
"AS11","FI","light","/tcode/AS11/","/neo/transactions/AS11/","yes","yes","EXACT","EXACT","EXACT","EXACT","n/a","EXACT","n/a","EXACT","n/a","n/a","n/a","n/a","NEW-IN-NEO","n/a","5/14","EXACT","P3","all 14 named facts that the data answers are rendered on the NEO page"
"AS91","FI","deep","/tcode/AS91/","/neo/transactions/AS91/","yes","yes","EXACT","EXACT","EXACT","n/a","EXACT","EXACT","EXACT","EXACT","n/a","EXACT","n/a","EXACT","EXACT","n/a","10/14","TRANSFORMED","P2","14 named facts intact; NEO's TxDetail model does not carry: beginner · consultant · bestPractices · ossKeywords · interview"
"AW01N","FI","deep","/tcode/AW01N/","/neo/transactions/AW01N/","yes","yes","EXACT","EXACT","EXACT","EXACT","EXACT","EXACT","EXACT","EXACT","EXACT","EXACT","n/a","EXACT","EXACT","n/a","13/14","TRANSFORMED","P2","14 named facts intact; NEO's TxDetail model does not carry: beginner · consultant · bestPractices · ossKeywords · interview"
"BALE","BASIS","light","/tcode/BALE/","/neo/transactions/BALE/","yes","yes","EXACT","EXACT","EXACT","EXACT","n/a","EXACT","n/a","EXACT","n/a","n/a","n/a","n/a","NEW-IN-NEO","EXACT","5/14","EXACT","P3","all 14 named facts that the data answers are rendered on the NEO page"
"BAPI","ABAP","light","/tcode/BAPI/","/neo/transactions/BAPI/","yes","yes","EXACT","EXACT","EXACT","EXACT","n/a","EXACT","n/a","EXACT","n/a","n/a","n/a","n/a","NEW-IN-NEO","EXACT","5/14","EXACT","P3","all 14 named facts that the data answers are rendered on the NEO page"
"BD10","INTEGRATION","light","/tcode/BD10/","/neo/transactions/BD10/","yes","yes","EXACT","EXACT","EXACT","n/a","n/a","EXACT","n/a","EXACT","n/a","n/a","n/a","n/a","n/a","n/a","3/14","EXACT","P3","all 14 named facts that the data answers are rendered on the NEO page"
"BD64","INTEGRATION","light","/tcode/BD64/","/neo/transactions/BD64/","yes","yes","EXACT","EXACT","EXACT","n/a","n/a","EXACT","n/a","EXACT","n/a","n/a","n/a","n/a","n/a","n/a","4/14","EXACT","P3","all 14 named facts that the data answers are rendered on the NEO page"
"BD87","INTEGRATION","light","/tcode/BD87/","/neo/transactions/BD87/","yes","yes","EXACT","EXACT","EXACT","EXACT","n/a","EXACT","n/a","EXACT","n/a","n/a","n/a","n/a","n/a","EXACT","5/14","EXACT","P3","all 14 named facts that the data answers are rendered on the NEO page"
"BDLS","BASIS","light","/tcode/BDLS/","/neo/transactions/BDLS/","yes","yes","EXACT","EXACT","EXACT","EXACT","n/a","EXACT","n/a","EXACT","n/a","n/a","n/a","n/a","NEW-IN-NEO","n/a","5/14","EXACT","P3","all 14 named facts that the data answers are rendered on the NEO page"
"BMENU","ABAP","light","/tcode/BMENU/","/neo/transactions/BMENU/","yes","yes","EXACT","EXACT","EXACT","EXACT","n/a","EXACT","n/a","EXACT","n/a","n/a","n/a","n/a","NEW-IN-NEO","EXACT","5/14","EXACT","P3","all 14 named facts that the data answers are rendered on the NEO page"
"BP","MM","light","/tcode/BP/","/neo/transactions/BP/","yes","yes","EXACT","EXACT","EXACT","EXACT","n/a","EXACT","EXACT","EXACT","n/a","NEW-IN-NEO","n/a","n/a","NEW-IN-NEO","EXACT","10/14","EXACT","P3","all 14 named facts that the data answers are rendered on the NEO page"
"BS02","—","not-in-registry","/tcode/BS02/","—","yes","no","MISSING","n/a","n/a","n/a","n/a","n/a","MISSING","MISSING","n/a","n/a","n/a","n/a","n/a","n/a","—","MISSING","P1","no /neo/transactions/BS02/ page: code comes from lib/object-intel listTcodes() (blueprint tcodes column), which lib/tx-registry does not merge; NEO generateStaticParams = registryCodes() only. OLD /tcode/BS02/ renders RelatedView with 4 blueprint table(s). DATA PRESENT, NOT SURFACED IN NEO."
"BS03","—","not-in-registry","/tcode/BS03/","—","yes","no","MISSING","n/a","n/a","n/a","n/a","n/a","MISSING","MISSING","n/a","n/a","n/a","n/a","n/a","n/a","—","MISSING","P1","no /neo/transactions/BS03/ page: code comes from lib/object-intel listTcodes() (blueprint tcodes column), which lib/tx-registry does not merge; NEO generateStaticParams = registryCodes() only. OLD /tcode/BS03/ renders RelatedView with 3 blueprint table(s). DATA PRESENT, NOT SURFACED IN NEO."
"BS22","—","not-in-registry","/tcode/BS22/","—","yes","no","MISSING","n/a","n/a","n/a","n/a","n/a","MISSING","MISSING","n/a","n/a","n/a","n/a","n/a","n/a","—","MISSING","P1","no /neo/transactions/BS22/ page: code comes from lib/object-intel listTcodes() (blueprint tcodes column), which lib/tx-registry does not merge; NEO generateStaticParams = registryCodes() only. OLD /tcode/BS22/ renders RelatedView with 4 blueprint table(s). DATA PRESENT, NOT SURFACED IN NEO."
"BS23","—","not-in-registry","/tcode/BS23/","—","yes","no","MISSING","n/a","n/a","n/a","n/a","n/a","MISSING","MISSING","n/a","n/a","n/a","n/a","n/a","n/a","—","MISSING","P1","no /neo/transactions/BS23/ page: code comes from lib/object-intel listTcodes() (blueprint tcodes column), which lib/tx-registry does not merge; NEO generateStaticParams = registryCodes() only. OLD /tcode/BS23/ renders RelatedView with 3 blueprint table(s). DATA PRESENT, NOT SURFACED IN NEO."
"C201","PP","deep","/tcode/C201/","/neo/transactions/C201/","yes","yes","EXACT","EXACT","EXACT","EXACT","EXACT","EXACT","EXACT","EXACT","EXACT","EXACT","EXACT","EXACT","EXACT","EXACT","14/14","TRANSFORMED","P2","14 named facts intact; NEO's TxDetail model does not carry: beginner · consultant · bestPractices · ossKeywords · interview · businessExample · techExample · debugSteps · perfNotes · prodTips · authored.input · authored.output · authored.qa"
"C202","PP","deep","/tcode/C202/","/neo/transactions/C202/","yes","yes","EXACT","EXACT","EXACT","EXACT","EXACT","EXACT","EXACT","EXACT","n/a","EXACT","n/a","EXACT","EXACT","EXACT","13/14","TRANSFORMED","P2","14 named facts intact; NEO's TxDetail model does not carry: beginner · consultant · bestPractices · ossKeywords · interview · businessExample · techExample · debugSteps · perfNotes · prodTips"
"C203","PP","deep","/tcode/C203/","/neo/transactions/C203/","yes","yes","EXACT","EXACT","EXACT","EXACT","EXACT","EXACT","EXACT","EXACT","EXACT","EXACT","n/a","EXACT","EXACT","EXACT","14/14","TRANSFORMED","P2","14 named facts intact; NEO's TxDetail model does not carry: beginner · consultant · bestPractices · ossKeywords · interview · businessExample · techExample · debugSteps · perfNotes · prodTips · authored.input · authored.output · authored.qa"
"C223","PP","deep","/tcode/C223/","/neo/transactions/C223/","yes","yes","EXACT","EXACT","EXACT","EXACT","EXACT","EXACT","EXACT","EXACT","EXACT","EXACT","n/a","EXACT","EXACT","EXACT","14/14","TRANSFORMED","P2","14 named facts intact; NEO's TxDetail model does not carry: beginner · consultant · bestPractices · ossKeywords · interview · businessExample · techExample · debugSteps · perfNotes · prodTips · authored.input · authored.output · authored.qa"
"C223PI","PP-PI","light","/tcode/C223PI/","/neo/transactions/C223PI/","yes","yes","EXACT","EXACT","EXACT","EXACT","n/a","EXACT","NEW-IN-NEO","EXACT","n/a","n/a","n/a","n/a","n/a","EXACT","5/14","EXACT","P3","all 14 named facts that the data answers are rendered on the NEO page"
"C251","PP-PI","light","/tcode/C251/","/neo/transactions/C251/","yes","yes","EXACT","EXACT","EXACT","EXACT","n/a","EXACT","NEW-IN-NEO","EXACT","n/a","n/a","n/a","n/a","NEW-IN-NEO","EXACT","6/14","EXACT","P3","all 14 named facts that the data answers are rendered on the NEO page"
"C252","PP-PI","light","/tcode/C252/","/neo/transactions/C252/","yes","yes","EXACT","EXACT","EXACT","EXACT","n/a","EXACT","NEW-IN-NEO","EXACT","n/a","n/a","n/a","n/a","NEW-IN-NEO","EXACT","6/14","EXACT","P3","all 14 named facts that the data answers are rendered on the NEO page"
"C260","PP-PI","light","/tcode/C260/","/neo/transactions/C260/","yes","yes","EXACT","EXACT","EXACT","EXACT","n/a","EXACT","NEW-IN-NEO","EXACT","n/a","n/a","n/a","n/a","NEW-IN-NEO","EXACT","6/14","EXACT","P3","all 14 named facts that the data answers are rendered on the NEO page"
"C298","PP-PI","light","/tcode/C298/","/neo/transactions/C298/","yes","yes","EXACT","EXACT","EXACT","EXACT","n/a","EXACT","EXACT","EXACT","n/a","n/a","n/a","n/a","NEW-IN-NEO","EXACT","7/14","EXACT","P3","all 14 named facts that the data answers are rendered on the NEO page"
"CA01","PP","deep","/tcode/CA01/","/neo/transactions/CA01/","yes","yes","EXACT","EXACT","EXACT","EXACT","EXACT","EXACT","EXACT","EXACT","EXACT","EXACT","EXACT","EXACT","EXACT","EXACT","14/14","TRANSFORMED","P2","14 named facts intact; NEO's TxDetail model does not carry: beginner · consultant · bestPractices · ossKeywords · interview · businessExample · techExample · debugSteps · perfNotes · prodTips · authored.input · authored.output · authored.qa"
"CA02","PP","deep","/tcode/CA02/","/neo/transactions/CA02/","yes","yes","EXACT","EXACT","EXACT","EXACT","EXACT","EXACT","EXACT","EXACT","n/a","EXACT","n/a","EXACT","EXACT","EXACT","13/14","TRANSFORMED","P2","14 named facts intact; NEO's TxDetail model does not carry: beginner · consultant · bestPractices · ossKeywords · interview · businessExample · techExample · debugSteps · perfNotes · prodTips"
"CA03","PP","deep","/tcode/CA03/","/neo/transactions/CA03/","yes","yes","EXACT","EXACT","EXACT","EXACT","EXACT","EXACT","EXACT","EXACT","n/a","EXACT","n/a","EXACT","EXACT","EXACT","13/14","TRANSFORMED","P2","14 named facts intact; NEO's TxDetail model does not carry: beginner · consultant · bestPractices · ossKeywords · interview · businessExample · techExample · debugSteps · perfNotes · prodTips"
"CA21","PP","deep","/tcode/CA21/","/neo/transactions/CA21/","yes","yes","EXACT","EXACT","EXACT","EXACT","EXACT","EXACT","EXACT","EXACT","n/a","EXACT","n/a","n/a","EXACT","EXACT","12/14","TRANSFORMED","P2","14 named facts intact; NEO's TxDetail model does not carry: beginner · consultant · bestPractices · ossKeywords · interview · businessExample · techExample · debugSteps · perfNotes · prodTips"
"CA22","PP","deep","/tcode/CA22/","/neo/transactions/CA22/","yes","yes","EXACT","EXACT","EXACT","EXACT","EXACT","EXACT","EXACT","EXACT","n/a","EXACT","n/a","n/a","EXACT","EXACT","12/14","TRANSFORMED","P2","14 named facts intact; NEO's TxDetail model does not carry: beginner · consultant · bestPractices · ossKeywords · interview · businessExample · techExample · debugSteps · perfNotes · prodTips"
"CA23","PP","deep","/tcode/CA23/","/neo/transactions/CA23/","yes","yes","EXACT","EXACT","EXACT","EXACT","EXACT","EXACT","EXACT","EXACT","n/a","EXACT","n/a","n/a","EXACT","EXACT","12/14","TRANSFORMED","P2","14 named facts intact; NEO's TxDetail model does not carry: beginner · consultant · bestPractices · ossKeywords · interview · businessExample · techExample · debugSteps · perfNotes · prodTips"
"CA31","PP","light","/tcode/CA31/","/neo/transactions/CA31/","yes","yes","EXACT","EXACT","EXACT","EXACT","n/a","EXACT","NEW-IN-NEO","EXACT","n/a","n/a","n/a","n/a","NEW-IN-NEO","EXACT","6/14","EXACT","P3","all 14 named facts that the data answers are rendered on the NEO page"
"CA32","PP","light","/tcode/CA32/","/neo/transactions/CA32/","yes","yes","EXACT","EXACT","EXACT","EXACT","n/a","EXACT","NEW-IN-NEO","EXACT","n/a","n/a","n/a","n/a","NEW-IN-NEO","EXACT","6/14","EXACT","P3","all 14 named facts that the data answers are rendered on the NEO page"
"CA33","PP","light","/tcode/CA33/","/neo/transactions/CA33/","yes","yes","EXACT","EXACT","EXACT","EXACT","n/a","EXACT","NEW-IN-NEO","EXACT","n/a","n/a","n/a","n/a","NEW-IN-NEO","EXACT","6/14","EXACT","P3","all 14 named facts that the data answers are rendered on the NEO page"
"CA51","PP","light","/tcode/CA51/","/neo/transactions/CA51/","yes","yes","EXACT","EXACT","EXACT","EXACT","n/a","EXACT","NEW-IN-NEO","EXACT","n/a","n/a","n/a","n/a","NEW-IN-NEO","EXACT","7/14","EXACT","P3","all 14 named facts that the data answers are rendered on the NEO page"
"CA52","PP","light","/tcode/CA52/","/neo/transactions/CA52/","yes","yes","EXACT","EXACT","EXACT","EXACT","n/a","EXACT","NEW-IN-NEO","EXACT","n/a","n/a","n/a","n/a","NEW-IN-NEO","EXACT","6/14","EXACT","P3","all 14 named facts that the data answers are rendered on the NEO page"
"CA53","PP","light","/tcode/CA53/","/neo/transactions/CA53/","yes","yes","EXACT","EXACT","EXACT","EXACT","n/a","EXACT","NEW-IN-NEO","EXACT","n/a","n/a","n/a","n/a","NEW-IN-NEO","EXACT","6/14","EXACT","P3","all 14 named facts that the data answers are rendered on the NEO page"
"CA60","PP","light","/tcode/CA60/","/neo/transactions/CA60/","yes","yes","EXACT","EXACT","EXACT","EXACT","n/a","EXACT","NEW-IN-NEO","EXACT","n/a","n/a","n/a","n/a","NEW-IN-NEO","EXACT","6/14","EXACT","P3","all 14 named facts that the data answers are rendered on the NEO page"
"CA80","PP","deep","/tcode/CA80/","/neo/transactions/CA80/","yes","yes","EXACT","EXACT","EXACT","EXACT","EXACT","EXACT","EXACT","EXACT","n/a","EXACT","n/a","n/a","EXACT","EXACT","11/14","TRANSFORMED","P2","14 named facts intact; NEO's TxDetail model does not carry: beginner · consultant · bestPractices · ossKeywords · interview"
"CA81","PP","light","/tcode/CA81/","/neo/transactions/CA81/","yes","yes","EXACT","EXACT","EXACT","EXACT","n/a","EXACT","NEW-IN-NEO","EXACT","n/a","n/a","n/a","n/a","NEW-IN-NEO","EXACT","6/14","EXACT","P3","all 14 named facts that the data answers are rendered on the NEO page"
"CA85","PP","deep","/tcode/CA85/","/neo/transactions/CA85/","yes","yes","EXACT","EXACT","EXACT","EXACT","EXACT","EXACT","EXACT","EXACT","n/a","EXACT","n/a","n/a","EXACT","EXACT","11/14","TRANSFORMED","P2","14 named facts intact; NEO's TxDetail model does not carry: beginner · consultant · bestPractices · ossKeywords · interview"
"CA90","PP","light","/tcode/CA90/","/neo/transactions/CA90/","yes","yes","EXACT","EXACT","EXACT","EXACT","n/a","EXACT","NEW-IN-NEO","EXACT","n/a","n/a","n/a","n/a","NEW-IN-NEO","EXACT","6/14","EXACT","P3","all 14 named facts that the data answers are rendered on the NEO page"
"CA95","PP","light","/tcode/CA95/","/neo/transactions/CA95/","yes","yes","EXACT","EXACT","EXACT","EXACT","n/a","EXACT","NEW-IN-NEO","EXACT","n/a","n/a","n/a","n/a","NEW-IN-NEO","EXACT","6/14","EXACT","P3","all 14 named facts that the data answers are rendered on the NEO page"
"CA96","PP","light","/tcode/CA96/","/neo/transactions/CA96/","yes","yes","EXACT","EXACT","EXACT","EXACT","n/a","EXACT","NEW-IN-NEO","EXACT","n/a","n/a","n/a","n/a","NEW-IN-NEO","EXACT","6/14","EXACT","P3","all 14 named facts that the data answers are rendered on the NEO page"
"CA98","PP","light","/tcode/CA98/","/neo/transactions/CA98/","yes","yes","EXACT","EXACT","EXACT","EXACT","n/a","EXACT","NEW-IN-NEO","EXACT","n/a","n/a","n/a","n/a","NEW-IN-NEO","EXACT","6/14","EXACT","P3","all 14 named facts that the data answers are rendered on the NEO page"
"CAT2","HR","light","/tcode/CAT2/","/neo/transactions/CAT2/","yes","yes","EXACT","EXACT","EXACT","EXACT","n/a","EXACT","n/a","EXACT","n/a","n/a","n/a","n/a","NEW-IN-NEO","n/a","5/14","EXACT","P3","all 14 named facts that the data answers are rendered on the NEO page"
"CAT3","HR","light","/tcode/CAT3/","/neo/transactions/CAT3/","yes","yes","EXACT","EXACT","EXACT","EXACT","n/a","EXACT","n/a","EXACT","n/a","n/a","n/a","n/a","NEW-IN-NEO","n/a","5/14","EXACT","P3","all 14 named facts that the data answers are rendered on the NEO page"
"CAT4","HR","light","/tcode/CAT4/","/neo/transactions/CAT4/","yes","yes","EXACT","EXACT","EXACT","EXACT","n/a","EXACT","n/a","EXACT","n/a","n/a","n/a","n/a","NEW-IN-NEO","EXACT","5/14","EXACT","P3","all 14 named facts that the data answers are rendered on the NEO page"
"CAT5","HR","light","/tcode/CAT5/","/neo/transactions/CAT5/","yes","yes","EXACT","EXACT","EXACT","EXACT","n/a","EXACT","n/a","EXACT","n/a","n/a","n/a","n/a","NEW-IN-NEO","n/a","5/14","EXACT","P3","all 14 named facts that the data answers are rendered on the NEO page"
"CAT6","HR","light","/tcode/CAT6/","/neo/transactions/CAT6/","yes","yes","EXACT","EXACT","EXACT","EXACT","n/a","EXACT","n/a","EXACT","n/a","n/a","n/a","n/a","NEW-IN-NEO","n/a","5/14","EXACT","P3","all 14 named facts that the data answers are rendered on the NEO page"
"CAT7","HR","light","/tcode/CAT7/","/neo/transactions/CAT7/","yes","yes","EXACT","EXACT","EXACT","EXACT","n/a","EXACT","n/a","EXACT","n/a","n/a","n/a","n/a","NEW-IN-NEO","n/a","5/14","EXACT","P3","all 14 named facts that the data answers are rendered on the NEO page"
"CATA","HR","light","/tcode/CATA/","/neo/transactions/CATA/","yes","yes","EXACT","EXACT","EXACT","EXACT","n/a","EXACT","n/a","EXACT","n/a","n/a","n/a","n/a","NEW-IN-NEO","n/a","5/14","EXACT","P3","all 14 named facts that the data answers are rendered on the NEO page"
"CATC","HR","light","/tcode/CATC/","/neo/transactions/CATC/","yes","yes","EXACT","EXACT","EXACT","EXACT","n/a","EXACT","n/a","EXACT","n/a","n/a","n/a","n/a","NEW-IN-NEO","n/a","5/14","EXACT","P3","all 14 named facts that the data answers are rendered on the NEO page"
"CATS_DA","HR","light","/tcode/CATS_DA/","/neo/transactions/CATS_DA/","yes","yes","EXACT","EXACT","EXACT","EXACT","n/a","EXACT","n/a","EXACT","n/a","n/a","n/a","n/a","NEW-IN-NEO","n/a","5/14","EXACT","P3","all 14 named facts that the data answers are rendered on the NEO page"
"CC01","PP","deep","/tcode/CC01/","/neo/transactions/CC01/","yes","yes","EXACT","EXACT","EXACT","n/a","EXACT","EXACT","EXACT","EXACT","n/a","EXACT","n/a","EXACT","EXACT","EXACT","12/14","TRANSFORMED","P2","14 named facts intact; NEO's TxDetail model does not carry: beginner · consultant · bestPractices · ossKeywords · interview · businessExample · techExample · debugSteps · perfNotes · prodTips"
"CC02","—","not-in-registry","/tcode/CC02/","—","yes","no","MISSING","n/a","n/a","n/a","n/a","n/a","MISSING","MISSING","n/a","n/a","n/a","n/a","MISSING","n/a","—","MISSING","P1","no /neo/transactions/CC02/ page: code comes from lib/object-intel listTcodes() (blueprint tcodes column), which lib/tx-registry does not merge; NEO generateStaticParams = registryCodes() only. OLD /tcode/CC02/ renders RelatedView with 1 blueprint table(s). DATA PRESENT, NOT SURFACED IN NEO."
"CFC1","—","not-in-registry","/tcode/CFC1/","—","yes","no","MISSING","n/a","n/a","n/a","n/a","n/a","MISSING","MISSING","n/a","n/a","n/a","n/a","n/a","n/a","—","MISSING","P1","no /neo/transactions/CFC1/ page: code comes from lib/object-intel listTcodes() (blueprint tcodes column), which lib/tx-registry does not merge; NEO generateStaticParams = registryCodes() only. OLD /tcode/CFC1/ renders RelatedView with 1 blueprint table(s). DATA PRESENT, NOT SURFACED IN NEO."
"CFC2","—","not-in-registry","/tcode/CFC2/","—","yes","no","MISSING","n/a","n/a","n/a","n/a","n/a","MISSING","MISSING","n/a","n/a","n/a","n/a","n/a","n/a","—","MISSING","P1","no /neo/transactions/CFC2/ page: code comes from lib/object-intel listTcodes() (blueprint tcodes column), which lib/tx-registry does not merge; NEO generateStaticParams = registryCodes() only. OLD /tcode/CFC2/ renders RelatedView with 2 blueprint table(s). DATA PRESENT, NOT SURFACED IN NEO."
"CFC3","—","not-in-registry","/tcode/CFC3/","—","yes","no","MISSING","n/a","n/a","n/a","n/a","n/a","MISSING","MISSING","n/a","n/a","n/a","n/a","n/a","n/a","—","MISSING","P1","no /neo/transactions/CFC3/ page: code comes from lib/object-intel listTcodes() (blueprint tcodes column), which lib/tx-registry does not merge; NEO generateStaticParams = registryCodes() only. OLD /tcode/CFC3/ renders RelatedView with 1 blueprint table(s). DATA PRESENT, NOT SURFACED IN NEO."
"CFV1","—","not-in-registry","/tcode/CFV1/","—","yes","no","MISSING","n/a","n/a","n/a","n/a","n/a","MISSING","MISSING","n/a","n/a","n/a","n/a","n/a","n/a","—","MISSING","P1","no /neo/transactions/CFV1/ page: code comes from lib/object-intel listTcodes() (blueprint tcodes column), which lib/tx-registry does not merge; NEO generateStaticParams = registryCodes() only. OLD /tcode/CFV1/ renders RelatedView with 1 blueprint table(s). DATA PRESENT, NOT SURFACED IN NEO."
"CFV2","—","not-in-registry","/tcode/CFV2/","—","yes","no","MISSING","n/a","n/a","n/a","n/a","n/a","MISSING","MISSING","n/a","n/a","n/a","n/a","n/a","n/a","—","MISSING","P1","no /neo/transactions/CFV2/ page: code comes from lib/object-intel listTcodes() (blueprint tcodes column), which lib/tx-registry does not merge; NEO generateStaticParams = registryCodes() only. OLD /tcode/CFV2/ renders RelatedView with 1 blueprint table(s). DATA PRESENT, NOT SURFACED IN NEO."
"CFV3","—","not-in-registry","/tcode/CFV3/","—","yes","no","MISSING","n/a","n/a","n/a","n/a","n/a","MISSING","MISSING","n/a","n/a","n/a","n/a","n/a","n/a","—","MISSING","P1","no /neo/transactions/CFV3/ page: code comes from lib/object-intel listTcodes() (blueprint tcodes column), which lib/tx-registry does not merge; NEO generateStaticParams = registryCodes() only. OLD /tcode/CFV3/ renders RelatedView with 1 blueprint table(s). DATA PRESENT, NOT SURFACED IN NEO."
"CJ01","PS","light","/tcode/CJ01/","/neo/transactions/CJ01/","yes","yes","EXACT","EXACT","EXACT","EXACT","n/a","EXACT","n/a","EXACT","n/a","NEW-IN-NEO","n/a","n/a","NEW-IN-NEO","n/a","7/14","EXACT","P3","all 14 named facts that the data answers are rendered on the NEO page"
"CJ02","PS","light","/tcode/CJ02/","/neo/transactions/CJ02/","yes","yes","EXACT","EXACT","EXACT","EXACT","n/a","EXACT","n/a","EXACT","n/a","NEW-IN-NEO","n/a","n/a","NEW-IN-NEO","n/a","7/14","EXACT","P3","all 14 named facts that the data answers are rendered on the NEO page"
"CJ03","PS","light","/tcode/CJ03/","/neo/transactions/CJ03/","yes","yes","EXACT","EXACT","EXACT","EXACT","n/a","EXACT","n/a","EXACT","n/a","n/a","n/a","n/a","NEW-IN-NEO","n/a","5/14","EXACT","P3","all 14 named facts that the data answers are rendered on the NEO page"
"CJ06","PS","light","/tcode/CJ06/","/neo/transactions/CJ06/","yes","yes","EXACT","EXACT","EXACT","EXACT","n/a","EXACT","n/a","EXACT","n/a","NEW-IN-NEO","n/a","n/a","NEW-IN-NEO","n/a","7/14","EXACT","P3","all 14 named facts that the data answers are rendered on the NEO page"
"CJ07","PS","light","/tcode/CJ07/","/neo/transactions/CJ07/","yes","yes","EXACT","EXACT","EXACT","EXACT","n/a","EXACT","n/a","EXACT","n/a","n/a","n/a","n/a","NEW-IN-NEO","n/a","5/14","EXACT","P3","all 14 named facts that the data answers are rendered on the NEO page"
"CJ08","PS","light","/tcode/CJ08/","/neo/transactions/CJ08/","yes","yes","EXACT","EXACT","EXACT","EXACT","n/a","EXACT","n/a","EXACT","n/a","n/a","n/a","n/a","NEW-IN-NEO","n/a","5/14","EXACT","P3","all 14 named facts that the data answers are rendered on the NEO page"
"CJ11","PS","light","/tcode/CJ11/","/neo/transactions/CJ11/","yes","yes","EXACT","EXACT","EXACT","EXACT","n/a","EXACT","n/a","EXACT","n/a","n/a","n/a","n/a","NEW-IN-NEO","n/a","5/14","EXACT","P3","all 14 named facts that the data answers are rendered on the NEO page"
"CJ12","PS","light","/tcode/CJ12/","/neo/transactions/CJ12/","yes","yes","EXACT","EXACT","EXACT","EXACT","n/a","EXACT","n/a","EXACT","n/a","n/a","n/a","n/a","NEW-IN-NEO","n/a","5/14","EXACT","P3","all 14 named facts that the data answers are rendered on the NEO page"
"CJ13","PS","light","/tcode/CJ13/","/neo/transactions/CJ13/","yes","yes","EXACT","EXACT","EXACT","EXACT","n/a","EXACT","n/a","EXACT","n/a","n/a","n/a","n/a","NEW-IN-NEO","n/a","5/14","EXACT","P3","all 14 named facts that the data answers are rendered on the NEO page"
"CJ14","PS","light","/tcode/CJ14/","/neo/transactions/CJ14/","yes","yes","EXACT","EXACT","EXACT","EXACT","n/a","EXACT","n/a","EXACT","n/a","n/a","n/a","n/a","NEW-IN-NEO","n/a","5/14","EXACT","P3","all 14 named facts that the data answers are rendered on the NEO page"
"CJ20","PS","light","/tcode/CJ20/","/neo/transactions/CJ20/","yes","yes","EXACT","EXACT","EXACT","EXACT","n/a","EXACT","n/a","EXACT","n/a","n/a","n/a","n/a","NEW-IN-NEO","n/a","5/14","EXACT","P3","all 14 named facts that the data answers are rendered on the NEO page"
"CJ20N","CO","deep","/tcode/CJ20N/","/neo/transactions/CJ20N/","yes","yes","EXACT","EXACT","EXACT","EXACT","EXACT","EXACT","EXACT","EXACT","n/a","EXACT","n/a","EXACT","EXACT","EXACT","13/14","TRANSFORMED","P2","14 named facts intact; NEO's TxDetail model does not carry: beginner · consultant · bestPractices · certTips · ossKeywords · interview"
"CJ27","PS","light","/tcode/CJ27/","/neo/transactions/CJ27/","yes","yes","EXACT","EXACT","EXACT","EXACT","n/a","EXACT","n/a","EXACT","n/a","n/a","n/a","n/a","NEW-IN-NEO","n/a","5/14","EXACT","P3","all 14 named facts that the data answers are rendered on the NEO page"
"CJ2A","PS","light","/tcode/CJ2A/","/neo/transactions/CJ2A/","yes","yes","EXACT","EXACT","EXACT","EXACT","n/a","EXACT","n/a","EXACT","n/a","n/a","n/a","n/a","NEW-IN-NEO","n/a","5/14","EXACT","P3","all 14 named facts that the data answers are rendered on the NEO page"
"CJ2B","PS","light","/tcode/CJ2B/","/neo/transactions/CJ2B/","yes","yes","EXACT","EXACT","EXACT","EXACT","n/a","EXACT","n/a","EXACT","n/a","n/a","n/a","n/a","NEW-IN-NEO","n/a","5/14","EXACT","P3","all 14 named facts that the data answers are rendered on the NEO page"
"CJ2D","PS","light","/tcode/CJ2D/","/neo/transactions/CJ2D/","yes","yes","EXACT","EXACT","EXACT","EXACT","n/a","EXACT","n/a","EXACT","n/a","n/a","n/a","n/a","NEW-IN-NEO","n/a","5/14","EXACT","P3","all 14 named facts that the data answers are rendered on the NEO page"
"CJ30","PS","light","/tcode/CJ30/","/neo/transactions/CJ30/","yes","yes","EXACT","EXACT","EXACT","EXACT","n/a","EXACT","n/a","EXACT","n/a","n/a","n/a","n/a","EXACT","n/a","6/14","EXACT","P3","all 14 named facts that the data answers are rendered on the NEO page"
"CJ31","PS","light","/tcode/CJ31/","/neo/transactions/CJ31/","yes","yes","EXACT","EXACT","EXACT","EXACT","n/a","EXACT","n/a","EXACT","n/a","n/a","n/a","n/a","NEW-IN-NEO","n/a","5/14","EXACT","P3","all 14 named facts that the data answers are rendered on the NEO page"
"CJ32","PS","light","/tcode/CJ32/","/neo/transactions/CJ32/","yes","yes","EXACT","EXACT","EXACT","EXACT","n/a","EXACT","n/a","EXACT","n/a","n/a","n/a","n/a","NEW-IN-NEO","EXACT","5/14","EXACT","P3","all 14 named facts that the data answers are rendered on the NEO page"
"CJ33","PS","light","/tcode/CJ33/","/neo/transactions/CJ33/","yes","yes","EXACT","EXACT","EXACT","EXACT","n/a","EXACT","n/a","EXACT","n/a","n/a","n/a","n/a","NEW-IN-NEO","EXACT","5/14","EXACT","P3","all 14 named facts that the data answers are rendered on the NEO page"
"CJ34","PS","light","/tcode/CJ34/","/neo/transactions/CJ34/","yes","yes","EXACT","EXACT","EXACT","EXACT","n/a","EXACT","n/a","EXACT","n/a","n/a","n/a","n/a","NEW-IN-NEO","n/a","5/14","EXACT","P3","all 14 named facts that the data answers are rendered on the NEO page"
"CJ35","PS","light","/tcode/CJ35/","/neo/transactions/CJ35/","yes","yes","EXACT","EXACT","EXACT","EXACT","n/a","EXACT","n/a","EXACT","n/a","n/a","n/a","n/a","NEW-IN-NEO","n/a","5/14","EXACT","P3","all 14 named facts that the data answers are rendered on the NEO page"
"CJ36","PS","light","/tcode/CJ36/","/neo/transactions/CJ36/","yes","yes","EXACT","EXACT","EXACT","EXACT","n/a","EXACT","n/a","EXACT","n/a","n/a","n/a","n/a","NEW-IN-NEO","n/a","5/14","EXACT","P3","all 14 named facts that the data answers are rendered on the NEO page"
"CJ37","PS","light","/tcode/CJ37/","/neo/transactions/CJ37/","yes","yes","EXACT","EXACT","EXACT","EXACT","n/a","EXACT","n/a","EXACT","n/a","n/a","n/a","n/a","NEW-IN-NEO","n/a","5/14","EXACT","P3","all 14 named facts that the data answers are rendered on the NEO page"
"CJ38","PS","light","/tcode/CJ38/","/neo/transactions/CJ38/","yes","yes","EXACT","EXACT","EXACT","EXACT","n/a","EXACT","n/a","EXACT","n/a","n/a","n/a","n/a","NEW-IN-NEO","n/a","5/14","EXACT","P3","all 14 named facts that the data answers are rendered on the NEO page"
"CJ3A","PS","light","/tcode/CJ3A/","/neo/transactions/CJ3A/","yes","yes","EXACT","EXACT","EXACT","EXACT","n/a","EXACT","n/a","EXACT","n/a","n/a","n/a","n/a","NEW-IN-NEO","n/a","5/14","EXACT","P3","all 14 named facts that the data answers are rendered on the NEO page"
"CJ3B","PS","light","/tcode/CJ3B/","/neo/transactions/CJ3B/","yes","yes","EXACT","EXACT","EXACT","EXACT","n/a","EXACT","n/a","EXACT","n/a","n/a","n/a","n/a","NEW-IN-NEO","n/a","5/14","EXACT","P3","all 14 named facts that the data answers are rendered on the NEO page"
"CJ40","CO","deep","/tcode/CJ40/","/neo/transactions/CJ40/","yes","yes","EXACT","EXACT","EXACT","EXACT","EXACT","EXACT","EXACT","EXACT","n/a","EXACT","n/a","EXACT","EXACT","n/a","11/14","TRANSFORMED","P2","14 named facts intact; NEO's TxDetail model does not carry: beginner · consultant · bestPractices · certTips · ossKeywords · interview"
"CJ41","PS","light","/tcode/CJ41/","/neo/transactions/CJ41/","yes","yes","EXACT","EXACT","EXACT","EXACT","n/a","EXACT","n/a","EXACT","n/a","n/a","n/a","n/a","NEW-IN-NEO","n/a","5/14","EXACT","P3","all 14 named facts that the data answers are rendered on the NEO page"
"CJ42","PS","light","/tcode/CJ42/","/neo/transactions/CJ42/","yes","yes","EXACT","EXACT","EXACT","EXACT","n/a","EXACT","n/a","EXACT","n/a","n/a","n/a","n/a","NEW-IN-NEO","n/a","5/14","EXACT","P3","all 14 named facts that the data answers are rendered on the NEO page"
"CJ43","PS","light","/tcode/CJ43/","/neo/transactions/CJ43/","yes","yes","EXACT","EXACT","EXACT","EXACT","n/a","EXACT","n/a","EXACT","n/a","n/a","n/a","n/a","NEW-IN-NEO","n/a","5/14","EXACT","P3","all 14 named facts that the data answers are rendered on the NEO page"
"CJ44","PS","light","/tcode/CJ44/","/neo/transactions/CJ44/","yes","yes","EXACT","EXACT","EXACT","EXACT","n/a","EXACT","n/a","EXACT","n/a","n/a","n/a","n/a","NEW-IN-NEO","n/a","5/14","EXACT","P3","all 14 named facts that the data answers are rendered on the NEO page"
"CJ45","PS","light","/tcode/CJ45/","/neo/transactions/CJ45/","yes","yes","EXACT","EXACT","EXACT","EXACT","n/a","EXACT","n/a","EXACT","n/a","n/a","n/a","n/a","NEW-IN-NEO","n/a","5/14","EXACT","P3","all 14 named facts that the data answers are rendered on the NEO page"
"CJ46","PS","light","/tcode/CJ46/","/neo/transactions/CJ46/","yes","yes","EXACT","EXACT","EXACT","EXACT","n/a","EXACT","n/a","EXACT","n/a","n/a","n/a","n/a","NEW-IN-NEO","n/a","5/14","EXACT","P3","all 14 named facts that the data answers are rendered on the NEO page"
"CJ47","PS","light","/tcode/CJ47/","/neo/transactions/CJ47/","yes","yes","EXACT","EXACT","EXACT","EXACT","n/a","EXACT","n/a","EXACT","n/a","n/a","n/a","n/a","NEW-IN-NEO","n/a","5/14","EXACT","P3","all 14 named facts that the data answers are rendered on the NEO page"
"CJ48","PS","light","/tcode/CJ48/","/neo/transactions/CJ48/","yes","yes","EXACT","EXACT","EXACT","EXACT","n/a","EXACT","n/a","EXACT","n/a","n/a","n/a","n/a","NEW-IN-NEO","n/a","5/14","EXACT","P3","all 14 named facts that the data answers are rendered on the NEO page"
"CJ49","PS","light","/tcode/CJ49/","/neo/transactions/CJ49/","yes","yes","EXACT","EXACT","EXACT","EXACT","n/a","EXACT","n/a","EXACT","n/a","n/a","n/a","n/a","NEW-IN-NEO","n/a","5/14","EXACT","P3","all 14 named facts that the data answers are rendered on the NEO page"
"CJ88","PS","light","/tcode/CJ88/","/neo/transactions/CJ88/","yes","yes","EXACT","EXACT","EXACT","EXACT","n/a","EXACT","n/a","EXACT","n/a","n/a","n/a","n/a","NEW-IN-NEO","n/a","5/14","EXACT","P3","all 14 named facts that the data answers are rendered on the NEO page"
"CJ8G","CO","deep","/tcode/CJ8G/","/neo/transactions/CJ8G/","yes","yes","EXACT","EXACT","EXACT","EXACT","EXACT","EXACT","EXACT","EXACT","n/a","EXACT","n/a","n/a","EXACT","EXACT","10/14","TRANSFORMED","P2","14 named facts intact; NEO's TxDetail model does not carry: beginner · consultant · bestPractices · certTips · ossKeywords · interview"
"CJ8V","PS","light","/tcode/CJ8V/","/neo/transactions/CJ8V/","yes","yes","EXACT","EXACT","EXACT","EXACT","n/a","EXACT","n/a","EXACT","n/a","n/a","n/a","n/a","NEW-IN-NEO","n/a","5/14","EXACT","P3","all 14 named facts that the data answers are rendered on the NEO page"
"CJ9B","PS","light","/tcode/CJ9B/","/neo/transactions/CJ9B/","yes","yes","EXACT","EXACT","EXACT","EXACT","n/a","EXACT","n/a","EXACT","n/a","n/a","n/a","n/a","NEW-IN-NEO","n/a","5/14","EXACT","P3","all 14 named facts that the data answers are rendered on the NEO page"
"CJ9BS","PS","light","/tcode/CJ9BS/","/neo/transactions/CJ9BS/","yes","yes","EXACT","EXACT","EXACT","EXACT","n/a","EXACT","n/a","EXACT","n/a","n/a","n/a","n/a","NEW-IN-NEO","n/a","5/14","EXACT","P3","all 14 named facts that the data answers are rendered on the NEO page"
"CJ9C","PS","light","/tcode/CJ9C/","/neo/transactions/CJ9C/","yes","yes","EXACT","EXACT","EXACT","EXACT","n/a","EXACT","n/a","EXACT","n/a","n/a","n/a","n/a","NEW-IN-NEO","n/a","5/14","EXACT","P3","all 14 named facts that the data answers are rendered on the NEO page"
"CJ9CS","PS","light","/tcode/CJ9CS/","/neo/transactions/CJ9CS/","yes","yes","EXACT","EXACT","EXACT","EXACT","n/a","EXACT","n/a","EXACT","n/a","n/a","n/a","n/a","NEW-IN-NEO","n/a","5/14","EXACT","P3","all 14 named facts that the data answers are rendered on the NEO page"
"CJ9D","PS","light","/tcode/CJ9D/","/neo/transactions/CJ9D/","yes","yes","EXACT","EXACT","EXACT","EXACT","n/a","EXACT","n/a","EXACT","n/a","n/a","n/a","n/a","NEW-IN-NEO","n/a","5/14","EXACT","P3","all 14 named facts that the data answers are rendered on the NEO page"
"CJ9ECP","PS","light","/tcode/CJ9ECP/","/neo/transactions/CJ9ECP/","yes","yes","EXACT","EXACT","EXACT","EXACT","n/a","EXACT","n/a","EXACT","n/a","n/a","n/a","n/a","NEW-IN-NEO","n/a","5/14","EXACT","P3","all 14 named facts that the data answers are rendered on the NEO page"
"CJ9F","PS","light","/tcode/CJ9F/","/neo/transactions/CJ9F/","yes","yes","EXACT","EXACT","EXACT","EXACT","n/a","EXACT","n/a","EXACT","n/a","n/a","n/a","n/a","NEW-IN-NEO","EXACT","5/14","EXACT","P3","all 14 named facts that the data answers are rendered on the NEO page"
"CJ9FS","PS","light","/tcode/CJ9FS/","/neo/transactions/CJ9FS/","yes","yes","EXACT","EXACT","EXACT","EXACT","n/a","EXACT","n/a","EXACT","n/a","n/a","n/a","n/a","NEW-IN-NEO","EXACT","5/14","EXACT","P3","all 14 named facts that the data answers are rendered on the NEO page"
"CJB1","PS","light","/tcode/CJB1/","/neo/transactions/CJB1/","yes","yes","EXACT","EXACT","EXACT","EXACT","n/a","EXACT","n/a","EXACT","n/a","n/a","n/a","n/a","NEW-IN-NEO","EXACT","5/14","EXACT","P3","all 14 named facts that the data answers are rendered on the NEO page"
"CJB2","PS","light","/tcode/CJB2/","/neo/transactions/CJB2/","yes","yes","EXACT","EXACT","EXACT","EXACT","n/a","EXACT","n/a","EXACT","n/a","n/a","n/a","n/a","NEW-IN-NEO","EXACT","5/14","EXACT","P3","all 14 named facts that the data answers are rendered on the NEO page"
"CJBBS1","PS","light","/tcode/CJBBS1/","/neo/transactions/CJBBS1/","yes","yes","EXACT","EXACT","EXACT","EXACT","n/a","EXACT","n/a","EXACT","n/a","n/a","n/a","n/a","NEW-IN-NEO","n/a","5/14","EXACT","P3","all 14 named facts that the data answers are rendered on the NEO page"
"CJBBS2","PS","light","/tcode/CJBBS2/","/neo/transactions/CJBBS2/","yes","yes","EXACT","EXACT","EXACT","EXACT","n/a","EXACT","n/a","EXACT","n/a","n/a","n/a","n/a","NEW-IN-NEO","n/a","5/14","EXACT","P3","all 14 named facts that the data answers are rendered on the NEO page"
"CJBN","PS","light","/tcode/CJBN/","/neo/transactions/CJBN/","yes","yes","EXACT","EXACT","EXACT","EXACT","n/a","EXACT","n/a","EXACT","n/a","n/a","n/a","n/a","NEW-IN-NEO","n/a","5/14","EXACT","P3","all 14 named facts that the data answers are rendered on the NEO page"
"CJBV","PS","light","/tcode/CJBV/","/neo/transactions/CJBV/","yes","yes","EXACT","EXACT","EXACT","EXACT","n/a","EXACT","n/a","EXACT","n/a","n/a","n/a","n/a","NEW-IN-NEO","n/a","5/14","EXACT","P3","all 14 named facts that the data answers are rendered on the NEO page"
"CJE0","PS","light","/tcode/CJE0/","/neo/transactions/CJE0/","yes","yes","EXACT","EXACT","EXACT","EXACT","n/a","EXACT","n/a","EXACT","n/a","n/a","n/a","n/a","NEW-IN-NEO","EXACT","5/14","EXACT","P3","all 14 named facts that the data answers are rendered on the NEO page"
"CJE1","PS","light","/tcode/CJE1/","/neo/transactions/CJE1/","yes","yes","EXACT","EXACT","EXACT","EXACT","n/a","EXACT","n/a","EXACT","n/a","n/a","n/a","n/a","NEW-IN-NEO","EXACT","5/14","EXACT","P3","all 14 named facts that the data answers are rendered on the NEO page"
"CJE2","PS","light","/tcode/CJE2/","/neo/transactions/CJE2/","yes","yes","EXACT","EXACT","EXACT","EXACT","n/a","EXACT","n/a","EXACT","n/a","n/a","n/a","n/a","NEW-IN-NEO","EXACT","5/14","EXACT","P3","all 14 named facts that the data answers are rendered on the NEO page"
"CJE3","PS","light","/tcode/CJE3/","/neo/transactions/CJE3/","yes","yes","EXACT","EXACT","EXACT","EXACT","n/a","EXACT","n/a","EXACT","n/a","n/a","n/a","n/a","NEW-IN-NEO","EXACT","5/14","EXACT","P3","all 14 named facts that the data answers are rendered on the NEO page"
"CJE4","PS","light","/tcode/CJE4/","/neo/transactions/CJE4/","yes","yes","EXACT","EXACT","EXACT","EXACT","n/a","EXACT","n/a","EXACT","n/a","n/a","n/a","n/a","NEW-IN-NEO","EXACT","5/14","EXACT","P3","all 14 named facts that the data answers are rendered on the NEO page"
"CJE5","PS","light","/tcode/CJE5/","/neo/transactions/CJE5/","yes","yes","EXACT","EXACT","EXACT","EXACT","n/a","EXACT","n/a","EXACT","n/a","n/a","n/a","n/a","NEW-IN-NEO","EXACT","5/14","EXACT","P3","all 14 named facts that the data answers are rendered on the NEO page"
"CJI3","PS","light","/tcode/CJI3/","/neo/transactions/CJI3/","yes","yes","EXACT","EXACT","EXACT","EXACT","n/a","EXACT","n/a","EXACT","n/a","n/a","n/a","n/a","EXACT","n/a","5/14","EXACT","P3","all 14 named facts that the data answers are rendered on the NEO page"
"CJI3N","PS","light","/tcode/CJI3N/","/neo/transactions/CJI3N/","yes","yes","EXACT","EXACT","EXACT","EXACT","n/a","EXACT","n/a","EXACT","n/a","n/a","n/a","n/a","NEW-IN-NEO","n/a","5/14","EXACT","P3","all 14 named facts that the data answers are rendered on the NEO page"
"CJI4","PS","light","/tcode/CJI4/","/neo/transactions/CJI4/","yes","yes","EXACT","EXACT","EXACT","EXACT","n/a","EXACT","n/a","EXACT","n/a","n/a","n/a","n/a","EXACT","n/a","5/14","EXACT","P3","all 14 named facts that the data answers are rendered on the NEO page"
"CJI5","PS","light","/tcode/CJI5/","/neo/transactions/CJI5/","yes","yes","EXACT","EXACT","EXACT","EXACT","n/a","EXACT","n/a","EXACT","n/a","n/a","n/a","n/a","NEW-IN-NEO","n/a","5/14","EXACT","P3","all 14 named facts that the data answers are rendered on the NEO page"
"CJI8","PS","light","/tcode/CJI8/","/neo/transactions/CJI8/","yes","yes","EXACT","EXACT","EXACT","EXACT","n/a","EXACT","n/a","EXACT","n/a","n/a","n/a","n/a","NEW-IN-NEO","n/a","5/14","EXACT","P3","all 14 named facts that the data answers are rendered on the NEO page"
"CJI9","PS","light","/tcode/CJI9/","/neo/transactions/CJI9/","yes","yes","EXACT","EXACT","EXACT","EXACT","n/a","EXACT","n/a","EXACT","n/a","n/a","n/a","n/a","NEW-IN-NEO","n/a","5/14","EXACT","P3","all 14 named facts that the data answers are rendered on the NEO page"
"CJIA","PS","light","/tcode/CJIA/","/neo/transactions/CJIA/","yes","yes","EXACT","EXACT","EXACT","EXACT","n/a","EXACT","n/a","EXACT","n/a","n/a","n/a","n/a","NEW-IN-NEO","n/a","5/14","EXACT","P3","all 14 named facts that the data answers are rendered on the NEO page"
"CJSB","PS","light","/tcode/CJSB/","/neo/transactions/CJSB/","yes","yes","EXACT","EXACT","EXACT","EXACT","n/a","EXACT","n/a","EXACT","n/a","n/a","n/a","n/a","NEW-IN-NEO","n/a","5/14","EXACT","P3","all 14 named facts that the data answers are rendered on the NEO page"
"CJSG","PS","light","/tcode/CJSG/","/neo/transactions/CJSG/","yes","yes","EXACT","EXACT","EXACT","EXACT","n/a","EXACT","n/a","EXACT","n/a","n/a","n/a","n/a","NEW-IN-NEO","n/a","5/14","EXACT","P3","all 14 named facts that the data answers are rendered on the NEO page"
"CJV1","PS","light","/tcode/CJV1/","/neo/transactions/CJV1/","yes","yes","EXACT","EXACT","EXACT","EXACT","n/a","EXACT","n/a","EXACT","n/a","n/a","n/a","n/a","NEW-IN-NEO","n/a","5/14","EXACT","P3","all 14 named facts that the data answers are rendered on the NEO page"
"CJV2","PS","light","/tcode/CJV2/","/neo/transactions/CJV2/","yes","yes","EXACT","EXACT","EXACT","EXACT","n/a","EXACT","n/a","EXACT","n/a","n/a","n/a","n/a","NEW-IN-NEO","n/a","5/14","EXACT","P3","all 14 named facts that the data answers are rendered on the NEO page"
"CJV3","PS","light","/tcode/CJV3/","/neo/transactions/CJV3/","yes","yes","EXACT","EXACT","EXACT","EXACT","n/a","EXACT","n/a","EXACT","n/a","n/a","n/a","n/a","NEW-IN-NEO","n/a","5/14","EXACT","P3","all 14 named facts that the data answers are rendered on the NEO page"
"CJV4","PS","light","/tcode/CJV4/","/neo/transactions/CJV4/","yes","yes","EXACT","EXACT","EXACT","EXACT","n/a","EXACT","n/a","EXACT","n/a","n/a","n/a","n/a","NEW-IN-NEO","n/a","5/14","EXACT","P3","all 14 named facts that the data answers are rendered on the NEO page"
"CJV5","PS","light","/tcode/CJV5/","/neo/transactions/CJV5/","yes","yes","EXACT","EXACT","EXACT","EXACT","n/a","EXACT","n/a","EXACT","n/a","n/a","n/a","n/a","NEW-IN-NEO","n/a","5/14","EXACT","P3","all 14 named facts that the data answers are rendered on the NEO page"
"CJV6","PS","light","/tcode/CJV6/","/neo/transactions/CJV6/","yes","yes","EXACT","EXACT","EXACT","EXACT","n/a","EXACT","n/a","EXACT","n/a","n/a","n/a","n/a","NEW-IN-NEO","n/a","5/14","EXACT","P3","all 14 named facts that the data answers are rendered on the NEO page"
"CJVC","PS","light","/tcode/CJVC/","/neo/transactions/CJVC/","yes","yes","EXACT","EXACT","EXACT","EXACT","n/a","EXACT","n/a","EXACT","n/a","n/a","n/a","n/a","NEW-IN-NEO","EXACT","5/14","EXACT","P3","all 14 named facts that the data answers are rendered on the NEO page"
"CK11N","PP","deep","/tcode/CK11N/","/neo/transactions/CK11N/","yes","yes","EXACT","EXACT","EXACT","EXACT","EXACT","EXACT","EXACT","EXACT","EXACT","EXACT","n/a","EXACT","EXACT","EXACT","14/14","TRANSFORMED","P2","14 named facts intact; NEO's TxDetail model does not carry: beginner · consultant · bestPractices · ossKeywords · interview · businessExample · techExample · debugSteps · perfNotes · prodTips · eccS4.simplification · authored.input · authored.output · authored.qa"
"CK13N","CO","deep","/tcode/CK13N/","/neo/transactions/CK13N/","yes","yes","EXACT","EXACT","EXACT","EXACT","EXACT","EXACT","EXACT","EXACT","n/a","EXACT","n/a","EXACT","EXACT","EXACT","12/14","TRANSFORMED","P2","14 named facts intact; NEO's TxDetail model does not carry: beginner · consultant · bestPractices · certTips · ossKeywords · interview"
"CK24","CO","deep","/tcode/CK24/","/neo/transactions/CK24/","yes","yes","EXACT","EXACT","EXACT","EXACT","EXACT","EXACT","EXACT","EXACT","n/a","EXACT","n/a","n/a","EXACT","EXACT","12/14","TRANSFORMED","P2","14 named facts intact; NEO's TxDetail model does not carry: beginner · consultant · bestPractices · certTips · ossKeywords · interview · businessExample · techExample · debugSteps · perfNotes · prodTips"
"CK33","CO","deep","/tcode/CK33/","/neo/transactions/CK33/","yes","yes","EXACT","EXACT","EXACT","n/a","EXACT","EXACT","EXACT","EXACT","n/a","EXACT","n/a","n/a","EXACT","EXACT","9/14","TRANSFORMED","P2","14 named facts intact; NEO's TxDetail model does not carry: beginner · consultant · bestPractices · certTips · ossKeywords · interview"
"CK40N","CO","deep","/tcode/CK40N/","/neo/transactions/CK40N/","yes","yes","EXACT","EXACT","EXACT","EXACT","EXACT","EXACT","EXACT","EXACT","n/a","EXACT","n/a","EXACT","EXACT","EXACT","13/14","TRANSFORMED","P2","14 named facts intact; NEO's TxDetail model does not carry: beginner · consultant · bestPractices · certTips · ossKeywords · interview · businessExample · techExample · debugSteps · perfNotes · prodTips"
"CK41","CO","light","/tcode/CK41/","/neo/transactions/CK41/","yes","yes","EXACT","EXACT","EXACT","EXACT","n/a","EXACT","n/a","EXACT","n/a","n/a","n/a","n/a","NEW-IN-NEO","EXACT","5/14","EXACT","P3","all 14 named facts that the data answers are rendered on the NEO page"
"CK74N","CO","light","/tcode/CK74N/","/neo/transactions/CK74N/","yes","yes","EXACT","EXACT","EXACT","EXACT","n/a","EXACT","n/a","EXACT","n/a","n/a","n/a","n/a","NEW-IN-NEO","EXACT","5/14","EXACT","P3","all 14 named facts that the data answers are rendered on the NEO page"
"CK86_99","CO","light","/tcode/CK86_99/","/neo/transactions/CK86_99/","yes","yes","EXACT","EXACT","EXACT","EXACT","n/a","EXACT","NEW-IN-NEO","EXACT","n/a","n/a","n/a","n/a","NEW-IN-NEO","EXACT","6/14","EXACT","P3","all 14 named facts that the data answers are rendered on the NEO page"
"CKM3","CO","light","/tcode/CKM3/","/neo/transactions/CKM3/","yes","yes","EXACT","EXACT","EXACT","EXACT","n/a","EXACT","n/a","EXACT","n/a","NEW-IN-NEO","n/a","n/a","NEW-IN-NEO","EXACT","8/14","EXACT","P3","all 14 named facts that the data answers are rendered on the NEO page"
"CKM3N","CO","deep","/tcode/CKM3N/","/neo/transactions/CKM3N/","yes","yes","EXACT","EXACT","EXACT","n/a","EXACT","EXACT","EXACT","EXACT","EXACT","EXACT","n/a","n/a","EXACT","EXACT","11/14","TRANSFORMED","P2","14 named facts intact; NEO's TxDetail model does not carry: beginner · consultant · bestPractices · certTips · ossKeywords · interview"
"CKMLCP","CO","light","/tcode/CKMLCP/","/neo/transactions/CKMLCP/","yes","yes","EXACT","EXACT","EXACT","EXACT","n/a","EXACT","n/a","EXACT","n/a","n/a","n/a","n/a","EXACT","EXACT","6/14","EXACT","P3","all 14 named facts that the data answers are rendered on the NEO page"
"CKMLCPAVR","CO","light","/tcode/CKMLCPAVR/","/neo/transactions/CKMLCPAVR/","yes","yes","EXACT","EXACT","EXACT","EXACT","n/a","EXACT","n/a","EXACT","n/a","n/a","n/a","n/a","NEW-IN-NEO","EXACT","5/14","EXACT","P3","all 14 named facts that the data answers are rendered on the NEO page"
"CL01","PP","deep","/tcode/CL01/","/neo/transactions/CL01/","yes","yes","EXACT","EXACT","EXACT","EXACT","EXACT","EXACT","EXACT","EXACT","n/a","EXACT","n/a","n/a","EXACT","EXACT","12/14","TRANSFORMED","P2","14 named facts intact; NEO's TxDetail model does not carry: beginner · consultant · bestPractices · ossKeywords · interview"
"CL02","PP","deep","/tcode/CL02/","/neo/transactions/CL02/","yes","yes","EXACT","EXACT","EXACT","EXACT","EXACT","EXACT","EXACT","EXACT","n/a","EXACT","n/a","n/a","EXACT","n/a","10/14","TRANSFORMED","P2","14 named facts intact; NEO's TxDetail model does not carry: beginner · consultant · bestPractices · ossKeywords · interview"
"CL03","PP","deep","/tcode/CL03/","/neo/transactions/CL03/","yes","yes","EXACT","EXACT","EXACT","EXACT","EXACT","EXACT","EXACT","EXACT","n/a","EXACT","n/a","n/a","EXACT","n/a","10/14","TRANSFORMED","P2","14 named facts intact; NEO's TxDetail model does not carry: beginner · consultant · bestPractices · ossKeywords · interview"
"CL20N","PP","deep","/tcode/CL20N/","/neo/transactions/CL20N/","yes","yes","EXACT","EXACT","EXACT","EXACT","EXACT","EXACT","EXACT","EXACT","n/a","EXACT","n/a","n/a","EXACT","EXACT","11/14","TRANSFORMED","P2","14 named facts intact; NEO's TxDetail model does not carry: beginner · consultant · bestPractices · ossKeywords · interview"
"CL24N","PP","deep","/tcode/CL24N/","/neo/transactions/CL24N/","yes","yes","EXACT","EXACT","EXACT","EXACT","EXACT","EXACT","EXACT","EXACT","n/a","EXACT","n/a","n/a","EXACT","n/a","10/14","TRANSFORMED","P2","14 named facts intact; NEO's TxDetail model does not carry: beginner · consultant · bestPractices · ossKeywords · interview"
"CL30N","PP","deep","/tcode/CL30N/","/neo/transactions/CL30N/","yes","yes","EXACT","EXACT","EXACT","n/a","EXACT","EXACT","EXACT","EXACT","n/a","EXACT","n/a","n/a","EXACT","n/a","9/14","TRANSFORMED","P2","14 named facts intact; NEO's TxDetail model does not carry: beginner · consultant · bestPractices · ossKeywords · interview"
"CL6O","PP-PI","light","/tcode/CL6O/","/neo/transactions/CL6O/","yes","yes","EXACT","EXACT","EXACT","EXACT","n/a","EXACT","n/a","EXACT","n/a","n/a","n/a","n/a","n/a","n/a","5/14","EXACT","P3","all 14 named facts that the data answers are rendered on the NEO page"
"CM01","PP","deep","/tcode/CM01/","/neo/transactions/CM01/","yes","yes","EXACT","EXACT","EXACT","EXACT","EXACT","EXACT","EXACT","EXACT","EXACT","EXACT","n/a","EXACT","EXACT","EXACT","14/14","TRANSFORMED","P2","14 named facts intact; NEO's TxDetail model does not carry: beginner · consultant · bestPractices · ossKeywords · interview · businessExample · techExample · debugSteps · perfNotes · prodTips · authored.input · authored.output · authored.qa"
"CM02","PP","deep","/tcode/CM02/","/neo/transactions/CM02/","yes","yes","EXACT","EXACT","EXACT","EXACT","EXACT","EXACT","EXACT","EXACT","n/a","EXACT","n/a","n/a","EXACT","EXACT","11/14","TRANSFORMED","P2","14 named facts intact; NEO's TxDetail model does not carry: beginner · consultant · bestPractices · ossKeywords · interview"
"CM03","PP","light","/tcode/CM03/","/neo/transactions/CM03/","yes","yes","EXACT","EXACT","EXACT","EXACT","n/a","EXACT","n/a","EXACT","n/a","n/a","n/a","n/a","NEW-IN-NEO","EXACT","5/14","EXACT","P3","all 14 named facts that the data answers are rendered on the NEO page"
"CM04","PP","deep","/tcode/CM04/","/neo/transactions/CM04/","yes","yes","EXACT","EXACT","EXACT","EXACT","EXACT","EXACT","EXACT","EXACT","n/a","EXACT","n/a","n/a","EXACT","EXACT","10/14","TRANSFORMED","P2","14 named facts intact; NEO's TxDetail model does not carry: beginner · consultant · bestPractices · ossKeywords · interview"
"CM05","PP","deep","/tcode/CM05/","/neo/transactions/CM05/","yes","yes","EXACT","EXACT","EXACT","EXACT","EXACT","EXACT","EXACT","EXACT","n/a","EXACT","n/a","n/a","EXACT","EXACT","11/14","TRANSFORMED","P2","14 named facts intact; NEO's TxDetail model does not carry: beginner · consultant · bestPractices · ossKeywords · interview"
"CM07","PP","light","/tcode/CM07/","/neo/transactions/CM07/","yes","yes","EXACT","EXACT","EXACT","EXACT","n/a","EXACT","n/a","EXACT","n/a","n/a","n/a","n/a","NEW-IN-NEO","EXACT","5/14","EXACT","P3","all 14 named facts that the data answers are rendered on the NEO page"
"CM21","PP","deep","/tcode/CM21/","/neo/transactions/CM21/","yes","yes","EXACT","EXACT","EXACT","EXACT","EXACT","EXACT","EXACT","EXACT","n/a","EXACT","n/a","n/a","EXACT","EXACT","11/14","TRANSFORMED","P2","14 named facts intact; NEO's TxDetail model does not carry: beginner · consultant · bestPractices · ossKeywords · interview"
"CM25","PP","light","/tcode/CM25/","/neo/transactions/CM25/","yes","yes","EXACT","EXACT","EXACT","EXACT","n/a","EXACT","n/a","EXACT","n/a","n/a","n/a","n/a","EXACT","EXACT","6/14","EXACT","P3","all 14 named facts that the data answers are rendered on the NEO page"
"CM31","PP","light","/tcode/CM31/","/neo/transactions/CM31/","yes","yes","EXACT","EXACT","EXACT","EXACT","n/a","EXACT","n/a","EXACT","n/a","n/a","n/a","n/a","EXACT","EXACT","5/14","EXACT","P3","all 14 named facts that the data answers are rendered on the NEO page"
"CM50","PP","deep","/tcode/CM50/","/neo/transactions/CM50/","yes","yes","EXACT","EXACT","EXACT","EXACT","EXACT","EXACT","EXACT","EXACT","n/a","EXACT","n/a","n/a","EXACT","EXACT","11/14","TRANSFORMED","P2","14 named facts intact; NEO's TxDetail model does not carry: beginner · consultant · bestPractices · ossKeywords · interview"
"CMOD","ABAP","light","/tcode/CMOD/","/neo/transactions/CMOD/","yes","yes","EXACT","EXACT","EXACT","EXACT","n/a","EXACT","n/a","EXACT","n/a","n/a","n/a","n/a","n/a","n/a","4/14","EXACT","P3","all 14 named facts that the data answers are rendered on the NEO page"
"CMP9","PS","light","/tcode/CMP9/","/neo/transactions/CMP9/","yes","yes","EXACT","EXACT","EXACT","EXACT","n/a","EXACT","n/a","EXACT","n/a","n/a","n/a","n/a","n/a","n/a","4/14","EXACT","P3","all 14 named facts that the data answers are rendered on the NEO page"
"CN01","PS","light","/tcode/CN01/","/neo/transactions/CN01/","yes","yes","EXACT","EXACT","EXACT","EXACT","n/a","EXACT","n/a","EXACT","n/a","n/a","n/a","n/a","NEW-IN-NEO","EXACT","5/14","EXACT","P3","all 14 named facts that the data answers are rendered on the NEO page"
"CN02","PS","light","/tcode/CN02/","/neo/transactions/CN02/","yes","yes","EXACT","EXACT","EXACT","EXACT","n/a","EXACT","n/a","EXACT","n/a","n/a","n/a","n/a","NEW-IN-NEO","EXACT","5/14","EXACT","P3","all 14 named facts that the data answers are rendered on the NEO page"
"CN03","PS","light","/tcode/CN03/","/neo/transactions/CN03/","yes","yes","EXACT","EXACT","EXACT","EXACT","n/a","EXACT","n/a","EXACT","n/a","n/a","n/a","n/a","NEW-IN-NEO","EXACT","5/14","EXACT","P3","all 14 named facts that the data answers are rendered on the NEO page"
"CN04","PS","light","/tcode/CN04/","/neo/transactions/CN04/","yes","yes","EXACT","EXACT","EXACT","EXACT","n/a","EXACT","n/a","EXACT","n/a","n/a","n/a","n/a","NEW-IN-NEO","EXACT","5/14","EXACT","P3","all 14 named facts that the data answers are rendered on the NEO page"
"CN05","PS","light","/tcode/CN05/","/neo/transactions/CN05/","yes","yes","EXACT","EXACT","EXACT","EXACT","n/a","EXACT","n/a","EXACT","n/a","n/a","n/a","n/a","NEW-IN-NEO","EXACT","5/14","EXACT","P3","all 14 named facts that the data answers are rendered on the NEO page"
"CN08","PS","light","/tcode/CN08/","/neo/transactions/CN08/","yes","yes","EXACT","EXACT","EXACT","EXACT","n/a","EXACT","n/a","EXACT","n/a","n/a","n/a","n/a","NEW-IN-NEO","EXACT","5/14","EXACT","P3","all 14 named facts that the data answers are rendered on the NEO page"
"CN09","PS","light","/tcode/CN09/","/neo/transactions/CN09/","yes","yes","EXACT","EXACT","EXACT","EXACT","n/a","EXACT","n/a","EXACT","n/a","n/a","n/a","n/a","NEW-IN-NEO","EXACT","5/14","EXACT","P3","all 14 named facts that the data answers are rendered on the NEO page"
"CN11","PS","light","/tcode/CN11/","/neo/transactions/CN11/","yes","yes","EXACT","EXACT","EXACT","EXACT","n/a","EXACT","n/a","EXACT","n/a","n/a","n/a","n/a","NEW-IN-NEO","EXACT","5/14","EXACT","P3","all 14 named facts that the data answers are rendered on the NEO page"
"CN12","PS","light","/tcode/CN12/","/neo/transactions/CN12/","yes","yes","EXACT","EXACT","EXACT","EXACT","n/a","EXACT","n/a","EXACT","n/a","n/a","n/a","n/a","NEW-IN-NEO","EXACT","5/14","EXACT","P3","all 14 named facts that the data answers are rendered on the NEO page"
"CN13","PS","light","/tcode/CN13/","/neo/transactions/CN13/","yes","yes","EXACT","EXACT","EXACT","EXACT","n/a","EXACT","n/a","EXACT","n/a","n/a","n/a","n/a","NEW-IN-NEO","EXACT","5/14","EXACT","P3","all 14 named facts that the data answers are rendered on the NEO page"
"CN19","PS","light","/tcode/CN19/","/neo/transactions/CN19/","yes","yes","EXACT","EXACT","EXACT","EXACT","n/a","EXACT","n/a","EXACT","n/a","n/a","n/a","n/a","NEW-IN-NEO","n/a","5/14","EXACT","P3","all 14 named facts that the data answers are rendered on the NEO page"
"CN21","PS","light","/tcode/CN21/","/neo/transactions/CN21/","yes","yes","EXACT","EXACT","EXACT","EXACT","n/a","EXACT","n/a","EXACT","n/a","NEW-IN-NEO","n/a","n/a","NEW-IN-NEO","n/a","7/14","EXACT","P3","all 14 named facts that the data answers are rendered on the NEO page"
"CN22","PS","light","/tcode/CN22/","/neo/transactions/CN22/","yes","yes","EXACT","EXACT","EXACT","EXACT","n/a","EXACT","n/a","EXACT","n/a","NEW-IN-NEO","n/a","n/a","NEW-IN-NEO","n/a","7/14","EXACT","P3","all 14 named facts that the data answers are rendered on the NEO page"
"CN23","PS","light","/tcode/CN23/","/neo/transactions/CN23/","yes","yes","EXACT","EXACT","EXACT","EXACT","n/a","EXACT","n/a","EXACT","n/a","n/a","n/a","n/a","NEW-IN-NEO","n/a","5/14","EXACT","P3","all 14 named facts that the data answers are rendered on the NEO page"
"CN24","PS","light","/tcode/CN24/","/neo/transactions/CN24/","yes","yes","EXACT","EXACT","EXACT","EXACT","n/a","EXACT","n/a","EXACT","n/a","n/a","n/a","n/a","NEW-IN-NEO","n/a","5/14","EXACT","P3","all 14 named facts that the data answers are rendered on the NEO page"
"CN24N","PS","light","/tcode/CN24N/","/neo/transactions/CN24N/","yes","yes","EXACT","EXACT","EXACT","EXACT","n/a","EXACT","n/a","EXACT","n/a","n/a","n/a","n/a","NEW-IN-NEO","n/a","5/14","EXACT","P3","all 14 named facts that the data answers are rendered on the NEO page"
"CN25","PS","light","/tcode/CN25/","/neo/transactions/CN25/","yes","yes","EXACT","EXACT","EXACT","EXACT","n/a","EXACT","n/a","EXACT","n/a","n/a","n/a","n/a","NEW-IN-NEO","EXACT","5/14","EXACT","P3","all 14 named facts that the data answers are rendered on the NEO page"
"CN27","PS","light","/tcode/CN27/","/neo/transactions/CN27/","yes","yes","EXACT","EXACT","EXACT","EXACT","n/a","EXACT","n/a","EXACT","n/a","n/a","n/a","n/a","NEW-IN-NEO","EXACT","5/14","EXACT","P3","all 14 named facts that the data answers are rendered on the NEO page"
"CN28","PS","light","/tcode/CN28/","/neo/transactions/CN28/","yes","yes","EXACT","EXACT","EXACT","EXACT","n/a","EXACT","n/a","EXACT","n/a","n/a","n/a","n/a","NEW-IN-NEO","EXACT","5/14","EXACT","P3","all 14 named facts that the data answers are rendered on the NEO page"
"CN29","PS","light","/tcode/CN29/","/neo/transactions/CN29/","yes","yes","EXACT","EXACT","EXACT","EXACT","n/a","EXACT","n/a","EXACT","n/a","n/a","n/a","n/a","NEW-IN-NEO","EXACT","5/14","EXACT","P3","all 14 named facts that the data answers are rendered on the NEO page"
"CN33","PS","light","/tcode/CN33/","/neo/transactions/CN33/","yes","yes","EXACT","EXACT","EXACT","EXACT","n/a","EXACT","n/a","EXACT","n/a","n/a","n/a","n/a","NEW-IN-NEO","EXACT","5/14","EXACT","P3","all 14 named facts that the data answers are rendered on the NEO page"
"CN34","PS","light","/tcode/CN34/","/neo/transactions/CN34/","yes","yes","EXACT","EXACT","EXACT","EXACT","n/a","EXACT","n/a","EXACT","n/a","n/a","n/a","n/a","NEW-IN-NEO","EXACT","5/14","EXACT","P3","all 14 named facts that the data answers are rendered on the NEO page"
"CN41","PS","light","/tcode/CN41/","/neo/transactions/CN41/","yes","yes","EXACT","EXACT","EXACT","EXACT","n/a","EXACT","n/a","EXACT","n/a","n/a","n/a","n/a","NEW-IN-NEO","n/a","5/14","EXACT","P3","all 14 named facts that the data answers are rendered on the NEO page"
"CN41N","PS","light","/tcode/CN41N/","/neo/transactions/CN41N/","yes","yes","EXACT","EXACT","EXACT","EXACT","n/a","EXACT","n/a","EXACT","n/a","n/a","n/a","n/a","NEW-IN-NEO","n/a","5/14","EXACT","P3","all 14 named facts that the data answers are rendered on the NEO page"
"CN42","PS","light","/tcode/CN42/","/neo/transactions/CN42/","yes","yes","EXACT","EXACT","EXACT","EXACT","n/a","EXACT","n/a","EXACT","n/a","n/a","n/a","n/a","NEW-IN-NEO","n/a","5/14","EXACT","P3","all 14 named facts that the data answers are rendered on the NEO page"
"CN42N","PS","light","/tcode/CN42N/","/neo/transactions/CN42N/","yes","yes","EXACT","EXACT","EXACT","EXACT","n/a","EXACT","n/a","EXACT","n/a","n/a","n/a","n/a","NEW-IN-NEO","n/a","5/14","EXACT","P3","all 14 named facts that the data answers are rendered on the NEO page"
"CN43","PS","light","/tcode/CN43/","/neo/transactions/CN43/","yes","yes","EXACT","EXACT","EXACT","EXACT","n/a","EXACT","n/a","EXACT","n/a","n/a","n/a","n/a","NEW-IN-NEO","n/a","5/14","EXACT","P3","all 14 named facts that the data answers are rendered on the NEO page"
"CN43N","PS","light","/tcode/CN43N/","/neo/transactions/CN43N/","yes","yes","EXACT","EXACT","EXACT","EXACT","n/a","EXACT","n/a","EXACT","n/a","n/a","n/a","n/a","NEW-IN-NEO","n/a","5/14","EXACT","P3","all 14 named facts that the data answers are rendered on the NEO page"
"CN44","PS","light","/tcode/CN44/","/neo/transactions/CN44/","yes","yes","EXACT","EXACT","EXACT","EXACT","n/a","EXACT","NEW-IN-NEO","EXACT","n/a","n/a","n/a","n/a","NEW-IN-NEO","EXACT","6/14","EXACT","P3","all 14 named facts that the data answers are rendered on the NEO page"
"CN44N","PS","light","/tcode/CN44N/","/neo/transactions/CN44N/","yes","yes","EXACT","EXACT","EXACT","EXACT","n/a","EXACT","NEW-IN-NEO","EXACT","n/a","n/a","n/a","n/a","NEW-IN-NEO","EXACT","6/14","EXACT","P3","all 14 named facts that the data answers are rendered on the NEO page"
"CN45","PS","light","/tcode/CN45/","/neo/transactions/CN45/","yes","yes","EXACT","EXACT","EXACT","EXACT","n/a","EXACT","NEW-IN-NEO","EXACT","n/a","n/a","n/a","n/a","NEW-IN-NEO","EXACT","6/14","EXACT","P3","all 14 named facts that the data answers are rendered on the NEO page"
"CN45N","PS","light","/tcode/CN45N/","/neo/transactions/CN45N/","yes","yes","EXACT","EXACT","EXACT","EXACT","n/a","EXACT","NEW-IN-NEO","EXACT","n/a","n/a","n/a","n/a","NEW-IN-NEO","EXACT","6/14","EXACT","P3","all 14 named facts that the data answers are rendered on the NEO page"
"CN46","PS","light","/tcode/CN46/","/neo/transactions/CN46/","yes","yes","EXACT","EXACT","EXACT","EXACT","n/a","EXACT","n/a","EXACT","n/a","n/a","n/a","n/a","NEW-IN-NEO","n/a","5/14","EXACT","P3","all 14 named facts that the data answers are rendered on the NEO page"
"CN46N","PS","light","/tcode/CN46N/","/neo/transactions/CN46N/","yes","yes","EXACT","EXACT","EXACT","EXACT","n/a","EXACT","n/a","EXACT","n/a","n/a","n/a","n/a","NEW-IN-NEO","n/a","5/14","EXACT","P3","all 14 named facts that the data answers are rendered on the NEO page"
"CN47","PS","light","/tcode/CN47/","/neo/transactions/CN47/","yes","yes","EXACT","EXACT","EXACT","EXACT","n/a","EXACT","n/a","EXACT","n/a","n/a","n/a","n/a","NEW-IN-NEO","n/a","5/14","EXACT","P3","all 14 named facts that the data answers are rendered on the NEO page"
"CN47N","PS","light","/tcode/CN47N/","/neo/transactions/CN47N/","yes","yes","EXACT","EXACT","EXACT","EXACT","n/a","EXACT","n/a","EXACT","n/a","n/a","n/a","n/a","NEW-IN-NEO","n/a","5/14","EXACT","P3","all 14 named facts that the data answers are rendered on the NEO page"
"CN48","PS","light","/tcode/CN48/","/neo/transactions/CN48/","yes","yes","EXACT","EXACT","EXACT","EXACT","n/a","EXACT","n/a","EXACT","n/a","n/a","n/a","n/a","NEW-IN-NEO","EXACT","5/14","EXACT","P3","all 14 named facts that the data answers are rendered on the NEO page"
"CN48N","PS","light","/tcode/CN48N/","/neo/transactions/CN48N/","yes","yes","EXACT","EXACT","EXACT","EXACT","n/a","EXACT","n/a","EXACT","n/a","n/a","n/a","n/a","NEW-IN-NEO","EXACT","5/14","EXACT","P3","all 14 named facts that the data answers are rendered on the NEO page"
"CN49","PS","light","/tcode/CN49/","/neo/transactions/CN49/","yes","yes","EXACT","EXACT","EXACT","EXACT","n/a","EXACT","n/a","EXACT","n/a","n/a","n/a","n/a","NEW-IN-NEO","n/a","5/14","EXACT","P3","all 14 named facts that the data answers are rendered on the NEO page"
"CN49N","PS","light","/tcode/CN49N/","/neo/transactions/CN49N/","yes","yes","EXACT","EXACT","EXACT","EXACT","n/a","EXACT","n/a","EXACT","n/a","n/a","n/a","n/a","NEW-IN-NEO","n/a","5/14","EXACT","P3","all 14 named facts that the data answers are rendered on the NEO page"
"CN50","PS","light","/tcode/CN50/","/neo/transactions/CN50/","yes","yes","EXACT","EXACT","EXACT","EXACT","n/a","EXACT","n/a","EXACT","n/a","n/a","n/a","n/a","NEW-IN-NEO","EXACT","5/14","EXACT","P3","all 14 named facts that the data answers are rendered on the NEO page"
"CN50N","PS","light","/tcode/CN50N/","/neo/transactions/CN50N/","yes","yes","EXACT","EXACT","EXACT","EXACT","n/a","EXACT","n/a","EXACT","n/a","n/a","n/a","n/a","NEW-IN-NEO","EXACT","5/14","EXACT","P3","all 14 named facts that the data answers are rendered on the NEO page"
"CN51","PS","light","/tcode/CN51/","/neo/transactions/CN51/","yes","yes","EXACT","EXACT","EXACT","EXACT","n/a","EXACT","n/a","EXACT","n/a","n/a","n/a","n/a","NEW-IN-NEO","n/a","5/14","EXACT","P3","all 14 named facts that the data answers are rendered on the NEO page"
"CN51N","PS","light","/tcode/CN51N/","/neo/transactions/CN51N/","yes","yes","EXACT","EXACT","EXACT","EXACT","n/a","EXACT","NEW-IN-NEO","EXACT","n/a","n/a","n/a","n/a","NEW-IN-NEO","EXACT","6/14","EXACT","P3","all 14 named facts that the data answers are rendered on the NEO page"
"CN52","PS","light","/tcode/CN52/","/neo/transactions/CN52/","yes","yes","EXACT","EXACT","EXACT","EXACT","n/a","EXACT","n/a","EXACT","n/a","n/a","n/a","n/a","NEW-IN-NEO","n/a","5/14","EXACT","P3","all 14 named facts that the data answers are rendered on the NEO page"
"CN52N","PS","light","/tcode/CN52N/","/neo/transactions/CN52N/","yes","yes","EXACT","EXACT","EXACT","EXACT","n/a","EXACT","n/a","EXACT","n/a","n/a","n/a","n/a","NEW-IN-NEO","n/a","5/14","EXACT","P3","all 14 named facts that the data answers are rendered on the NEO page"
"CN53","PS","light","/tcode/CN53/","/neo/transactions/CN53/","yes","yes","EXACT","EXACT","EXACT","EXACT","n/a","EXACT","n/a","EXACT","n/a","n/a","n/a","n/a","NEW-IN-NEO","n/a","5/14","EXACT","P3","all 14 named facts that the data answers are rendered on the NEO page"
"CN53N","PS","light","/tcode/CN53N/","/neo/transactions/CN53N/","yes","yes","EXACT","EXACT","EXACT","EXACT","n/a","EXACT","n/a","EXACT","n/a","n/a","n/a","n/a","NEW-IN-NEO","n/a","5/14","EXACT","P3","all 14 named facts that the data answers are rendered on the NEO page"
"CN60","PS","light","/tcode/CN60/","/neo/transactions/CN60/","yes","yes","EXACT","EXACT","EXACT","EXACT","n/a","EXACT","n/a","EXACT","n/a","n/a","n/a","n/a","NEW-IN-NEO","n/a","5/14","EXACT","P3","all 14 named facts that the data answers are rendered on the NEO page"
"CN61","PS","light","/tcode/CN61/","/neo/transactions/CN61/","yes","yes","EXACT","EXACT","EXACT","EXACT","n/a","EXACT","n/a","EXACT","n/a","n/a","n/a","n/a","NEW-IN-NEO","EXACT","5/14","EXACT","P3","all 14 named facts that the data answers are rendered on the NEO page"
"CN65","PS","light","/tcode/CN65/","/neo/transactions/CN65/","yes","yes","EXACT","EXACT","EXACT","EXACT","n/a","EXACT","n/a","EXACT","n/a","n/a","n/a","n/a","NEW-IN-NEO","n/a","5/14","EXACT","P3","all 14 named facts that the data answers are rendered on the NEO page"
"CN70","PS","light","/tcode/CN70/","/neo/transactions/CN70/","yes","yes","EXACT","EXACT","EXACT","EXACT","n/a","EXACT","n/a","EXACT","n/a","n/a","n/a","n/a","NEW-IN-NEO","n/a","5/14","EXACT","P3","all 14 named facts that the data answers are rendered on the NEO page"
"CN70N","PS","light","/tcode/CN70N/","/neo/transactions/CN70N/","yes","yes","EXACT","EXACT","EXACT","EXACT","n/a","EXACT","n/a","EXACT","n/a","n/a","n/a","n/a","NEW-IN-NEO","n/a","5/14","EXACT","P3","all 14 named facts that the data answers are rendered on the NEO page"
"CN71","PS","light","/tcode/CN71/","/neo/transactions/CN71/","yes","yes","EXACT","EXACT","EXACT","EXACT","n/a","EXACT","n/a","EXACT","n/a","n/a","n/a","n/a","NEW-IN-NEO","n/a","5/14","EXACT","P3","all 14 named facts that the data answers are rendered on the NEO page"
"CN72","PS","light","/tcode/CN72/","/neo/transactions/CN72/","yes","yes","EXACT","EXACT","EXACT","EXACT","n/a","EXACT","n/a","EXACT","n/a","n/a","n/a","n/a","NEW-IN-NEO","n/a","5/14","EXACT","P3","all 14 named facts that the data answers are rendered on the NEO page"
"CNB1","PS","light","/tcode/CNB1/","/neo/transactions/CNB1/","yes","yes","EXACT","EXACT","EXACT","EXACT","n/a","EXACT","n/a","EXACT","n/a","n/a","n/a","n/a","NEW-IN-NEO","n/a","5/14","EXACT","P3","all 14 named facts that the data answers are rendered on the NEO page"
"CNB2","PS","light","/tcode/CNB2/","/neo/transactions/CNB2/","yes","yes","EXACT","EXACT","EXACT","EXACT","n/a","EXACT","n/a","EXACT","n/a","n/a","n/a","n/a","NEW-IN-NEO","n/a","5/14","EXACT","P3","all 14 named facts that the data answers are rendered on the NEO page"
"CNE1","PS","light","/tcode/CNE1/","/neo/transactions/CNE1/","yes","yes","EXACT","EXACT","EXACT","EXACT","n/a","EXACT","n/a","EXACT","n/a","n/a","n/a","n/a","NEW-IN-NEO","EXACT","5/14","EXACT","P3","all 14 named facts that the data answers are rendered on the NEO page"
"CNE2","PS","light","/tcode/CNE2/","/neo/transactions/CNE2/","yes","yes","EXACT","EXACT","EXACT","EXACT","n/a","EXACT","n/a","EXACT","n/a","n/a","n/a","n/a","NEW-IN-NEO","EXACT","5/14","EXACT","P3","all 14 named facts that the data answers are rendered on the NEO page"
"CNE5","PS","light","/tcode/CNE5/","/neo/transactions/CNE5/","yes","yes","EXACT","EXACT","EXACT","EXACT","n/a","EXACT","n/a","EXACT","n/a","n/a","n/a","n/a","NEW-IN-NEO","EXACT","5/14","EXACT","P3","all 14 named facts that the data answers are rendered on the NEO page"
"CNMM","PS","light","/tcode/CNMM/","/neo/transactions/CNMM/","yes","yes","EXACT","EXACT","EXACT","EXACT","n/a","EXACT","n/a","EXACT","n/a","n/a","n/a","n/a","NEW-IN-NEO","n/a","5/14","EXACT","P3","all 14 named facts that the data answers are rendered on the NEO page"
"CNS41","PS","light","/tcode/CNS41/","/neo/transactions/CNS41/","yes","yes","EXACT","EXACT","EXACT","EXACT","n/a","EXACT","n/a","EXACT","n/a","n/a","n/a","n/a","NEW-IN-NEO","n/a","5/14","EXACT","P3","all 14 named facts that the data answers are rendered on the NEO page"
"CNS43","PS","light","/tcode/CNS43/","/neo/transactions/CNS43/","yes","yes","EXACT","EXACT","EXACT","EXACT","n/a","EXACT","n/a","EXACT","n/a","n/a","n/a","n/a","NEW-IN-NEO","n/a","5/14","EXACT","P3","all 14 named facts that the data answers are rendered on the NEO page"
"CO01","PP","deep","/tcode/CO01/","/neo/transactions/CO01/","yes","yes","EXACT","EXACT","EXACT","EXACT","EXACT","EXACT","EXACT","EXACT","EXACT","EXACT","EXACT","EXACT","EXACT","EXACT","14/14","TRANSFORMED","P2","14 named facts intact; NEO's TxDetail model does not carry: beginner · consultant · bestPractices · ossKeywords · interview · businessExample · techExample · debugSteps · perfNotes · prodTips · authored.input · authored.output · authored.qa"
"CO02","PP","deep","/tcode/CO02/","/neo/transactions/CO02/","yes","yes","EXACT","EXACT","EXACT","EXACT","EXACT","EXACT","EXACT","EXACT","EXACT","EXACT","n/a","EXACT","EXACT","EXACT","14/14","TRANSFORMED","P2","14 named facts intact; NEO's TxDetail model does not carry: beginner · consultant · bestPractices · ossKeywords · interview · businessExample · techExample · debugSteps · perfNotes · prodTips · authored.input · authored.output · authored.qa"
"CO03","PP","deep","/tcode/CO03/","/neo/transactions/CO03/","yes","yes","EXACT","EXACT","EXACT","EXACT","EXACT","EXACT","EXACT","EXACT","EXACT","EXACT","n/a","EXACT","EXACT","EXACT","14/14","TRANSFORMED","P2","14 named facts intact; NEO's TxDetail model does not carry: beginner · consultant · bestPractices · ossKeywords · interview · businessExample · techExample · debugSteps · perfNotes · prodTips"
"CO04","PP","deep","/tcode/CO04/","/neo/transactions/CO04/","yes","yes","EXACT","EXACT","EXACT","n/a","EXACT","EXACT","EXACT","EXACT","n/a","EXACT","n/a","n/a","EXACT","EXACT","11/14","TRANSFORMED","P2","14 named facts intact; NEO's TxDetail model does not carry: beginner · consultant · bestPractices · ossKeywords · interview · businessExample · techExample · debugSteps · perfNotes · prodTips"
"CO05N","PP","deep","/tcode/CO05N/","/neo/transactions/CO05N/","yes","yes","EXACT","EXACT","EXACT","EXACT","EXACT","EXACT","EXACT","EXACT","n/a","EXACT","n/a","EXACT","EXACT","EXACT","13/14","TRANSFORMED","P2","14 named facts intact; NEO's TxDetail model does not carry: beginner · consultant · bestPractices · ossKeywords · interview · businessExample · techExample · debugSteps · perfNotes · prodTips"
"CO06","PP","deep","/tcode/CO06/","/neo/transactions/CO06/","yes","yes","EXACT","EXACT","EXACT","EXACT","EXACT","EXACT","EXACT","EXACT","EXACT","EXACT","n/a","n/a","EXACT","EXACT","13/14","TRANSFORMED","P2","14 named facts intact; NEO's TxDetail model does not carry: beginner · consultant · bestPractices · ossKeywords · interview · businessExample · techExample · debugSteps · perfNotes · prodTips"
"CO07","PP","deep","/tcode/CO07/","/neo/transactions/CO07/","yes","yes","EXACT","EXACT","EXACT","EXACT","EXACT","EXACT","EXACT","EXACT","n/a","EXACT","n/a","EXACT","EXACT","EXACT","13/14","TRANSFORMED","P2","14 named facts intact; NEO's TxDetail model does not carry: beginner · consultant · bestPractices · ossKeywords · interview · businessExample · techExample · debugSteps · perfNotes · prodTips"
"CO08","PP","deep","/tcode/CO08/","/neo/transactions/CO08/","yes","yes","EXACT","EXACT","EXACT","EXACT","EXACT","EXACT","EXACT","EXACT","n/a","EXACT","n/a","EXACT","EXACT","EXACT","13/14","TRANSFORMED","P2","14 named facts intact; NEO's TxDetail model does not carry: beginner · consultant · bestPractices · ossKeywords · interview · businessExample · techExample · debugSteps · perfNotes · prodTips"
"CO09","PP","deep","/tcode/CO09/","/neo/transactions/CO09/","yes","yes","EXACT","EXACT","EXACT","EXACT","EXACT","EXACT","EXACT","EXACT","EXACT","EXACT","n/a","EXACT","EXACT","EXACT","14/14","TRANSFORMED","P2","14 named facts intact; NEO's TxDetail model does not carry: beginner · consultant · bestPractices · ossKeywords · interview"
"CO11N","PP","deep","/tcode/CO11N/","/neo/transactions/CO11N/","yes","yes","EXACT","EXACT","EXACT","EXACT","EXACT","EXACT","EXACT","EXACT","EXACT","EXACT","n/a","EXACT","EXACT","EXACT","14/14","TRANSFORMED","P2","14 named facts intact; NEO's TxDetail model does not carry: beginner · consultant · bestPractices · ossKeywords · interview · businessExample · techExample · debugSteps · perfNotes · prodTips · authored.input · authored.output · authored.qa"
"CO12","PP","light","/tcode/CO12/","/neo/transactions/CO12/","yes","yes","EXACT","EXACT","EXACT","EXACT","n/a","EXACT","n/a","EXACT","n/a","n/a","n/a","n/a","NEW-IN-NEO","EXACT","5/14","EXACT","P3","all 14 named facts that the data answers are rendered on the NEO page"
"CO13","PP","deep","/tcode/CO13/","/neo/transactions/CO13/","yes","yes","EXACT","EXACT","EXACT","EXACT","EXACT","EXACT","EXACT","EXACT","EXACT","EXACT","n/a","EXACT","EXACT","EXACT","13/14","TRANSFORMED","P2","14 named facts intact; NEO's TxDetail model does not carry: beginner · consultant · bestPractices · ossKeywords · interview · businessExample · techExample · debugSteps · perfNotes · prodTips"
"CO14","PP","deep","/tcode/CO14/","/neo/transactions/CO14/","yes","yes","EXACT","EXACT","EXACT","EXACT","EXACT","EXACT","EXACT","EXACT","EXACT","EXACT","n/a","EXACT","EXACT","EXACT","13/14","TRANSFORMED","P2","14 named facts intact; NEO's TxDetail model does not carry: beginner · consultant · bestPractices · ossKeywords · interview · businessExample · techExample · debugSteps · perfNotes · prodTips"
"CO15","PP","deep","/tcode/CO15/","/neo/transactions/CO15/","yes","yes","EXACT","EXACT","EXACT","EXACT","EXACT","EXACT","EXACT","EXACT","EXACT","EXACT","n/a","EXACT","EXACT","EXACT","14/14","TRANSFORMED","P2","14 named facts intact; NEO's TxDetail model does not carry: beginner · consultant · bestPractices · ossKeywords · interview · businessExample · techExample · debugSteps · perfNotes · prodTips · authored.input · authored.output · authored.qa"
"CO16N","PP","deep","/tcode/CO16N/","/neo/transactions/CO16N/","yes","yes","EXACT","EXACT","EXACT","EXACT","EXACT","EXACT","EXACT","EXACT","n/a","EXACT","n/a","n/a","EXACT","EXACT","11/14","TRANSFORMED","P2","14 named facts intact; NEO's TxDetail model does not carry: beginner · consultant · bestPractices · ossKeywords · interview · businessExample · techExample · debugSteps · perfNotes · prodTips"
"CO1F","PP","light","/tcode/CO1F/","/neo/transactions/CO1F/","yes","yes","EXACT","EXACT","EXACT","EXACT","n/a","EXACT","NEW-IN-NEO","EXACT","n/a","n/a","n/a","n/a","NEW-IN-NEO","EXACT","6/14","EXACT","P3","all 14 named facts that the data answers are rendered on the NEO page"
"CO1P","PP-PI","light","/tcode/CO1P/","/neo/transactions/CO1P/","yes","yes","EXACT","EXACT","EXACT","EXACT","n/a","EXACT","n/a","EXACT","n/a","n/a","n/a","n/a","NEW-IN-NEO","EXACT","5/14","EXACT","P3","all 14 named facts that the data answers are rendered on the NEO page"
"CO24","PP","deep","/tcode/CO24/","/neo/transactions/CO24/","yes","yes","EXACT","EXACT","EXACT","EXACT","EXACT","EXACT","EXACT","EXACT","EXACT","EXACT","n/a","n/a","EXACT","EXACT","12/14","TRANSFORMED","P2","14 named facts intact; NEO's TxDetail model does not carry: beginner · consultant · bestPractices · ossKeywords · interview"
"CO27","PP","deep","/tcode/CO27/","/neo/transactions/CO27/","yes","yes","EXACT","EXACT","EXACT","EXACT","EXACT","EXACT","EXACT","EXACT","EXACT","EXACT","n/a","n/a","EXACT","EXACT","12/14","TRANSFORMED","P2","14 named facts intact; NEO's TxDetail model does not carry: beginner · consultant · bestPractices · ossKeywords · interview"
"CO40","PP","deep","/tcode/CO40/","/neo/transactions/CO40/","yes","yes","EXACT","EXACT","EXACT","EXACT","EXACT","EXACT","EXACT","EXACT","n/a","EXACT","n/a","EXACT","EXACT","EXACT","13/14","TRANSFORMED","P2","14 named facts intact; NEO's TxDetail model does not carry: beginner · consultant · bestPractices · ossKeywords · interview · businessExample · techExample · debugSteps · perfNotes · prodTips"
"CO41","PP","deep","/tcode/CO41/","/neo/transactions/CO41/","yes","yes","EXACT","EXACT","EXACT","EXACT","EXACT","EXACT","EXACT","EXACT","n/a","EXACT","n/a","EXACT","EXACT","EXACT","13/14","TRANSFORMED","P2","14 named facts intact; NEO's TxDetail model does not carry: beginner · consultant · bestPractices · ossKeywords · interview · businessExample · techExample · debugSteps · perfNotes · prodTips"
"CO44","PP","light","/tcode/CO44/","/neo/transactions/CO44/","yes","yes","EXACT","EXACT","EXACT","EXACT","n/a","EXACT","NEW-IN-NEO","EXACT","n/a","n/a","n/a","n/a","NEW-IN-NEO","EXACT","6/14","EXACT","P3","all 14 named facts that the data answers are rendered on the NEO page"
"CO46","PP","deep","/tcode/CO46/","/neo/transactions/CO46/","yes","yes","EXACT","EXACT","EXACT","EXACT","EXACT","EXACT","EXACT","EXACT","EXACT","EXACT","n/a","n/a","EXACT","EXACT","13/14","TRANSFORMED","P2","14 named facts intact; NEO's TxDetail model does not carry: beginner · consultant · bestPractices · ossKeywords · interview · businessExample · techExample · debugSteps · perfNotes · prodTips"
"CO48","PP","deep","/tcode/CO48/","/neo/transactions/CO48/","yes","yes","EXACT","EXACT","EXACT","EXACT","EXACT","EXACT","EXACT","EXACT","n/a","EXACT","n/a","EXACT","EXACT","EXACT","13/14","TRANSFORMED","P2","14 named facts intact; NEO's TxDetail model does not carry: beginner · consultant · bestPractices · ossKeywords · interview · businessExample · techExample · debugSteps · perfNotes · prodTips"
"CO52","PP-PI","light","/tcode/CO52/","/neo/transactions/CO52/","yes","yes","EXACT","EXACT","EXACT","EXACT","n/a","EXACT","NEW-IN-NEO","EXACT","n/a","n/a","n/a","n/a","n/a","EXACT","5/14","EXACT","P3","all 14 named facts that the data answers are rendered on the NEO page"
"CO53","PP","deep","/tcode/CO53/","/neo/transactions/CO53/","yes","yes","EXACT","EXACT","EXACT","EXACT","EXACT","EXACT","EXACT","EXACT","EXACT","EXACT","n/a","EXACT","EXACT","EXACT","14/14","TRANSFORMED","P2","14 named facts intact; NEO's TxDetail model does not carry: beginner · consultant · bestPractices · ossKeywords · interview · businessExample · techExample · debugSteps · perfNotes · prodTips · authored.input · authored.output · authored.qa"
"CO54","PP-PI","deep","/tcode/CO54/","/neo/transactions/CO54/","yes","yes","EXACT","EXACT","EXACT","EXACT","EXACT","EXACT","EXACT","EXACT","EXACT","EXACT","n/a","EXACT","EXACT","EXACT","14/14","TRANSFORMED","P2","14 named facts intact; NEO's TxDetail model does not carry: authored.input · authored.output · authored.qa"
"CO55","PP-PI","light","/tcode/CO55/","/neo/transactions/CO55/","yes","yes","EXACT","EXACT","EXACT","EXACT","n/a","EXACT","n/a","EXACT","n/a","n/a","n/a","n/a","n/a","n/a","5/14","EXACT","P3","all 14 named facts that the data answers are rendered on the NEO page"
"CO57","PP-PI","light","/tcode/CO57/","/neo/transactions/CO57/","yes","yes","EXACT","EXACT","EXACT","EXACT","n/a","EXACT","n/a","EXACT","n/a","n/a","n/a","n/a","n/a","n/a","5/14","EXACT","P3","all 14 named facts that the data answers are rendered on the NEO page"
"CO60","PP-PI","light","/tcode/CO60/","/neo/transactions/CO60/","yes","yes","EXACT","EXACT","EXACT","EXACT","n/a","EXACT","n/a","EXACT","n/a","n/a","n/a","n/a","EXACT","n/a","6/14","EXACT","P3","all 14 named facts that the data answers are rendered on the NEO page"
"CO78","PP","light","/tcode/CO78/","/neo/transactions/CO78/","yes","yes","EXACT","EXACT","EXACT","EXACT","n/a","EXACT","NEW-IN-NEO","EXACT","n/a","n/a","n/a","n/a","NEW-IN-NEO","EXACT","6/14","EXACT","P3","all 14 named facts that the data answers are rendered on the NEO page"
"CO88","CO","deep","/tcode/CO88/","/neo/transactions/CO88/","yes","yes","EXACT","EXACT","EXACT","EXACT","EXACT","EXACT","EXACT","EXACT","n/a","EXACT","n/a","n/a","EXACT","EXACT","11/14","TRANSFORMED","P2","14 named facts intact; NEO's TxDetail model does not carry: beginner · consultant · bestPractices · certTips · ossKeywords · interview"
"COGI","PP","deep","/tcode/COGI/","/neo/transactions/COGI/","yes","yes","EXACT","EXACT","EXACT","EXACT","EXACT","EXACT","EXACT","EXACT","EXACT","EXACT","n/a","EXACT","EXACT","EXACT","14/14","TRANSFORMED","P2","14 named facts intact; NEO's TxDetail model does not carry: beginner · consultant · bestPractices · ossKeywords · interview · businessExample · techExample · debugSteps · perfNotes · prodTips · authored.input · authored.output · authored.qa"
"COHV","PP","deep","/tcode/COHV/","/neo/transactions/COHV/","yes","yes","EXACT","EXACT","EXACT","EXACT","EXACT","EXACT","EXACT","EXACT","EXACT","EXACT","n/a","EXACT","EXACT","EXACT","14/14","TRANSFORMED","P2","14 named facts intact; NEO's TxDetail model does not carry: beginner · consultant · bestPractices · ossKeywords · interview · businessExample · techExample · debugSteps · perfNotes · prodTips"
"COHVPI","PP-PI","light","/tcode/COHVPI/","/neo/transactions/COHVPI/","yes","yes","EXACT","EXACT","EXACT","EXACT","n/a","EXACT","EXACT","EXACT","n/a","n/a","n/a","n/a","EXACT","EXACT","7/14","EXACT","P3","all 14 named facts that the data answers are rendered on the NEO page"
"COID","PP-PI","light","/tcode/COID/","/neo/transactions/COID/","yes","yes","EXACT","EXACT","EXACT","EXACT","n/a","EXACT","NEW-IN-NEO","EXACT","n/a","n/a","n/a","n/a","n/a","EXACT","5/14","EXACT","P3","all 14 named facts that the data answers are rendered on the NEO page"
"COMAC","PP-PI","light","/tcode/COMAC/","/neo/transactions/COMAC/","yes","yes","EXACT","EXACT","EXACT","EXACT","n/a","EXACT","NEW-IN-NEO","EXACT","n/a","n/a","n/a","n/a","n/a","EXACT","5/14","EXACT","P3","all 14 named facts that the data answers are rendered on the NEO page"
"CON2","CO","light","/tcode/CON2/","/neo/transactions/CON2/","yes","yes","EXACT","EXACT","EXACT","EXACT","n/a","EXACT","n/a","EXACT","n/a","n/a","n/a","n/a","NEW-IN-NEO","n/a","5/14","EXACT","P3","all 14 named facts that the data answers are rendered on the NEO page"
"COOIS","PP","deep","/tcode/COOIS/","/neo/transactions/COOIS/","yes","yes","EXACT","EXACT","EXACT","EXACT","EXACT","EXACT","EXACT","EXACT","EXACT","EXACT","EXACT","EXACT","EXACT","EXACT","14/14","TRANSFORMED","P2","14 named facts intact; NEO's TxDetail model does not carry: beginner · consultant · bestPractices · ossKeywords · interview · businessExample · techExample · debugSteps · perfNotes · prodTips · eccS4.replaced · authored.input · authored.output · authored.qa"
"COOISPI","PP","deep","/tcode/COOISPI/","/neo/transactions/COOISPI/","yes","yes","EXACT","EXACT","EXACT","EXACT","EXACT","EXACT","EXACT","EXACT","EXACT","EXACT","n/a","EXACT","EXACT","EXACT","14/14","TRANSFORMED","P2","14 named facts intact; NEO's TxDetail model does not carry: beginner · consultant · bestPractices · ossKeywords · interview · businessExample · techExample · debugSteps · perfNotes · prodTips"
"COPC","PP-PI","light","/tcode/COPC/","/neo/transactions/COPC/","yes","yes","EXACT","EXACT","EXACT","EXACT","n/a","EXACT","n/a","EXACT","n/a","n/a","n/a","n/a","NEW-IN-NEO","n/a","5/14","EXACT","P3","all 14 named facts that the data answers are rendered on the NEO page"
"COPD","PP","light","/tcode/COPD/","/neo/transactions/COPD/","yes","yes","EXACT","EXACT","EXACT","EXACT","n/a","EXACT","NEW-IN-NEO","EXACT","n/a","n/a","n/a","n/a","n/a","EXACT","5/14","EXACT","P3","all 14 named facts that the data answers are rendered on the NEO page"
"COPI","PP-PI","light","/tcode/COPI/","/neo/transactions/COPI/","yes","yes","EXACT","EXACT","EXACT","EXACT","n/a","EXACT","n/a","EXACT","n/a","n/a","n/a","n/a","NEW-IN-NEO","n/a","5/14","EXACT","P3","all 14 named facts that the data answers are rendered on the NEO page"
"COR0","PP-PI","light","/tcode/COR0/","/neo/transactions/COR0/","yes","yes","EXACT","EXACT","EXACT","EXACT","n/a","EXACT","NEW-IN-NEO","EXACT","n/a","n/a","n/a","n/a","NEW-IN-NEO","EXACT","6/14","EXACT","P3","all 14 named facts that the data answers are rendered on the NEO page"
"COR1","PP","deep","/tcode/COR1/","/neo/transactions/COR1/","yes","yes","EXACT","EXACT","EXACT","EXACT","EXACT","EXACT","EXACT","EXACT","EXACT","EXACT","EXACT","EXACT","EXACT","EXACT","14/14","TRANSFORMED","P2","14 named facts intact; NEO's TxDetail model does not carry: beginner · consultant · bestPractices · ossKeywords · interview · businessExample · techExample · debugSteps · perfNotes · prodTips · authored.input · authored.output · authored.qa"
"COR2","PP","deep","/tcode/COR2/","/neo/transactions/COR2/","yes","yes","EXACT","EXACT","EXACT","EXACT","EXACT","EXACT","EXACT","EXACT","EXACT","EXACT","n/a","EXACT","EXACT","EXACT","14/14","TRANSFORMED","P2","14 named facts intact; NEO's TxDetail model does not carry: beginner · consultant · bestPractices · ossKeywords · interview · businessExample · techExample · debugSteps · perfNotes · prodTips · authored.input · authored.output · authored.qa"
"COR3","PP","deep","/tcode/COR3/","/neo/transactions/COR3/","yes","yes","EXACT","EXACT","EXACT","EXACT","EXACT","EXACT","EXACT","EXACT","EXACT","EXACT","EXACT","EXACT","EXACT","EXACT","14/14","TRANSFORMED","P2","14 named facts intact; NEO's TxDetail model does not carry: beginner · consultant · bestPractices · ossKeywords · interview · businessExample · techExample · debugSteps · perfNotes · prodTips · authored.input · authored.output · authored.qa"
"COR3PI","PP-PI","light","/tcode/COR3PI/","/neo/transactions/COR3PI/","yes","yes","EXACT","EXACT","EXACT","EXACT","n/a","EXACT","NEW-IN-NEO","EXACT","n/a","n/a","n/a","n/a","NEW-IN-NEO","EXACT","6/14","EXACT","P3","all 14 named facts that the data answers are rendered on the NEO page"
"COR4","PP","deep","/tcode/COR4/","/neo/transactions/COR4/","yes","yes","EXACT","EXACT","EXACT","EXACT","EXACT","EXACT","EXACT","EXACT","n/a","EXACT","n/a","n/a","EXACT","EXACT","12/14","TRANSFORMED","P2","14 named facts intact; NEO's TxDetail model does not carry: beginner · consultant · bestPractices · ossKeywords · interview · businessExample · techExample · debugSteps · perfNotes · prodTips"
"COR5","PP","deep","/tcode/COR5/","/neo/transactions/COR5/","yes","yes","EXACT","EXACT","EXACT","EXACT","EXACT","EXACT","EXACT","EXACT","n/a","EXACT","n/a","EXACT","EXACT","EXACT","13/14","TRANSFORMED","P2","14 named facts intact; NEO's TxDetail model does not carry: beginner · consultant · bestPractices · ossKeywords · interview · businessExample · techExample · debugSteps · perfNotes · prodTips"
"COR6","PP","deep","/tcode/COR6/","/neo/transactions/COR6/","yes","yes","EXACT","EXACT","EXACT","EXACT","EXACT","EXACT","EXACT","EXACT","n/a","EXACT","n/a","EXACT","EXACT","EXACT","13/14","TRANSFORMED","P2","14 named facts intact; NEO's TxDetail model does not carry: beginner · consultant · bestPractices · ossKeywords · interview · businessExample · techExample · debugSteps · perfNotes · prodTips"
"COR6N","PP","deep","/tcode/COR6N/","/neo/transactions/COR6N/","yes","yes","EXACT","EXACT","EXACT","EXACT","EXACT","EXACT","EXACT","EXACT","EXACT","EXACT","n/a","EXACT","EXACT","EXACT","14/14","TRANSFORMED","P2","14 named facts intact; NEO's TxDetail model does not carry: beginner · consultant · bestPractices · ossKeywords · interview · businessExample · techExample · debugSteps · perfNotes · prodTips · authored.input · authored.output · authored.qa"
"COR6N_GR","PP-PI","light","/tcode/COR6N_GR/","/neo/transactions/COR6N_GR/","yes","yes","EXACT","EXACT","EXACT","EXACT","n/a","EXACT","NEW-IN-NEO","EXACT","n/a","n/a","n/a","n/a","NEW-IN-NEO","EXACT","6/14","EXACT","P3","all 14 named facts that the data answers are rendered on the NEO page"
"COR7","PP","deep","/tcode/COR7/","/neo/transactions/COR7/","yes","yes","EXACT","EXACT","EXACT","EXACT","EXACT","EXACT","EXACT","EXACT","n/a","EXACT","n/a","EXACT","EXACT","EXACT","13/14","TRANSFORMED","P2","14 named facts intact; NEO's TxDetail model does not carry: beginner · consultant · bestPractices · ossKeywords · interview · businessExample · techExample · debugSteps · perfNotes · prodTips"
"COR7_PC","PP-PI","light","/tcode/COR7_PC/","/neo/transactions/COR7_PC/","yes","yes","EXACT","EXACT","EXACT","EXACT","n/a","EXACT","NEW-IN-NEO","EXACT","n/a","n/a","n/a","n/a","NEW-IN-NEO","EXACT","6/14","EXACT","P3","all 14 named facts that the data answers are rendered on the NEO page"
"COR8","PP","deep","/tcode/COR8/","/neo/transactions/COR8/","yes","yes","EXACT","EXACT","EXACT","EXACT","EXACT","EXACT","EXACT","EXACT","EXACT","EXACT","n/a","EXACT","EXACT","EXACT","14/14","TRANSFORMED","P2","14 named facts intact; NEO's TxDetail model does not carry: beginner · consultant · bestPractices · ossKeywords · interview · businessExample · techExample · debugSteps · perfNotes · prodTips · authored.input · authored.output · authored.qa"
"CORA","PP-PI","light","/tcode/CORA/","/neo/transactions/CORA/","yes","yes","EXACT","EXACT","EXACT","EXACT","n/a","EXACT","n/a","EXACT","n/a","n/a","n/a","n/a","NEW-IN-NEO","EXACT","5/14","EXACT","P3","all 14 named facts that the data answers are rendered on the NEO page"
"CORC","PP-PI","light","/tcode/CORC/","/neo/transactions/CORC/","yes","yes","EXACT","EXACT","EXACT","EXACT","n/a","EXACT","NEW-IN-NEO","EXACT","n/a","n/a","n/a","n/a","NEW-IN-NEO","EXACT","6/14","EXACT","P3","all 14 named facts that the data answers are rendered on the NEO page"
"CORK","PP","deep","/tcode/CORK/","/neo/transactions/CORK/","yes","yes","EXACT","EXACT","EXACT","EXACT","EXACT","EXACT","EXACT","EXACT","EXACT","EXACT","n/a","EXACT","EXACT","EXACT","14/14","TRANSFORMED","P2","14 named facts intact; NEO's TxDetail model does not carry: beginner · consultant · bestPractices · ossKeywords · interview · classes · businessExample · techExample · debugSteps · perfNotes · prodTips"
"CORM","PP-PI","light","/tcode/CORM/","/neo/transactions/CORM/","yes","yes","EXACT","EXACT","EXACT","EXACT","n/a","EXACT","NEW-IN-NEO","EXACT","n/a","n/a","n/a","n/a","NEW-IN-NEO","EXACT","6/14","EXACT","P3","all 14 named facts that the data answers are rendered on the NEO page"
"CORO","PP","deep","/tcode/CORO/","/neo/transactions/CORO/","yes","yes","EXACT","EXACT","EXACT","EXACT","EXACT","EXACT","EXACT","EXACT","n/a","EXACT","n/a","EXACT","EXACT","EXACT","13/14","TRANSFORMED","P2","14 named facts intact; NEO's TxDetail model does not carry: beginner · consultant · bestPractices · ossKeywords · interview · businessExample · techExample · debugSteps · perfNotes · prodTips"
"CORR","PP","deep","/tcode/CORR/","/neo/transactions/CORR/","yes","yes","EXACT","EXACT","EXACT","EXACT","EXACT","EXACT","EXACT","EXACT","EXACT","EXACT","n/a","EXACT","EXACT","EXACT","14/14","TRANSFORMED","P2","14 named facts intact; NEO's TxDetail model does not carry: beginner · consultant · bestPractices · ossKeywords · interview · businessExample · techExample · debugSteps · perfNotes · prodTips"
"CORS","PP","deep","/tcode/CORS/","/neo/transactions/CORS/","yes","yes","EXACT","EXACT","EXACT","EXACT","EXACT","EXACT","EXACT","EXACT","n/a","EXACT","n/a","EXACT","EXACT","EXACT","13/14","TRANSFORMED","P2","14 named facts intact; NEO's TxDetail model does not carry: beginner · consultant · bestPractices · ossKeywords · interview · classes · businessExample · techExample · debugSteps · perfNotes · prodTips"
"CORT","PP","deep","/tcode/CORT/","/neo/transactions/CORT/","yes","yes","EXACT","EXACT","EXACT","EXACT","EXACT","EXACT","EXACT","EXACT","n/a","EXACT","n/a","EXACT","EXACT","EXACT","13/14","TRANSFORMED","P2","14 named facts intact; NEO's TxDetail model does not carry: beginner · consultant · bestPractices · ossKeywords · interview · classes · businessExample · techExample · debugSteps · perfNotes · prodTips"
"CORUPROF","PP-PI","light","/tcode/CORUPROF/","/neo/transactions/CORUPROF/","yes","yes","EXACT","EXACT","EXACT","EXACT","n/a","EXACT","NEW-IN-NEO","EXACT","n/a","n/a","n/a","n/a","NEW-IN-NEO","EXACT","6/14","EXACT","P3","all 14 named facts that the data answers are rendered on the NEO page"
"CORZ","PP-PI","light","/tcode/CORZ/","/neo/transactions/CORZ/","yes","yes","EXACT","EXACT","EXACT","EXACT","n/a","EXACT","NEW-IN-NEO","EXACT","n/a","n/a","n/a","n/a","NEW-IN-NEO","EXACT","6/14","EXACT","P3","all 14 named facts that the data answers are rendered on the NEO page"
"CPC1","PP-PI","light","/tcode/CPC1/","/neo/transactions/CPC1/","yes","yes","EXACT","EXACT","EXACT","EXACT","n/a","EXACT","n/a","EXACT","n/a","n/a","n/a","n/a","n/a","n/a","4/14","EXACT","P3","all 14 named facts that the data answers are rendered on the NEO page"
"CR01","PP","deep","/tcode/CR01/","/neo/transactions/CR01/","yes","yes","EXACT","EXACT","EXACT","EXACT","EXACT","EXACT","EXACT","EXACT","EXACT","EXACT","EXACT","EXACT","EXACT","EXACT","14/14","TRANSFORMED","P2","14 named facts intact; NEO's TxDetail model does not carry: beginner · consultant · bestPractices · ossKeywords · interview · businessExample · techExample · debugSteps · perfNotes · prodTips · authored.input · authored.output · authored.qa"
"CR02","PP","deep","/tcode/CR02/","/neo/transactions/CR02/","yes","yes","EXACT","EXACT","EXACT","EXACT","EXACT","EXACT","EXACT","EXACT","n/a","EXACT","n/a","n/a","EXACT","EXACT","11/14","TRANSFORMED","P2","14 named facts intact; NEO's TxDetail model does not carry: beginner · consultant · bestPractices · ossKeywords · interview"
"CR03","PP","deep","/tcode/CR03/","/neo/transactions/CR03/","yes","yes","EXACT","EXACT","EXACT","EXACT","EXACT","EXACT","EXACT","EXACT","n/a","EXACT","n/a","n/a","EXACT","EXACT","11/14","TRANSFORMED","P2","14 named facts intact; NEO's TxDetail model does not carry: beginner · consultant · bestPractices · ossKeywords · interview"
"CR05","PP","deep","/tcode/CR05/","/neo/transactions/CR05/","yes","yes","EXACT","EXACT","EXACT","EXACT","EXACT","EXACT","EXACT","EXACT","n/a","EXACT","n/a","n/a","EXACT","EXACT","11/14","TRANSFORMED","P2","14 named facts intact; NEO's TxDetail model does not carry: beginner · consultant · bestPractices · ossKeywords · interview"
"CR06","PP","light","/tcode/CR06/","/neo/transactions/CR06/","yes","yes","EXACT","EXACT","EXACT","EXACT","n/a","EXACT","EXACT","EXACT","n/a","n/a","n/a","n/a","NEW-IN-NEO","EXACT","7/14","EXACT","P3","all 14 named facts that the data answers are rendered on the NEO page"
"CR07","PP","light","/tcode/CR07/","/neo/transactions/CR07/","yes","yes","EXACT","EXACT","EXACT","EXACT","n/a","EXACT","NEW-IN-NEO","EXACT","n/a","n/a","n/a","n/a","NEW-IN-NEO","EXACT","6/14","EXACT","P3","all 14 named facts that the data answers are rendered on the NEO page"
"CR08","PP","light","/tcode/CR08/","/neo/transactions/CR08/","yes","yes","EXACT","EXACT","EXACT","EXACT","n/a","EXACT","NEW-IN-NEO","EXACT","n/a","n/a","n/a","n/a","NEW-IN-NEO","EXACT","6/14","EXACT","P3","all 14 named facts that the data answers are rendered on the NEO page"
"CR10","PP","light","/tcode/CR10/","/neo/transactions/CR10/","yes","yes","EXACT","EXACT","EXACT","EXACT","n/a","EXACT","NEW-IN-NEO","EXACT","n/a","n/a","n/a","n/a","NEW-IN-NEO","EXACT","6/14","EXACT","P3","all 14 named facts that the data answers are rendered on the NEO page"
"CR11","PP","deep","/tcode/CR11/","/neo/transactions/CR11/","yes","yes","EXACT","EXACT","EXACT","EXACT","EXACT","EXACT","EXACT","EXACT","n/a","EXACT","n/a","n/a","EXACT","EXACT","11/14","TRANSFORMED","P2","14 named facts intact; NEO's TxDetail model does not carry: beginner · consultant · bestPractices · ossKeywords · interview"
"CR12","PP","deep","/tcode/CR12/","/neo/transactions/CR12/","yes","yes","EXACT","EXACT","EXACT","EXACT","EXACT","EXACT","EXACT","EXACT","n/a","EXACT","n/a","n/a","EXACT","EXACT","11/14","TRANSFORMED","P2","14 named facts intact; NEO's TxDetail model does not carry: beginner · consultant · bestPractices · ossKeywords · interview"
"CR13","PP","deep","/tcode/CR13/","/neo/transactions/CR13/","yes","yes","EXACT","EXACT","EXACT","EXACT","EXACT","EXACT","EXACT","EXACT","n/a","EXACT","n/a","n/a","EXACT","EXACT","10/14","TRANSFORMED","P2","14 named facts intact; NEO's TxDetail model does not carry: beginner · consultant · bestPractices · ossKeywords · interview"
"CR15","PP","light","/tcode/CR15/","/neo/transactions/CR15/","yes","yes","EXACT","EXACT","EXACT","EXACT","n/a","EXACT","n/a","EXACT","n/a","n/a","n/a","n/a","NEW-IN-NEO","EXACT","5/14","EXACT","P3","all 14 named facts that the data answers are rendered on the NEO page"
"CR60","PP","light","/tcode/CR60/","/neo/transactions/CR60/","yes","yes","EXACT","EXACT","EXACT","EXACT","n/a","EXACT","NEW-IN-NEO","EXACT","n/a","n/a","n/a","n/a","NEW-IN-NEO","EXACT","6/14","EXACT","P3","all 14 named facts that the data answers are rendered on the NEO page"
"CRC1","PP-PI","deep","/tcode/CRC1/","/neo/transactions/CRC1/","yes","yes","EXACT","EXACT","EXACT","EXACT","EXACT","EXACT","EXACT","EXACT","EXACT","EXACT","EXACT","EXACT","NEW-IN-NEO","EXACT","14/14","TRANSFORMED","P2","14 named facts intact; NEO's TxDetail model does not carry: authored.input · authored.output · authored.qa"
"CRC1PI","PP-PI","light","/tcode/CRC1PI/","/neo/transactions/CRC1PI/","yes","yes","EXACT","EXACT","EXACT","EXACT","n/a","EXACT","NEW-IN-NEO","EXACT","n/a","n/a","n/a","n/a","NEW-IN-NEO","EXACT","6/14","EXACT","P3","all 14 named facts that the data answers are rendered on the NEO page"
"CRC2","PP-PI","light","/tcode/CRC2/","/neo/transactions/CRC2/","yes","yes","EXACT","EXACT","EXACT","EXACT","n/a","EXACT","NEW-IN-NEO","EXACT","n/a","n/a","n/a","n/a","NEW-IN-NEO","EXACT","7/14","EXACT","P3","all 14 named facts that the data answers are rendered on the NEO page"
"CRC3","PP","deep","/tcode/CRC3/","/neo/transactions/CRC3/","yes","yes","EXACT","EXACT","EXACT","EXACT","EXACT","EXACT","EXACT","EXACT","n/a","EXACT","n/a","n/a","EXACT","EXACT","11/14","TRANSFORMED","P2","14 named facts intact; NEO's TxDetail model does not carry: beginner · consultant · bestPractices · ossKeywords · interview"
"CRC4","PP-PI","light","/tcode/CRC4/","/neo/transactions/CRC4/","yes","yes","EXACT","EXACT","EXACT","EXACT","n/a","EXACT","NEW-IN-NEO","EXACT","n/a","n/a","n/a","n/a","NEW-IN-NEO","EXACT","6/14","EXACT","P3","all 14 named facts that the data answers are rendered on the NEO page"
"CRC5","PP-PI","light","/tcode/CRC5/","/neo/transactions/CRC5/","yes","yes","EXACT","EXACT","EXACT","EXACT","n/a","EXACT","NEW-IN-NEO","EXACT","n/a","n/a","n/a","n/a","NEW-IN-NEO","EXACT","6/14","EXACT","P3","all 14 named facts that the data answers are rendered on the NEO page"
"CRCA","PP-PI","light","/tcode/CRCA/","/neo/transactions/CRCA/","yes","yes","EXACT","EXACT","EXACT","EXACT","n/a","EXACT","NEW-IN-NEO","EXACT","n/a","n/a","n/a","n/a","NEW-IN-NEO","EXACT","6/14","EXACT","P3","all 14 named facts that the data answers are rendered on the NEO page"
"CS01","PP","deep","/tcode/CS01/","/neo/transactions/CS01/","yes","yes","EXACT","EXACT","EXACT","EXACT","EXACT","EXACT","EXACT","EXACT","EXACT","EXACT","EXACT","EXACT","EXACT","EXACT","14/14","TRANSFORMED","P2","14 named facts intact; NEO's TxDetail model does not carry: beginner · consultant · bestPractices · ossKeywords · interview · businessExample · techExample · debugSteps · perfNotes · prodTips · authored.input · authored.output · authored.qa"
"CS02","PP","deep","/tcode/CS02/","/neo/transactions/CS02/","yes","yes","EXACT","EXACT","EXACT","EXACT","EXACT","EXACT","EXACT","EXACT","EXACT","EXACT","n/a","EXACT","EXACT","EXACT","14/14","TRANSFORMED","P2","14 named facts intact; NEO's TxDetail model does not carry: beginner · consultant · bestPractices · ossKeywords · interview · businessExample · techExample · debugSteps · perfNotes · prodTips"
"CS03","PP","deep","/tcode/CS03/","/neo/transactions/CS03/","yes","yes","EXACT","EXACT","EXACT","EXACT","EXACT","EXACT","EXACT","EXACT","EXACT","EXACT","EXACT","EXACT","EXACT","EXACT","14/14","TRANSFORMED","P2","14 named facts intact; NEO's TxDetail model does not carry: beginner · consultant · bestPractices · ossKeywords · interview · businessExample · techExample · debugSteps · perfNotes · prodTips · authored.input · authored.output · authored.qa"
"CS05","PP","light","/tcode/CS05/","/neo/transactions/CS05/","yes","yes","EXACT","EXACT","EXACT","EXACT","n/a","EXACT","NEW-IN-NEO","EXACT","n/a","n/a","n/a","n/a","NEW-IN-NEO","EXACT","6/14","EXACT","P3","all 14 named facts that the data answers are rendered on the NEO page"
"CS06","PP","light","/tcode/CS06/","/neo/transactions/CS06/","yes","yes","EXACT","EXACT","EXACT","EXACT","n/a","EXACT","NEW-IN-NEO","EXACT","n/a","n/a","n/a","n/a","NEW-IN-NEO","EXACT","6/14","EXACT","P3","all 14 named facts that the data answers are rendered on the NEO page"
"CS07","PP","light","/tcode/CS07/","/neo/transactions/CS07/","yes","yes","EXACT","EXACT","EXACT","EXACT","n/a","EXACT","NEW-IN-NEO","EXACT","n/a","n/a","n/a","n/a","NEW-IN-NEO","EXACT","6/14","EXACT","P3","all 14 named facts that the data answers are rendered on the NEO page"
"CS08","PP","light","/tcode/CS08/","/neo/transactions/CS08/","yes","yes","EXACT","EXACT","EXACT","EXACT","n/a","EXACT","EXACT","EXACT","n/a","n/a","n/a","n/a","NEW-IN-NEO","EXACT","7/14","EXACT","P3","all 14 named facts that the data answers are rendered on the NEO page"
"CS09","PP","light","/tcode/CS09/","/neo/transactions/CS09/","yes","yes","EXACT","EXACT","EXACT","EXACT","n/a","EXACT","NEW-IN-NEO","EXACT","n/a","n/a","n/a","n/a","NEW-IN-NEO","EXACT","6/14","EXACT","P3","all 14 named facts that the data answers are rendered on the NEO page"
"CS11","PP","deep","/tcode/CS11/","/neo/transactions/CS11/","yes","yes","EXACT","EXACT","EXACT","EXACT","EXACT","EXACT","EXACT","EXACT","n/a","EXACT","n/a","EXACT","EXACT","EXACT","13/14","TRANSFORMED","P2","14 named facts intact; NEO's TxDetail model does not carry: beginner · consultant · bestPractices · ossKeywords · interview · businessExample · techExample · debugSteps · perfNotes · prodTips"
"CS12","PP","deep","/tcode/CS12/","/neo/transactions/CS12/","yes","yes","EXACT","EXACT","EXACT","EXACT","EXACT","EXACT","EXACT","EXACT","n/a","EXACT","n/a","EXACT","EXACT","EXACT","13/14","TRANSFORMED","P2","14 named facts intact; NEO's TxDetail model does not carry: beginner · consultant · bestPractices · ossKeywords · interview · businessExample · techExample · debugSteps · perfNotes · prodTips"
"CS13","PP","deep","/tcode/CS13/","/neo/transactions/CS13/","yes","yes","EXACT","EXACT","EXACT","EXACT","EXACT","EXACT","EXACT","EXACT","n/a","EXACT","n/a","EXACT","EXACT","EXACT","13/14","TRANSFORMED","P2","14 named facts intact; NEO's TxDetail model does not carry: beginner · consultant · bestPractices · ossKeywords · interview · businessExample · techExample · debugSteps · perfNotes · prodTips"
"CS14","PP","deep","/tcode/CS14/","/neo/transactions/CS14/","yes","yes","EXACT","EXACT","EXACT","EXACT","EXACT","EXACT","EXACT","EXACT","n/a","EXACT","n/a","n/a","EXACT","EXACT","12/14","TRANSFORMED","P2","14 named facts intact; NEO's TxDetail model does not carry: beginner · consultant · bestPractices · ossKeywords · interview · businessExample · techExample · debugSteps · perfNotes · prodTips"
"CS15","PP","deep","/tcode/CS15/","/neo/transactions/CS15/","yes","yes","EXACT","EXACT","EXACT","EXACT","EXACT","EXACT","EXACT","EXACT","EXACT","EXACT","n/a","n/a","EXACT","EXACT","13/14","TRANSFORMED","P2","14 named facts intact; NEO's TxDetail model does not carry: beginner · consultant · bestPractices · ossKeywords · interview · businessExample · techExample · debugSteps · perfNotes · prodTips · authored.input · authored.output · authored.qa"
"CS20","PP","deep","/tcode/CS20/","/neo/transactions/CS20/","yes","yes","EXACT","EXACT","EXACT","EXACT","EXACT","EXACT","EXACT","EXACT","n/a","EXACT","n/a","EXACT","EXACT","EXACT","13/14","TRANSFORMED","P2","14 named facts intact; NEO's TxDetail model does not carry: beginner · consultant · bestPractices · ossKeywords · interview · businessExample · techExample · debugSteps · perfNotes · prodTips"
"CS21","PP","light","/tcode/CS21/","/neo/transactions/CS21/","yes","yes","EXACT","EXACT","EXACT","EXACT","n/a","EXACT","NEW-IN-NEO","EXACT","n/a","n/a","n/a","n/a","NEW-IN-NEO","EXACT","6/14","EXACT","P3","all 14 named facts that the data answers are rendered on the NEO page"
"CS22","PP","light","/tcode/CS22/","/neo/transactions/CS22/","yes","yes","EXACT","EXACT","EXACT","EXACT","n/a","EXACT","NEW-IN-NEO","EXACT","n/a","n/a","n/a","n/a","NEW-IN-NEO","EXACT","6/14","EXACT","P3","all 14 named facts that the data answers are rendered on the NEO page"
"CS23","PP","light","/tcode/CS23/","/neo/transactions/CS23/","yes","yes","EXACT","EXACT","EXACT","EXACT","n/a","EXACT","NEW-IN-NEO","EXACT","n/a","n/a","n/a","n/a","NEW-IN-NEO","EXACT","6/14","EXACT","P3","all 14 named facts that the data answers are rendered on the NEO page"
"CS25","PP","light","/tcode/CS25/","/neo/transactions/CS25/","yes","yes","EXACT","EXACT","EXACT","EXACT","n/a","EXACT","NEW-IN-NEO","EXACT","n/a","n/a","n/a","n/a","NEW-IN-NEO","EXACT","6/14","EXACT","P3","all 14 named facts that the data answers are rendered on the NEO page"
"CS40","PP","light","/tcode/CS40/","/neo/transactions/CS40/","yes","yes","EXACT","EXACT","EXACT","EXACT","n/a","EXACT","NEW-IN-NEO","EXACT","n/a","n/a","n/a","n/a","NEW-IN-NEO","EXACT","6/14","EXACT","P3","all 14 named facts that the data answers are rendered on the NEO page"
"CS41","PP","light","/tcode/CS41/","/neo/transactions/CS41/","yes","yes","EXACT","EXACT","EXACT","EXACT","n/a","EXACT","NEW-IN-NEO","EXACT","n/a","n/a","n/a","n/a","NEW-IN-NEO","EXACT","6/14","EXACT","P3","all 14 named facts that the data answers are rendered on the NEO page"
"CS42","PP","light","/tcode/CS42/","/neo/transactions/CS42/","yes","yes","EXACT","EXACT","EXACT","EXACT","n/a","EXACT","NEW-IN-NEO","EXACT","n/a","n/a","n/a","n/a","NEW-IN-NEO","EXACT","6/14","EXACT","P3","all 14 named facts that the data answers are rendered on the NEO page"
"CS80","PP","light","/tcode/CS80/","/neo/transactions/CS80/","yes","yes","EXACT","EXACT","EXACT","EXACT","n/a","EXACT","NEW-IN-NEO","EXACT","n/a","n/a","n/a","n/a","NEW-IN-NEO","EXACT","6/14","EXACT","P3","all 14 named facts that the data answers are rendered on the NEO page"
"CT04","PP","deep","/tcode/CT04/","/neo/transactions/CT04/","yes","yes","EXACT","EXACT","EXACT","EXACT","EXACT","EXACT","EXACT","EXACT","n/a","EXACT","n/a","n/a","EXACT","n/a","11/14","TRANSFORMED","P2","14 named facts intact; NEO's TxDetail model does not carry: beginner · consultant · bestPractices · ossKeywords · interview"
"CV01N","PP","deep","/tcode/CV01N/","/neo/transactions/CV01N/","yes","yes","EXACT","EXACT","EXACT","n/a","EXACT","EXACT","EXACT","EXACT","n/a","EXACT","n/a","n/a","EXACT","EXACT","10/14","TRANSFORMED","P2","14 named facts intact; NEO's TxDetail model does not carry: beginner · consultant · bestPractices · ossKeywords · interview"
"CV02N","PP","deep","/tcode/CV02N/","/neo/transactions/CV02N/","yes","yes","EXACT","EXACT","EXACT","n/a","EXACT","EXACT","EXACT","EXACT","n/a","EXACT","n/a","n/a","EXACT","n/a","9/14","TRANSFORMED","P2","14 named facts intact; NEO's TxDetail model does not carry: beginner · consultant · bestPractices · ossKeywords · interview"
"CV03N","PP","deep","/tcode/CV03N/","/neo/transactions/CV03N/","yes","yes","EXACT","EXACT","EXACT","n/a","EXACT","EXACT","EXACT","EXACT","n/a","EXACT","n/a","n/a","EXACT","EXACT","9/14","TRANSFORMED","P2","14 named facts intact; NEO's TxDetail model does not carry: beginner · consultant · bestPractices · ossKeywords · interview"
"CV04N","PP","deep","/tcode/CV04N/","/neo/transactions/CV04N/","yes","yes","EXACT","EXACT","EXACT","n/a","EXACT","EXACT","EXACT","EXACT","n/a","EXACT","n/a","n/a","EXACT","n/a","9/14","TRANSFORMED","P2","14 named facts intact; NEO's TxDetail model does not carry: beginner · consultant · bestPractices · ossKeywords · interview"
"DB02","BASIS","light","/tcode/DB02/","/neo/transactions/DB02/","yes","yes","EXACT","EXACT","EXACT","EXACT","n/a","EXACT","n/a","EXACT","n/a","n/a","n/a","n/a","n/a","EXACT","5/14","EXACT","P3","all 14 named facts that the data answers are rendered on the NEO page"
"DB12","BASIS","light","/tcode/DB12/","/neo/transactions/DB12/","yes","yes","EXACT","EXACT","EXACT","EXACT","n/a","EXACT","n/a","EXACT","n/a","n/a","n/a","n/a","NEW-IN-NEO","n/a","5/14","EXACT","P3","all 14 named facts that the data answers are rendered on the NEO page"
"DB13","BASIS","light","/tcode/DB13/","/neo/transactions/DB13/","yes","yes","EXACT","EXACT","EXACT","EXACT","n/a","EXACT","n/a","EXACT","n/a","n/a","n/a","n/a","NEW-IN-NEO","n/a","5/14","EXACT","P3","all 14 named facts that the data answers are rendered on the NEO page"
"DB14","BASIS","light","/tcode/DB14/","/neo/transactions/DB14/","yes","yes","EXACT","EXACT","EXACT","EXACT","n/a","EXACT","n/a","EXACT","n/a","n/a","n/a","n/a","NEW-IN-NEO","n/a","5/14","EXACT","P3","all 14 named facts that the data answers are rendered on the NEO page"
"DB15","—","not-in-registry","/tcode/DB15/","—","yes","no","MISSING","n/a","n/a","n/a","n/a","n/a","MISSING","MISSING","n/a","n/a","n/a","n/a","n/a","n/a","—","MISSING","P1","no /neo/transactions/DB15/ page: code comes from lib/object-intel listTcodes() (blueprint tcodes column), which lib/tx-registry does not merge; NEO generateStaticParams = registryCodes() only. OLD /tcode/DB15/ renders RelatedView with 1 blueprint table(s). DATA PRESENT, NOT SURFACED IN NEO."
"DB20","BASIS","light","/tcode/DB20/","/neo/transactions/DB20/","yes","yes","EXACT","EXACT","EXACT","EXACT","n/a","EXACT","n/a","EXACT","n/a","n/a","n/a","n/a","NEW-IN-NEO","n/a","5/14","EXACT","P3","all 14 named facts that the data answers are rendered on the NEO page"
"DB50","BASIS","light","/tcode/DB50/","/neo/transactions/DB50/","yes","yes","EXACT","EXACT","EXACT","EXACT","n/a","EXACT","n/a","EXACT","n/a","n/a","n/a","n/a","NEW-IN-NEO","EXACT","5/14","EXACT","P3","all 14 named facts that the data answers are rendered on the NEO page"
"DBACOCKPIT","BASIS","light","/tcode/DBACOCKPIT/","/neo/transactions/DBACOCKPIT/","yes","yes","EXACT","EXACT","EXACT","EXACT","n/a","EXACT","n/a","EXACT","n/a","n/a","n/a","n/a","NEW-IN-NEO","n/a","5/14","EXACT","P3","all 14 named facts that the data answers are rendered on the NEO page"
"ECC","—","not-in-registry","/tcode/ECC/","—","yes","no","MISSING","n/a","n/a","n/a","n/a","n/a","MISSING","MISSING","n/a","n/a","n/a","n/a","n/a","n/a","—","MISSING","P1","no /neo/transactions/ECC/ page: code comes from lib/object-intel listTcodes() (blueprint tcodes column), which lib/tx-registry does not merge; NEO generateStaticParams = registryCodes() only. OLD /tcode/ECC/ renders RelatedView with 1 blueprint table(s). DATA PRESENT, NOT SURFACED IN NEO."
"F-02","FI","deep","/tcode/F-02/","/neo/transactions/F-02/","yes","yes","EXACT","EXACT","EXACT","n/a","EXACT","EXACT","EXACT","EXACT","EXACT","EXACT","n/a","EXACT","EXACT","EXACT","12/14","TRANSFORMED","P2","14 named facts intact; NEO's TxDetail model does not carry: beginner · consultant · bestPractices · certTips · ossKeywords · interview"
"F-03","FI","deep","/tcode/F-03/","/neo/transactions/F-03/","yes","yes","EXACT","EXACT","EXACT","n/a","EXACT","EXACT","EXACT","EXACT","EXACT","EXACT","n/a","n/a","EXACT","n/a","10/14","TRANSFORMED","P2","14 named facts intact; NEO's TxDetail model does not carry: beginner · consultant · bestPractices · certTips · ossKeywords · interview"
"F-04","FI","deep","/tcode/F-04/","/neo/transactions/F-04/","yes","yes","EXACT","EXACT","EXACT","n/a","EXACT","EXACT","EXACT","EXACT","EXACT","EXACT","n/a","n/a","EXACT","n/a","10/14","TRANSFORMED","P2","14 named facts intact; NEO's TxDetail model does not carry: beginner · consultant · bestPractices · certTips · ossKeywords · interview"
"F-28","FI","deep","/tcode/F-28/","/neo/transactions/F-28/","yes","yes","EXACT","EXACT","EXACT","n/a","EXACT","EXACT","EXACT","EXACT","EXACT","EXACT","n/a","EXACT","EXACT","EXACT","11/14","TRANSFORMED","P2","14 named facts intact; NEO's TxDetail model does not carry: beginner · consultant · bestPractices · certTips · ossKeywords · interview"
"F-30","FI","deep","/tcode/F-30/","/neo/transactions/F-30/","yes","yes","EXACT","EXACT","EXACT","n/a","EXACT","EXACT","EXACT","EXACT","n/a","EXACT","n/a","n/a","EXACT","n/a","9/14","TRANSFORMED","P2","14 named facts intact; NEO's TxDetail model does not carry: beginner · consultant · bestPractices · certTips · ossKeywords · interview"
"F-32","FI","deep","/tcode/F-32/","/neo/transactions/F-32/","yes","yes","EXACT","EXACT","EXACT","n/a","EXACT","EXACT","EXACT","EXACT","n/a","EXACT","n/a","n/a","EXACT","n/a","9/14","TRANSFORMED","P2","14 named facts intact; NEO's TxDetail model does not carry: beginner · consultant · bestPractices · certTips · ossKeywords · interview"
"F-43","FI","deep","/tcode/F-43/","/neo/transactions/F-43/","yes","yes","EXACT","EXACT","EXACT","n/a","EXACT","EXACT","EXACT","EXACT","EXACT","EXACT","n/a","EXACT","EXACT","EXACT","11/14","TRANSFORMED","P2","14 named facts intact; NEO's TxDetail model does not carry: beginner · consultant · bestPractices · certTips · ossKeywords · interview"
"F-44","FI","deep","/tcode/F-44/","/neo/transactions/F-44/","yes","yes","EXACT","EXACT","EXACT","n/a","EXACT","EXACT","EXACT","EXACT","n/a","EXACT","n/a","n/a","EXACT","n/a","9/14","TRANSFORMED","P2","14 named facts intact; NEO's TxDetail model does not carry: beginner · consultant · bestPractices · certTips · ossKeywords · interview"
"F-53","FI","deep","/tcode/F-53/","/neo/transactions/F-53/","yes","yes","EXACT","EXACT","EXACT","n/a","EXACT","EXACT","EXACT","EXACT","EXACT","EXACT","n/a","EXACT","EXACT","EXACT","11/14","TRANSFORMED","P2","14 named facts intact; NEO's TxDetail model does not carry: beginner · consultant · bestPractices · certTips · ossKeywords · interview"
"F-58","FI","deep","/tcode/F-58/","/neo/transactions/F-58/","yes","yes","EXACT","EXACT","EXACT","n/a","EXACT","EXACT","EXACT","EXACT","n/a","EXACT","n/a","n/a","EXACT","n/a","9/14","TRANSFORMED","P2","14 named facts intact; NEO's TxDetail model does not carry: beginner · consultant · bestPractices · ossKeywords · interview"
"F-90","FI","deep","/tcode/F-90/","/neo/transactions/F-90/","yes","yes","EXACT","EXACT","EXACT","n/a","EXACT","EXACT","EXACT","EXACT","EXACT","EXACT","n/a","EXACT","EXACT","EXACT","11/14","TRANSFORMED","P2","14 named facts intact; NEO's TxDetail model does not carry: beginner · consultant · bestPractices · ossKeywords · interview"
"F-92","FI","deep","/tcode/F-92/","/neo/transactions/F-92/","yes","yes","EXACT","EXACT","EXACT","n/a","EXACT","EXACT","EXACT","EXACT","EXACT","EXACT","n/a","EXACT","EXACT","n/a","11/14","TRANSFORMED","P2","14 named facts intact; NEO's TxDetail model does not carry: beginner · consultant · bestPractices · ossKeywords · interview"
"F.01","FI","light","/tcode/F.01/","/neo/transactions/F.01/","yes","yes","EXACT","EXACT","EXACT","n/a","n/a","EXACT","n/a","EXACT","n/a","n/a","n/a","n/a","n/a","n/a","3/14","EXACT","P3","all 14 named facts that the data answers are rendered on the NEO page"
"F110","FI","deep","/tcode/F110/","/neo/transactions/F110/","yes","yes","EXACT","EXACT","EXACT","EXACT","EXACT","EXACT","EXACT","EXACT","EXACT","EXACT","n/a","n/a","EXACT","n/a","11/14","TRANSFORMED","P2","14 named facts intact; NEO's TxDetail model does not carry: beginner · consultant · bestPractices · certTips · ossKeywords · interview"
"F111","FI","light","/tcode/F111/","/neo/transactions/F111/","yes","yes","EXACT","EXACT","EXACT","EXACT","n/a","EXACT","n/a","EXACT","n/a","n/a","n/a","n/a","n/a","n/a","4/14","EXACT","P3","all 14 named facts that the data answers are rendered on the NEO page"
"F150","FI","light","/tcode/F150/","/neo/transactions/F150/","yes","yes","EXACT","EXACT","EXACT","EXACT","n/a","EXACT","n/a","EXACT","n/a","n/a","n/a","n/a","EXACT","n/a","5/14","EXACT","P3","all 14 named facts that the data answers are rendered on the NEO page"
"FAGLB03","FI","deep","/tcode/FAGLB03/","/neo/transactions/FAGLB03/","yes","yes","EXACT","EXACT","EXACT","EXACT","EXACT","EXACT","EXACT","EXACT","EXACT","EXACT","n/a","n/a","EXACT","n/a","11/14","TRANSFORMED","P2","14 named facts intact; NEO's TxDetail model does not carry: beginner · consultant · bestPractices · ossKeywords · interview"
"FAGLF101","FI","light","/tcode/FAGLF101/","/neo/transactions/FAGLF101/","yes","yes","EXACT","EXACT","EXACT","EXACT","n/a","EXACT","n/a","EXACT","n/a","n/a","n/a","n/a","NEW-IN-NEO","EXACT","5/14","EXACT","P3","all 14 named facts that the data answers are rendered on the NEO page"
"FAGLFLEXT","FI","light","/tcode/FAGLFLEXT/","/neo/transactions/FAGLFLEXT/","yes","yes","EXACT","EXACT","EXACT","EXACT","n/a","EXACT","n/a","EXACT","n/a","n/a","n/a","n/a","NEW-IN-NEO","n/a","5/14","EXACT","P3","all 14 named facts that the data answers are rendered on the NEO page"
"FAGLGVTR","FI","light","/tcode/FAGLGVTR/","/neo/transactions/FAGLGVTR/","yes","yes","EXACT","EXACT","EXACT","EXACT","n/a","EXACT","n/a","EXACT","n/a","n/a","n/a","n/a","n/a","n/a","4/14","EXACT","P3","all 14 named facts that the data answers are rendered on the NEO page"
"FAGLL03","FI","deep","/tcode/FAGLL03/","/neo/transactions/FAGLL03/","yes","yes","EXACT","EXACT","EXACT","EXACT","EXACT","EXACT","EXACT","EXACT","EXACT","EXACT","n/a","n/a","EXACT","n/a","11/14","TRANSFORMED","P2","14 named facts intact; NEO's TxDetail model does not carry: beginner · consultant · bestPractices · ossKeywords · interview"
"FAGL_FC_TRANS","FI","light","/tcode/FAGL_FC_TRANS/","/neo/transactions/FAGL_FC_TRANS/","yes","yes","EXACT","EXACT","EXACT","EXACT","n/a","EXACT","n/a","EXACT","n/a","n/a","n/a","n/a","NEW-IN-NEO","n/a","5/14","EXACT","P3","all 14 named facts that the data answers are rendered on the NEO page"
"FAGL_FC_VAL","FI","light","/tcode/FAGL_FC_VAL/","/neo/transactions/FAGL_FC_VAL/","yes","yes","EXACT","EXACT","EXACT","EXACT","n/a","EXACT","n/a","EXACT","n/a","n/a","n/a","n/a","NEW-IN-NEO","n/a","5/14","EXACT","P3","all 14 named facts that the data answers are rendered on the NEO page"
"FB01","FI","deep","/tcode/FB01/","/neo/transactions/FB01/","yes","yes","EXACT","EXACT","EXACT","EXACT","EXACT","EXACT","EXACT","EXACT","EXACT","EXACT","n/a","EXACT","EXACT","EXACT","12/14","TRANSFORMED","P2","14 named facts intact; NEO's TxDetail model does not carry: beginner · consultant · bestPractices · certTips · ossKeywords · interview"
"FB01L","FI","light","/tcode/FB01L/","/neo/transactions/FB01L/","yes","yes","EXACT","EXACT","EXACT","EXACT","n/a","EXACT","n/a","EXACT","n/a","n/a","n/a","n/a","NEW-IN-NEO","n/a","5/14","EXACT","P3","all 14 named facts that the data answers are rendered on the NEO page"
"FB02","FI","deep","/tcode/FB02/","/neo/transactions/FB02/","yes","yes","EXACT","EXACT","EXACT","EXACT","EXACT","EXACT","EXACT","EXACT","EXACT","EXACT","n/a","n/a","EXACT","n/a","11/14","TRANSFORMED","P2","14 named facts intact; NEO's TxDetail model does not carry: beginner · consultant · bestPractices · certTips · ossKeywords · interview"
"FB03","FI","deep","/tcode/FB03/","/neo/transactions/FB03/","yes","yes","EXACT","EXACT","EXACT","EXACT","EXACT","EXACT","EXACT","EXACT","EXACT","EXACT","n/a","EXACT","EXACT","n/a","12/14","TRANSFORMED","P2","14 named facts intact; NEO's TxDetail model does not carry: beginner · consultant · bestPractices · certTips · ossKeywords · interview"
"FB04","FI","light","/tcode/FB04/","/neo/transactions/FB04/","yes","yes","EXACT","EXACT","EXACT","EXACT","n/a","EXACT","n/a","EXACT","n/a","n/a","n/a","n/a","NEW-IN-NEO","n/a","5/14","EXACT","P3","all 14 named facts that the data answers are rendered on the NEO page"
"FB08","FI","deep","/tcode/FB08/","/neo/transactions/FB08/","yes","yes","EXACT","EXACT","EXACT","EXACT","EXACT","EXACT","EXACT","EXACT","EXACT","EXACT","n/a","EXACT","EXACT","n/a","12/14","TRANSFORMED","P2","14 named facts intact; NEO's TxDetail model does not carry: beginner · consultant · bestPractices · certTips · ossKeywords · interview"
"FB09","FI","light","/tcode/FB09/","/neo/transactions/FB09/","yes","yes","EXACT","EXACT","EXACT","EXACT","n/a","EXACT","n/a","EXACT","n/a","n/a","n/a","n/a","NEW-IN-NEO","n/a","5/14","EXACT","P3","all 14 named facts that the data answers are rendered on the NEO page"
"FB11","FI","light","/tcode/FB11/","/neo/transactions/FB11/","yes","yes","EXACT","EXACT","EXACT","EXACT","n/a","EXACT","n/a","EXACT","n/a","n/a","n/a","n/a","NEW-IN-NEO","n/a","5/14","EXACT","P3","all 14 named facts that the data answers are rendered on the NEO page"
"FB12","FI","light","/tcode/FB12/","/neo/transactions/FB12/","yes","yes","EXACT","EXACT","EXACT","EXACT","n/a","EXACT","n/a","EXACT","n/a","n/a","n/a","n/a","n/a","n/a","4/14","EXACT","P3","all 14 named facts that the data answers are rendered on the NEO page"
"FB1D","FI","light","/tcode/FB1D/","/neo/transactions/FB1D/","yes","yes","EXACT","EXACT","EXACT","EXACT","n/a","EXACT","n/a","EXACT","n/a","n/a","n/a","n/a","NEW-IN-NEO","n/a","5/14","EXACT","P3","all 14 named facts that the data answers are rendered on the NEO page"
"FB1K","FI","light","/tcode/FB1K/","/neo/transactions/FB1K/","yes","yes","EXACT","EXACT","EXACT","EXACT","n/a","EXACT","n/a","EXACT","n/a","n/a","n/a","n/a","NEW-IN-NEO","n/a","5/14","EXACT","P3","all 14 named facts that the data answers are rendered on the NEO page"
"FB1S","FI","light","/tcode/FB1S/","/neo/transactions/FB1S/","yes","yes","EXACT","EXACT","EXACT","EXACT","n/a","EXACT","n/a","EXACT","n/a","n/a","n/a","n/a","NEW-IN-NEO","n/a","5/14","EXACT","P3","all 14 named facts that the data answers are rendered on the NEO page"
"FB50","FI","deep","/tcode/FB50/","/neo/transactions/FB50/","yes","yes","EXACT","EXACT","EXACT","EXACT","EXACT","EXACT","EXACT","EXACT","EXACT","EXACT","n/a","EXACT","EXACT","EXACT","13/14","TRANSFORMED","P2","14 named facts intact; NEO's TxDetail model does not carry: beginner · consultant · bestPractices · certTips · ossKeywords · interview"
"FB50L","FI","light","/tcode/FB50L/","/neo/transactions/FB50L/","yes","yes","EXACT","EXACT","EXACT","EXACT","n/a","EXACT","NEW-IN-NEO","EXACT","n/a","n/a","n/a","n/a","NEW-IN-NEO","EXACT","6/14","EXACT","P3","all 14 named facts that the data answers are rendered on the NEO page"
"FB60","FI","deep","/tcode/FB60/","/neo/transactions/FB60/","yes","yes","EXACT","EXACT","EXACT","EXACT","EXACT","EXACT","EXACT","EXACT","EXACT","EXACT","n/a","EXACT","EXACT","n/a","12/14","TRANSFORMED","P2","14 named facts intact; NEO's TxDetail model does not carry: beginner · consultant · bestPractices · certTips · ossKeywords · interview"
"FB65","FI","deep","/tcode/FB65/","/neo/transactions/FB65/","yes","yes","EXACT","EXACT","EXACT","EXACT","EXACT","EXACT","EXACT","EXACT","EXACT","EXACT","n/a","EXACT","EXACT","n/a","12/14","TRANSFORMED","P2","14 named facts intact; NEO's TxDetail model does not carry: beginner · consultant · bestPractices · certTips · ossKeywords · interview"
"FB70","FI","deep","/tcode/FB70/","/neo/transactions/FB70/","yes","yes","EXACT","EXACT","EXACT","EXACT","EXACT","EXACT","EXACT","EXACT","EXACT","EXACT","n/a","EXACT","EXACT","n/a","12/14","TRANSFORMED","P2","14 named facts intact; NEO's TxDetail model does not carry: beginner · consultant · bestPractices · certTips · ossKeywords · interview"
"FB75","FI","deep","/tcode/FB75/","/neo/transactions/FB75/","yes","yes","EXACT","EXACT","EXACT","EXACT","EXACT","EXACT","EXACT","EXACT","EXACT","EXACT","n/a","EXACT","EXACT","n/a","12/14","TRANSFORMED","P2","14 named facts intact; NEO's TxDetail model does not carry: beginner · consultant · bestPractices · certTips · ossKeywords · interview"
"FBCJ","FI","light","/tcode/FBCJ/","/neo/transactions/FBCJ/","yes","yes","EXACT","EXACT","EXACT","EXACT","n/a","EXACT","n/a","EXACT","n/a","n/a","n/a","n/a","NEW-IN-NEO","n/a","5/14","EXACT","P3","all 14 named facts that the data answers are rendered on the NEO page"
"FBD1","FI","light","/tcode/FBD1/","/neo/transactions/FBD1/","yes","yes","EXACT","EXACT","EXACT","EXACT","n/a","EXACT","n/a","EXACT","n/a","n/a","n/a","n/a","NEW-IN-NEO","n/a","5/14","EXACT","P3","all 14 named facts that the data answers are rendered on the NEO page"
"FBD2","FI","light","/tcode/FBD2/","/neo/transactions/FBD2/","yes","yes","EXACT","EXACT","EXACT","EXACT","n/a","EXACT","n/a","EXACT","n/a","n/a","n/a","n/a","NEW-IN-NEO","n/a","5/14","EXACT","P3","all 14 named facts that the data answers are rendered on the NEO page"
"FBD3","FI","light","/tcode/FBD3/","/neo/transactions/FBD3/","yes","yes","EXACT","EXACT","EXACT","EXACT","n/a","EXACT","n/a","EXACT","n/a","n/a","n/a","n/a","NEW-IN-NEO","n/a","5/14","EXACT","P3","all 14 named facts that the data answers are rendered on the NEO page"
"FBE1","FI","light","/tcode/FBE1/","/neo/transactions/FBE1/","yes","yes","EXACT","EXACT","EXACT","EXACT","n/a","EXACT","NEW-IN-NEO","EXACT","n/a","n/a","n/a","n/a","NEW-IN-NEO","EXACT","6/14","EXACT","P3","all 14 named facts that the data answers are rendered on the NEO page"
"FBL1H","FI","deep","/tcode/FBL1H/","/neo/transactions/FBL1H/","yes","yes","EXACT","EXACT","EXACT","n/a","EXACT","EXACT","EXACT","EXACT","EXACT","EXACT","n/a","n/a","EXACT","n/a","10/14","TRANSFORMED","P2","14 named facts intact; NEO's TxDetail model does not carry: beginner · consultant · bestPractices · ossKeywords · interview"
"FBL1N","FI","deep","/tcode/FBL1N/","/neo/transactions/FBL1N/","yes","yes","EXACT","EXACT","EXACT","EXACT","EXACT","EXACT","EXACT","EXACT","EXACT","EXACT","n/a","EXACT","EXACT","EXACT","12/14","TRANSFORMED","P2","14 named facts intact; NEO's TxDetail model does not carry: beginner · consultant · bestPractices · certTips · ossKeywords · interview"
"FBL3H","FI","light","/tcode/FBL3H/","/neo/transactions/FBL3H/","yes","yes","EXACT","EXACT","EXACT","EXACT","n/a","EXACT","n/a","EXACT","n/a","n/a","n/a","n/a","NEW-IN-NEO","EXACT","5/14","EXACT","P3","all 14 named facts that the data answers are rendered on the NEO page"
"FBL3N","FI","deep","/tcode/FBL3N/","/neo/transactions/FBL3N/","yes","yes","EXACT","EXACT","EXACT","EXACT","EXACT","EXACT","EXACT","EXACT","EXACT","EXACT","n/a","n/a","EXACT","EXACT","11/14","TRANSFORMED","P2","14 named facts intact; NEO's TxDetail model does not carry: beginner · consultant · bestPractices · certTips · ossKeywords · interview"
"FBL5H","FI","deep","/tcode/FBL5H/","/neo/transactions/FBL5H/","yes","yes","EXACT","EXACT","EXACT","n/a","EXACT","EXACT","EXACT","EXACT","EXACT","EXACT","n/a","n/a","EXACT","n/a","10/14","TRANSFORMED","P2","14 named facts intact; NEO's TxDetail model does not carry: beginner · consultant · bestPractices · ossKeywords · interview"
"FBL5N","FI","deep","/tcode/FBL5N/","/neo/transactions/FBL5N/","yes","yes","EXACT","EXACT","EXACT","EXACT","EXACT","EXACT","EXACT","EXACT","EXACT","EXACT","n/a","EXACT","EXACT","EXACT","12/14","TRANSFORMED","P2","14 named facts intact; NEO's TxDetail model does not carry: beginner · consultant · bestPractices · certTips · ossKeywords · interview"
"FBMP","FI","light","/tcode/FBMP/","/neo/transactions/FBMP/","yes","yes","EXACT","EXACT","EXACT","EXACT","n/a","EXACT","n/a","EXACT","n/a","n/a","n/a","n/a","NEW-IN-NEO","n/a","5/14","EXACT","P3","all 14 named facts that the data answers are rendered on the NEO page"
"FBN1","FI","light","/tcode/FBN1/","/neo/transactions/FBN1/","yes","yes","EXACT","EXACT","EXACT","EXACT","n/a","EXACT","n/a","EXACT","n/a","n/a","n/a","n/a","NEW-IN-NEO","EXACT","5/14","EXACT","P3","all 14 named facts that the data answers are rendered on the NEO page"
"FBRA","FI","deep","/tcode/FBRA/","/neo/transactions/FBRA/","yes","yes","EXACT","EXACT","EXACT","EXACT","EXACT","EXACT","EXACT","EXACT","n/a","EXACT","n/a","n/a","EXACT","n/a","10/14","TRANSFORMED","P2","14 named facts intact; NEO's TxDetail model does not carry: beginner · consultant · bestPractices · certTips · ossKeywords · interview"
"FBRC","FI","deep","/tcode/FBRC/","/neo/transactions/FBRC/","yes","yes","EXACT","EXACT","EXACT","EXACT","EXACT","EXACT","EXACT","EXACT","n/a","EXACT","n/a","n/a","EXACT","n/a","10/14","TRANSFORMED","P2","14 named facts intact; NEO's TxDetail model does not carry: beginner · consultant · bestPractices · ossKeywords · interview"
"FBS1","FI","light","/tcode/FBS1/","/neo/transactions/FBS1/","yes","yes","EXACT","EXACT","EXACT","EXACT","n/a","EXACT","n/a","EXACT","n/a","n/a","n/a","n/a","NEW-IN-NEO","n/a","5/14","EXACT","P3","all 14 named facts that the data answers are rendered on the NEO page"
"FBV0","FI","deep","/tcode/FBV0/","/neo/transactions/FBV0/","yes","yes","EXACT","EXACT","EXACT","EXACT","EXACT","EXACT","EXACT","EXACT","EXACT","EXACT","n/a","EXACT","EXACT","EXACT","12/14","TRANSFORMED","P2","14 named facts intact; NEO's TxDetail model does not carry: beginner · consultant · bestPractices · ossKeywords · interview"
"FBV1","FI","light","/tcode/FBV1/","/neo/transactions/FBV1/","yes","yes","EXACT","EXACT","EXACT","EXACT","n/a","EXACT","n/a","EXACT","n/a","n/a","n/a","n/a","NEW-IN-NEO","n/a","5/14","EXACT","P3","all 14 named facts that the data answers are rendered on the NEO page"
"FBV2","FI","light","/tcode/FBV2/","/neo/transactions/FBV2/","yes","yes","EXACT","EXACT","EXACT","EXACT","n/a","EXACT","n/a","EXACT","n/a","n/a","n/a","n/a","NEW-IN-NEO","n/a","5/14","EXACT","P3","all 14 named facts that the data answers are rendered on the NEO page"
"FBV3","FI","light","/tcode/FBV3/","/neo/transactions/FBV3/","yes","yes","EXACT","EXACT","EXACT","EXACT","n/a","EXACT","n/a","EXACT","n/a","n/a","n/a","n/a","EXACT","n/a","5/14","EXACT","P3","all 14 named facts that the data answers are rendered on the NEO page"
"FBV4","FI","light","/tcode/FBV4/","/neo/transactions/FBV4/","yes","yes","EXACT","EXACT","EXACT","EXACT","n/a","EXACT","n/a","EXACT","n/a","n/a","n/a","n/a","NEW-IN-NEO","n/a","5/14","EXACT","P3","all 14 named facts that the data answers are rendered on the NEO page"
"FBZA","FI","light","/tcode/FBZA/","/neo/transactions/FBZA/","yes","yes","EXACT","EXACT","EXACT","EXACT","n/a","EXACT","n/a","EXACT","n/a","n/a","n/a","n/a","NEW-IN-NEO","EXACT","5/14","EXACT","P3","all 14 named facts that the data answers are rendered on the NEO page"
"FBZP","FI","deep","/tcode/FBZP/","/neo/transactions/FBZP/","yes","yes","EXACT","EXACT","EXACT","EXACT","EXACT","EXACT","EXACT","EXACT","n/a","EXACT","n/a","n/a","EXACT","EXACT","10/14","TRANSFORMED","P2","14 named facts intact; NEO's TxDetail model does not carry: beginner · consultant · bestPractices · certTips · ossKeywords · interview"
"FCH5","FI","light","/tcode/FCH5/","/neo/transactions/FCH5/","yes","yes","EXACT","EXACT","EXACT","EXACT","n/a","EXACT","n/a","EXACT","n/a","n/a","n/a","n/a","EXACT","n/a","5/14","EXACT","P3","all 14 named facts that the data answers are rendered on the NEO page"
"FCHN","FI","light","/tcode/FCHN/","/neo/transactions/FCHN/","yes","yes","EXACT","EXACT","EXACT","EXACT","n/a","EXACT","n/a","EXACT","n/a","n/a","n/a","n/a","EXACT","n/a","5/14","EXACT","P3","all 14 named facts that the data answers are rendered on the NEO page"
"FCHU","FI","light","/tcode/FCHU/","/neo/transactions/FCHU/","yes","yes","EXACT","EXACT","EXACT","EXACT","n/a","EXACT","n/a","EXACT","n/a","n/a","n/a","n/a","NEW-IN-NEO","n/a","5/14","EXACT","P3","all 14 named facts that the data answers are rendered on the NEO page"
"FCHX","FI","light","/tcode/FCHX/","/neo/transactions/FCHX/","yes","yes","EXACT","EXACT","EXACT","EXACT","n/a","EXACT","n/a","EXACT","n/a","n/a","n/a","n/a","NEW-IN-NEO","n/a","5/14","EXACT","P3","all 14 named facts that the data answers are rendered on the NEO page"
"FD01","FI","deep","/tcode/FD01/","/neo/transactions/FD01/","yes","yes","EXACT","EXACT","EXACT","EXACT","EXACT","EXACT","EXACT","EXACT","n/a","EXACT","n/a","EXACT","EXACT","EXACT","11/14","TRANSFORMED","P2","14 named facts intact; NEO's TxDetail model does not carry: beginner · consultant · bestPractices · ossKeywords · interview"
"FD02","FI","deep","/tcode/FD02/","/neo/transactions/FD02/","yes","yes","EXACT","EXACT","EXACT","EXACT","EXACT","EXACT","EXACT","EXACT","n/a","EXACT","n/a","EXACT","EXACT","EXACT","11/14","TRANSFORMED","P2","14 named facts intact; NEO's TxDetail model does not carry: beginner · consultant · bestPractices · ossKeywords · interview"
"FD03","FI","deep","/tcode/FD03/","/neo/transactions/FD03/","yes","yes","EXACT","EXACT","EXACT","EXACT","EXACT","EXACT","EXACT","EXACT","n/a","EXACT","n/a","EXACT","EXACT","EXACT","11/14","TRANSFORMED","P2","14 named facts intact; NEO's TxDetail model does not carry: beginner · consultant · bestPractices · ossKeywords · interview"
"FD10N","FI","light","/tcode/FD10N/","/neo/transactions/FD10N/","yes","yes","EXACT","EXACT","EXACT","EXACT","n/a","EXACT","n/a","EXACT","n/a","n/a","n/a","n/a","NEW-IN-NEO","n/a","5/14","EXACT","P3","all 14 named facts that the data answers are rendered on the NEO page"
"FD31","SD","light","/tcode/FD31/","/neo/transactions/FD31/","yes","yes","EXACT","EXACT","EXACT","EXACT","n/a","EXACT","n/a","EXACT","n/a","n/a","n/a","n/a","NEW-IN-NEO","n/a","5/14","EXACT","P3","all 14 named facts that the data answers are rendered on the NEO page"
"FD32","SD","light","/tcode/FD32/","/neo/transactions/FD32/","yes","yes","EXACT","EXACT","EXACT","EXACT","n/a","EXACT","n/a","EXACT","n/a","n/a","n/a","n/a","EXACT","n/a","5/14","EXACT","P3","all 14 named facts that the data answers are rendered on the NEO page"
"FD33","SD","light","/tcode/FD33/","/neo/transactions/FD33/","yes","yes","EXACT","EXACT","EXACT","EXACT","n/a","EXACT","n/a","EXACT","n/a","n/a","n/a","n/a","NEW-IN-NEO","n/a","5/14","EXACT","P3","all 14 named facts that the data answers are rendered on the NEO page"
"FEBA","FI","light","/tcode/FEBA/","/neo/transactions/FEBA/","yes","yes","EXACT","EXACT","EXACT","EXACT","n/a","EXACT","n/a","EXACT","n/a","n/a","n/a","n/a","NEW-IN-NEO","n/a","5/14","EXACT","P3","all 14 named facts that the data answers are rendered on the NEO page"
"FEBAN","FI","light","/tcode/FEBAN/","/neo/transactions/FEBAN/","yes","yes","EXACT","EXACT","EXACT","EXACT","n/a","EXACT","n/a","EXACT","n/a","n/a","n/a","n/a","NEW-IN-NEO","n/a","5/14","EXACT","P3","all 14 named facts that the data answers are rendered on the NEO page"
"FF67","FI","light","/tcode/FF67/","/neo/transactions/FF67/","yes","yes","EXACT","EXACT","EXACT","EXACT","n/a","EXACT","n/a","EXACT","n/a","n/a","n/a","n/a","EXACT","n/a","5/14","EXACT","P3","all 14 named facts that the data answers are rendered on the NEO page"
"FF_5","FI","light","/tcode/FF_5/","/neo/transactions/FF_5/","yes","yes","EXACT","EXACT","EXACT","EXACT","n/a","EXACT","n/a","EXACT","n/a","n/a","n/a","n/a","NEW-IN-NEO","n/a","5/14","EXACT","P3","all 14 named facts that the data answers are rendered on the NEO page"
"FI01","FI","light","/tcode/FI01/","/neo/transactions/FI01/","yes","yes","EXACT","EXACT","EXACT","EXACT","n/a","EXACT","n/a","EXACT","n/a","n/a","n/a","n/a","NEW-IN-NEO","n/a","5/14","EXACT","P3","all 14 named facts that the data answers are rendered on the NEO page"
"FI02","FI","light","/tcode/FI02/","/neo/transactions/FI02/","yes","yes","EXACT","EXACT","EXACT","EXACT","n/a","EXACT","n/a","EXACT","n/a","n/a","n/a","n/a","NEW-IN-NEO","n/a","5/14","EXACT","P3","all 14 named facts that the data answers are rendered on the NEO page"
"FI03","FI","light","/tcode/FI03/","/neo/transactions/FI03/","yes","yes","EXACT","EXACT","EXACT","EXACT","n/a","EXACT","n/a","EXACT","n/a","n/a","n/a","n/a","NEW-IN-NEO","n/a","5/14","EXACT","P3","all 14 named facts that the data answers are rendered on the NEO page"
"FI12","FI","light","/tcode/FI12/","/neo/transactions/FI12/","yes","yes","EXACT","EXACT","EXACT","EXACT","n/a","EXACT","n/a","EXACT","n/a","n/a","n/a","n/a","NEW-IN-NEO","n/a","5/14","EXACT","P3","all 14 named facts that the data answers are rendered on the NEO page"
"FINS_RECON_RECONCILE","FI","light","/tcode/FINS_RECON_RECONCILE/","/neo/transactions/FINS_RECON_RECONCILE/","yes","yes","EXACT","EXACT","EXACT","EXACT","n/a","EXACT","n/a","EXACT","n/a","n/a","n/a","n/a","NEW-IN-NEO","n/a","5/14","EXACT","P3","all 14 named facts that the data answers are rendered on the NEO page"
"FK01","FI","deep","/tcode/FK01/","/neo/transactions/FK01/","yes","yes","EXACT","EXACT","EXACT","EXACT","EXACT","EXACT","EXACT","EXACT","n/a","EXACT","n/a","EXACT","EXACT","EXACT","11/14","TRANSFORMED","P2","14 named facts intact; NEO's TxDetail model does not carry: beginner · consultant · bestPractices · ossKeywords · interview"
"FK02","FI","deep","/tcode/FK02/","/neo/transactions/FK02/","yes","yes","EXACT","EXACT","EXACT","EXACT","EXACT","EXACT","EXACT","EXACT","n/a","EXACT","n/a","EXACT","EXACT","EXACT","11/14","TRANSFORMED","P2","14 named facts intact; NEO's TxDetail model does not carry: beginner · consultant · bestPractices · ossKeywords · interview"
"FK03","FI","deep","/tcode/FK03/","/neo/transactions/FK03/","yes","yes","EXACT","EXACT","EXACT","EXACT","EXACT","EXACT","EXACT","EXACT","n/a","EXACT","n/a","EXACT","EXACT","EXACT","11/14","TRANSFORMED","P2","14 named facts intact; NEO's TxDetail model does not carry: beginner · consultant · bestPractices · ossKeywords · interview"
"FK10N","FI","light","/tcode/FK10N/","/neo/transactions/FK10N/","yes","yes","EXACT","EXACT","EXACT","EXACT","n/a","EXACT","n/a","EXACT","n/a","n/a","n/a","n/a","NEW-IN-NEO","n/a","5/14","EXACT","P3","all 14 named facts that the data answers are rendered on the NEO page"
"FS00","FI","deep","/tcode/FS00/","/neo/transactions/FS00/","yes","yes","EXACT","EXACT","EXACT","EXACT","EXACT","EXACT","EXACT","EXACT","EXACT","EXACT","n/a","EXACT","EXACT","n/a","12/14","TRANSFORMED","P2","14 named facts intact; NEO's TxDetail model does not carry: beginner · consultant · bestPractices · ossKeywords · interview"
"FS01","FI","light","/tcode/FS01/","/neo/transactions/FS01/","yes","yes","EXACT","EXACT","EXACT","EXACT","n/a","EXACT","n/a","EXACT","n/a","n/a","n/a","n/a","NEW-IN-NEO","n/a","5/14","EXACT","P3","all 14 named facts that the data answers are rendered on the NEO page"
"FS02","FI","light","/tcode/FS02/","/neo/transactions/FS02/","yes","yes","EXACT","EXACT","EXACT","EXACT","n/a","EXACT","n/a","EXACT","n/a","n/a","n/a","n/a","NEW-IN-NEO","n/a","5/14","EXACT","P3","all 14 named facts that the data answers are rendered on the NEO page"
"FS03","FI","light","/tcode/FS03/","/neo/transactions/FS03/","yes","yes","EXACT","EXACT","EXACT","EXACT","n/a","EXACT","n/a","EXACT","n/a","n/a","n/a","n/a","NEW-IN-NEO","n/a","5/14","EXACT","P3","all 14 named facts that the data answers are rendered on the NEO page"
"FS10N","FI","deep","/tcode/FS10N/","/neo/transactions/FS10N/","yes","yes","EXACT","EXACT","EXACT","EXACT","EXACT","EXACT","EXACT","EXACT","EXACT","EXACT","n/a","n/a","EXACT","n/a","11/14","TRANSFORMED","P2","14 named facts intact; NEO's TxDetail model does not carry: beginner · consultant · bestPractices · ossKeywords · interview"
"FSP0","FI","light","/tcode/FSP0/","/neo/transactions/FSP0/","yes","yes","EXACT","EXACT","EXACT","EXACT","n/a","EXACT","n/a","EXACT","n/a","n/a","n/a","n/a","NEW-IN-NEO","n/a","5/14","EXACT","P3","all 14 named facts that the data answers are rendered on the NEO page"
"FSS0","FI","light","/tcode/FSS0/","/neo/transactions/FSS0/","yes","yes","EXACT","EXACT","EXACT","EXACT","n/a","EXACT","n/a","EXACT","n/a","n/a","n/a","n/a","NEW-IN-NEO","n/a","5/14","EXACT","P3","all 14 named facts that the data answers are rendered on the NEO page"
"FV50","FI","light","/tcode/FV50/","/neo/transactions/FV50/","yes","yes","EXACT","EXACT","EXACT","EXACT","n/a","EXACT","n/a","EXACT","n/a","n/a","n/a","n/a","NEW-IN-NEO","n/a","5/14","EXACT","P3","all 14 named facts that the data answers are rendered on the NEO page"
"FV60","FI","light","/tcode/FV60/","/neo/transactions/FV60/","yes","yes","EXACT","EXACT","EXACT","EXACT","n/a","EXACT","n/a","EXACT","n/a","n/a","n/a","n/a","NEW-IN-NEO","n/a","5/14","EXACT","P3","all 14 named facts that the data answers are rendered on the NEO page"
"FV70","FI","light","/tcode/FV70/","/neo/transactions/FV70/","yes","yes","EXACT","EXACT","EXACT","EXACT","n/a","EXACT","n/a","EXACT","n/a","n/a","n/a","n/a","NEW-IN-NEO","n/a","5/14","EXACT","P3","all 14 named facts that the data answers are rendered on the NEO page"
"GR55","CO","deep","/tcode/GR55/","/neo/transactions/GR55/","yes","yes","EXACT","EXACT","EXACT","EXACT","EXACT","EXACT","EXACT","EXACT","n/a","EXACT","n/a","n/a","EXACT","EXACT","10/14","TRANSFORMED","P2","14 named facts intact; NEO's TxDetail model does not carry: beginner · consultant · bestPractices · certTips · ossKeywords · interview"
"GRAC_ROLE_MGMT","SECURITY","light","/tcode/GRAC_ROLE_MGMT/","/neo/transactions/GRAC_ROLE_MGMT/","yes","yes","EXACT","EXACT","EXACT","EXACT","n/a","EXACT","n/a","EXACT","n/a","n/a","n/a","n/a","n/a","n/a","4/14","EXACT","P3","all 14 named facts that the data answers are rendered on the NEO page"
"GRR3","CO","deep","/tcode/GRR3/","/neo/transactions/GRR3/","yes","yes","EXACT","EXACT","EXACT","n/a","EXACT","EXACT","EXACT","EXACT","n/a","EXACT","n/a","n/a","EXACT","EXACT","9/14","TRANSFORMED","P2","14 named facts intact; NEO's TxDetail model does not carry: beginner · consultant · bestPractices · certTips · ossKeywords · interview"
"HRFORMS","HR","light","/tcode/HRFORMS/","/neo/transactions/HRFORMS/","yes","yes","EXACT","EXACT","EXACT","EXACT","n/a","EXACT","n/a","EXACT","n/a","n/a","n/a","n/a","NEW-IN-NEO","EXACT","5/14","EXACT","P3","all 14 named facts that the data answers are rendered on the NEO page"
"HU01","LE","light","/tcode/HU01/","/neo/transactions/HU01/","yes","yes","EXACT","EXACT","EXACT","EXACT","n/a","EXACT","n/a","EXACT","n/a","n/a","n/a","n/a","NEW-IN-NEO","n/a","5/14","EXACT","P3","all 14 named facts that the data answers are rendered on the NEO page"
"HU02","LE","light","/tcode/HU02/","/neo/transactions/HU02/","yes","yes","EXACT","EXACT","EXACT","EXACT","n/a","EXACT","n/a","EXACT","n/a","n/a","n/a","n/a","NEW-IN-NEO","n/a","5/14","EXACT","P3","all 14 named facts that the data answers are rendered on the NEO page"
"HU04","LE","light","/tcode/HU04/","/neo/transactions/HU04/","yes","yes","EXACT","EXACT","EXACT","EXACT","n/a","EXACT","n/a","EXACT","n/a","n/a","n/a","n/a","NEW-IN-NEO","n/a","5/14","EXACT","P3","all 14 named facts that the data answers are rendered on the NEO page"
"HUMO","LE","light","/tcode/HUMO/","/neo/transactions/HUMO/","yes","yes","EXACT","EXACT","EXACT","EXACT","n/a","EXACT","n/a","EXACT","n/a","n/a","n/a","n/a","NEW-IN-NEO","EXACT","5/14","EXACT","P3","all 14 named facts that the data answers are rendered on the NEO page"
"HUPAST","LE","light","/tcode/HUPAST/","/neo/transactions/HUPAST/","yes","yes","EXACT","EXACT","EXACT","EXACT","n/a","EXACT","n/a","EXACT","n/a","n/a","n/a","n/a","NEW-IN-NEO","EXACT","5/14","EXACT","P3","all 14 named facts that the data answers are rendered on the NEO page"
"IA01","PM","deep","/tcode/IA01/","/neo/transactions/IA01/","yes","yes","EXACT","EXACT","EXACT","EXACT","EXACT","EXACT","EXACT","EXACT","EXACT","EXACT","n/a","EXACT","EXACT","EXACT","14/14","TRANSFORMED","P2","14 named facts intact; NEO's TxDetail model does not carry: beginner · consultant · bestPractices · ossKeywords · interview · businessExample · techExample · debugSteps · perfNotes · prodTips · authored.input · authored.output · authored.qa"
"IA02","PM","deep","/tcode/IA02/","/neo/transactions/IA02/","yes","yes","EXACT","EXACT","EXACT","EXACT","EXACT","EXACT","EXACT","EXACT","n/a","EXACT","n/a","n/a","EXACT","EXACT","12/14","TRANSFORMED","P2","14 named facts intact; NEO's TxDetail model does not carry: beginner · consultant · bestPractices · ossKeywords · interview · businessExample · techExample · debugSteps · perfNotes · prodTips"
"IA03","PM","deep","/tcode/IA03/","/neo/transactions/IA03/","yes","yes","EXACT","EXACT","EXACT","EXACT","EXACT","EXACT","EXACT","EXACT","n/a","EXACT","n/a","n/a","EXACT","EXACT","12/14","TRANSFORMED","P2","14 named facts intact; NEO's TxDetail model does not carry: beginner · consultant · bestPractices · ossKeywords · interview · businessExample · techExample · debugSteps · perfNotes · prodTips"
"IA05","PM","deep","/tcode/IA05/","/neo/transactions/IA05/","yes","yes","EXACT","EXACT","EXACT","EXACT","EXACT","EXACT","EXACT","EXACT","EXACT","EXACT","n/a","EXACT","EXACT","EXACT","14/14","TRANSFORMED","P2","14 named facts intact; NEO's TxDetail model does not carry: beginner · consultant · bestPractices · certTips · ossKeywords · interview · businessExample · techExample · debugSteps · perfNotes · prodTips · authored.input · authored.output · authored.qa"
"IA06","PM","deep","/tcode/IA06/","/neo/transactions/IA06/","yes","yes","EXACT","EXACT","EXACT","EXACT","EXACT","EXACT","EXACT","EXACT","n/a","EXACT","n/a","n/a","EXACT","EXACT","12/14","TRANSFORMED","P2","14 named facts intact; NEO's TxDetail model does not carry: beginner · consultant · bestPractices · ossKeywords · interview · businessExample · techExample · debugSteps · perfNotes · prodTips"
"IA07","PM","deep","/tcode/IA07/","/neo/transactions/IA07/","yes","yes","EXACT","EXACT","EXACT","EXACT","EXACT","EXACT","EXACT","EXACT","n/a","EXACT","n/a","n/a","EXACT","EXACT","12/14","TRANSFORMED","P2","14 named facts intact; NEO's TxDetail model does not carry: beginner · consultant · bestPractices · ossKeywords · interview · businessExample · techExample · debugSteps · perfNotes · prodTips"
"IA08","PM","deep","/tcode/IA08/","/neo/transactions/IA08/","yes","yes","EXACT","EXACT","EXACT","EXACT","EXACT","EXACT","EXACT","EXACT","n/a","EXACT","n/a","n/a","EXACT","EXACT","12/14","TRANSFORMED","P2","14 named facts intact; NEO's TxDetail model does not carry: beginner · consultant · bestPractices · ossKeywords · interview · businessExample · techExample · debugSteps · perfNotes · prodTips"
"IA09","PM","deep","/tcode/IA09/","/neo/transactions/IA09/","yes","yes","EXACT","EXACT","EXACT","EXACT","EXACT","EXACT","EXACT","EXACT","n/a","EXACT","n/a","n/a","EXACT","EXACT","12/14","TRANSFORMED","P2","14 named facts intact; NEO's TxDetail model does not carry: beginner · consultant · bestPractices · ossKeywords · interview · businessExample · techExample · debugSteps · perfNotes · prodTips"
"IA11","PM","deep","/tcode/IA11/","/neo/transactions/IA11/","yes","yes","EXACT","EXACT","EXACT","EXACT","EXACT","EXACT","EXACT","EXACT","n/a","EXACT","n/a","EXACT","EXACT","EXACT","13/14","TRANSFORMED","P2","14 named facts intact; NEO's TxDetail model does not carry: beginner · consultant · bestPractices · ossKeywords · interview · businessExample · techExample · debugSteps · perfNotes · prodTips"
"IA12","PM","deep","/tcode/IA12/","/neo/transactions/IA12/","yes","yes","EXACT","EXACT","EXACT","EXACT","EXACT","EXACT","EXACT","EXACT","n/a","EXACT","n/a","n/a","EXACT","EXACT","12/14","TRANSFORMED","P2","14 named facts intact; NEO's TxDetail model does not carry: beginner · consultant · bestPractices · ossKeywords · interview · businessExample · techExample · debugSteps · perfNotes · prodTips"
"IA13","PM","light","/tcode/IA13/","/neo/transactions/IA13/","yes","yes","EXACT","EXACT","EXACT","EXACT","n/a","EXACT","NEW-IN-NEO","EXACT","n/a","n/a","n/a","n/a","EXACT","EXACT","6/14","EXACT","P3","all 14 named facts that the data answers are rendered on the NEO page"
"IB01","PM","deep","/tcode/IB01/","/neo/transactions/IB01/","yes","yes","EXACT","EXACT","EXACT","EXACT","EXACT","EXACT","EXACT","EXACT","n/a","EXACT","n/a","EXACT","EXACT","EXACT","13/14","TRANSFORMED","P2","14 named facts intact; NEO's TxDetail model does not carry: beginner · consultant · bestPractices · ossKeywords · interview · businessExample · techExample · debugSteps · perfNotes · prodTips"
"IB02","PM","deep","/tcode/IB02/","/neo/transactions/IB02/","yes","yes","EXACT","EXACT","EXACT","EXACT","EXACT","EXACT","EXACT","EXACT","n/a","EXACT","n/a","EXACT","EXACT","EXACT","13/14","TRANSFORMED","P2","14 named facts intact; NEO's TxDetail model does not carry: beginner · consultant · bestPractices · ossKeywords · interview · businessExample · techExample · debugSteps · perfNotes · prodTips"
"IB03","PM","deep","/tcode/IB03/","/neo/transactions/IB03/","yes","yes","EXACT","EXACT","EXACT","EXACT","EXACT","EXACT","EXACT","EXACT","n/a","EXACT","n/a","n/a","EXACT","EXACT","11/14","TRANSFORMED","P2","14 named facts intact; NEO's TxDetail model does not carry: beginner · consultant · bestPractices · ossKeywords · interview"
"IB11","PM","deep","/tcode/IB11/","/neo/transactions/IB11/","yes","yes","EXACT","EXACT","EXACT","EXACT","EXACT","EXACT","EXACT","EXACT","n/a","EXACT","n/a","EXACT","EXACT","EXACT","13/14","TRANSFORMED","P2","14 named facts intact; NEO's TxDetail model does not carry: beginner · consultant · bestPractices · ossKeywords · interview · businessExample · techExample · debugSteps · perfNotes · prodTips"
"IB12","PM","deep","/tcode/IB12/","/neo/transactions/IB12/","yes","yes","EXACT","EXACT","EXACT","n/a","EXACT","EXACT","EXACT","EXACT","n/a","EXACT","n/a","n/a","EXACT","EXACT","10/14","TRANSFORMED","P2","14 named facts intact; NEO's TxDetail model does not carry: beginner · consultant · bestPractices · ossKeywords · interview"
"IB13","PM","deep","/tcode/IB13/","/neo/transactions/IB13/","yes","yes","EXACT","EXACT","EXACT","EXACT","EXACT","EXACT","EXACT","EXACT","n/a","EXACT","n/a","n/a","EXACT","EXACT","11/14","TRANSFORMED","P2","14 named facts intact; NEO's TxDetail model does not carry: beginner · consultant · bestPractices · ossKeywords · interview"
"IB51","PM","light","/tcode/IB51/","/neo/transactions/IB51/","yes","yes","EXACT","EXACT","EXACT","EXACT","n/a","EXACT","NEW-IN-NEO","EXACT","n/a","n/a","n/a","n/a","NEW-IN-NEO","EXACT","6/14","EXACT","P3","all 14 named facts that the data answers are rendered on the NEO page"
"IB52","PM","light","/tcode/IB52/","/neo/transactions/IB52/","yes","yes","EXACT","EXACT","EXACT","EXACT","n/a","EXACT","NEW-IN-NEO","EXACT","n/a","n/a","n/a","n/a","NEW-IN-NEO","EXACT","6/14","EXACT","P3","all 14 named facts that the data answers are rendered on the NEO page"
"IB53","PM","light","/tcode/IB53/","/neo/transactions/IB53/","yes","yes","EXACT","EXACT","EXACT","EXACT","n/a","EXACT","NEW-IN-NEO","EXACT","n/a","n/a","n/a","n/a","NEW-IN-NEO","EXACT","6/14","EXACT","P3","all 14 named facts that the data answers are rendered on the NEO page"
"IE01","PM","deep","/tcode/IE01/","/neo/transactions/IE01/","yes","yes","EXACT","EXACT","EXACT","EXACT","EXACT","EXACT","EXACT","EXACT","EXACT","EXACT","EXACT","EXACT","EXACT","EXACT","14/14","TRANSFORMED","P2","14 named facts intact; NEO's TxDetail model does not carry: beginner · consultant · bestPractices · certTips · ossKeywords · interview · businessExample · techExample · debugSteps · perfNotes · prodTips · authored.input · authored.output · authored.qa"
"IE02","PM","deep","/tcode/IE02/","/neo/transactions/IE02/","yes","yes","EXACT","EXACT","EXACT","EXACT","EXACT","EXACT","EXACT","EXACT","EXACT","EXACT","EXACT","EXACT","EXACT","EXACT","14/14","TRANSFORMED","P2","14 named facts intact; NEO's TxDetail model does not carry: beginner · consultant · bestPractices · certTips · ossKeywords · interview · businessExample · techExample · debugSteps · perfNotes · prodTips · authored.input · authored.output · authored.qa"
"IE03","PM","deep","/tcode/IE03/","/neo/transactions/IE03/","yes","yes","EXACT","EXACT","EXACT","EXACT","EXACT","EXACT","EXACT","EXACT","EXACT","EXACT","EXACT","EXACT","EXACT","EXACT","14/14","TRANSFORMED","P2","14 named facts intact; NEO's TxDetail model does not carry: beginner · consultant · bestPractices · certTips · ossKeywords · interview · businessExample · techExample · debugSteps · perfNotes · prodTips · authored.input · authored.output · authored.qa"
"IE05","PM","deep","/tcode/IE05/","/neo/transactions/IE05/","yes","yes","EXACT","EXACT","EXACT","EXACT","EXACT","EXACT","EXACT","EXACT","EXACT","EXACT","n/a","n/a","EXACT","EXACT","13/14","TRANSFORMED","P2","14 named facts intact; NEO's TxDetail model does not carry: beginner · consultant · bestPractices · certTips · ossKeywords · interview · businessExample · techExample · debugSteps · perfNotes · prodTips · authored.input · authored.output · authored.qa"
"IE06","PM","light","/tcode/IE06/","/neo/transactions/IE06/","yes","yes","EXACT","EXACT","EXACT","EXACT","n/a","EXACT","NEW-IN-NEO","EXACT","n/a","n/a","n/a","n/a","NEW-IN-NEO","EXACT","6/14","EXACT","P3","all 14 named facts that the data answers are rendered on the NEO page"
"IE07","PM","deep","/tcode/IE07/","/neo/transactions/IE07/","yes","yes","EXACT","EXACT","EXACT","EXACT","EXACT","EXACT","EXACT","EXACT","EXACT","EXACT","n/a","n/a","EXACT","EXACT","12/14","TRANSFORMED","P2","14 named facts intact; NEO's TxDetail model does not carry: beginner · consultant · bestPractices · ossKeywords · interview"
"IE08","PM","light","/tcode/IE08/","/neo/transactions/IE08/","yes","yes","EXACT","EXACT","EXACT","EXACT","n/a","EXACT","NEW-IN-NEO","EXACT","n/a","n/a","n/a","n/a","NEW-IN-NEO","EXACT","6/14","EXACT","P3","all 14 named facts that the data answers are rendered on the NEO page"
"IE10","PM","deep","/tcode/IE10/","/neo/transactions/IE10/","yes","yes","EXACT","EXACT","EXACT","EXACT","EXACT","EXACT","EXACT","EXACT","EXACT","EXACT","n/a","n/a","EXACT","EXACT","12/14","TRANSFORMED","P2","14 named facts intact; NEO's TxDetail model does not carry: beginner · consultant · bestPractices · ossKeywords · interview"
"IE25","PM","light","/tcode/IE25/","/neo/transactions/IE25/","yes","yes","EXACT","EXACT","EXACT","EXACT","n/a","EXACT","NEW-IN-NEO","EXACT","n/a","n/a","n/a","n/a","NEW-IN-NEO","EXACT","6/14","EXACT","P3","all 14 named facts that the data answers are rendered on the NEO page"
"IE36","PM","light","/tcode/IE36/","/neo/transactions/IE36/","yes","yes","EXACT","EXACT","EXACT","EXACT","n/a","EXACT","NEW-IN-NEO","EXACT","n/a","n/a","n/a","n/a","NEW-IN-NEO","EXACT","6/14","EXACT","P3","all 14 named facts that the data answers are rendered on the NEO page"
"IE37","PM","light","/tcode/IE37/","/neo/transactions/IE37/","yes","yes","EXACT","EXACT","EXACT","EXACT","n/a","EXACT","NEW-IN-NEO","EXACT","n/a","n/a","n/a","n/a","NEW-IN-NEO","EXACT","6/14","EXACT","P3","all 14 named facts that the data answers are rendered on the NEO page"
"IE4N","PM","deep","/tcode/IE4N/","/neo/transactions/IE4N/","yes","yes","EXACT","EXACT","EXACT","EXACT","EXACT","EXACT","EXACT","EXACT","n/a","EXACT","n/a","n/a","EXACT","EXACT","12/14","TRANSFORMED","P2","14 named facts intact; NEO's TxDetail model does not carry: beginner · consultant · bestPractices · certTips · ossKeywords · interview · businessExample · techExample · debugSteps · perfNotes · prodTips"
"IH01","PM","deep","/tcode/IH01/","/neo/transactions/IH01/","yes","yes","EXACT","EXACT","EXACT","EXACT","EXACT","EXACT","EXACT","EXACT","EXACT","EXACT","n/a","n/a","EXACT","EXACT","13/14","TRANSFORMED","P2","14 named facts intact; NEO's TxDetail model does not carry: beginner · consultant · bestPractices · certTips · ossKeywords · interview · businessExample · techExample · debugSteps · perfNotes · prodTips · authored.input · authored.output · authored.qa"
"IH06","PM","deep","/tcode/IH06/","/neo/transactions/IH06/","yes","yes","EXACT","EXACT","EXACT","EXACT","EXACT","EXACT","EXACT","EXACT","EXACT","EXACT","n/a","n/a","EXACT","EXACT","12/14","TRANSFORMED","P2","14 named facts intact; NEO's TxDetail model does not carry: beginner · consultant · bestPractices · ossKeywords · interview"
"IH08","PM","deep","/tcode/IH08/","/neo/transactions/IH08/","yes","yes","EXACT","EXACT","EXACT","EXACT","EXACT","EXACT","EXACT","EXACT","EXACT","EXACT","EXACT","n/a","EXACT","EXACT","13/14","TRANSFORMED","P2","14 named facts intact; NEO's TxDetail model does not carry: beginner · consultant · bestPractices · certTips · ossKeywords · interview · businessExample · techExample · debugSteps · perfNotes · prodTips · eccS4.replaced · authored.input · authored.output · authored.qa"
"IH12","PM","light","/tcode/IH12/","/neo/transactions/IH12/","yes","yes","EXACT","EXACT","EXACT","EXACT","n/a","EXACT","NEW-IN-NEO","EXACT","n/a","n/a","n/a","n/a","NEW-IN-NEO","EXACT","6/14","EXACT","P3","all 14 named facts that the data answers are rendered on the NEO page"
"IH20","PM","light","/tcode/IH20/","/neo/transactions/IH20/","yes","yes","EXACT","EXACT","EXACT","EXACT","n/a","EXACT","n/a","EXACT","n/a","n/a","n/a","n/a","NEW-IN-NEO","EXACT","5/14","EXACT","P3","all 14 named facts that the data answers are rendered on the NEO page"
"IK01","PM","deep","/tcode/IK01/","/neo/transactions/IK01/","yes","yes","EXACT","EXACT","EXACT","EXACT","EXACT","EXACT","EXACT","EXACT","EXACT","EXACT","EXACT","EXACT","EXACT","EXACT","14/14","TRANSFORMED","P2","14 named facts intact; NEO's TxDetail model does not carry: beginner · consultant · bestPractices · certTips · ossKeywords · interview · businessExample · techExample · debugSteps · perfNotes · prodTips · authored.input · authored.output · authored.qa"
"IK02","PM","deep","/tcode/IK02/","/neo/transactions/IK02/","yes","yes","EXACT","EXACT","EXACT","EXACT","EXACT","EXACT","EXACT","EXACT","EXACT","EXACT","n/a","EXACT","EXACT","EXACT","14/14","TRANSFORMED","P2","14 named facts intact; NEO's TxDetail model does not carry: beginner · consultant · bestPractices · certTips · ossKeywords · interview · businessExample · techExample · debugSteps · perfNotes · prodTips"
"IK03","PM","deep","/tcode/IK03/","/neo/transactions/IK03/","yes","yes","EXACT","EXACT","EXACT","EXACT","EXACT","EXACT","EXACT","EXACT","EXACT","EXACT","n/a","EXACT","EXACT","EXACT","14/14","TRANSFORMED","P2","14 named facts intact; NEO's TxDetail model does not carry: beginner · consultant · bestPractices · certTips · ossKeywords · interview · businessExample · techExample · debugSteps · perfNotes · prodTips"
"IK04","PM","light","/tcode/IK04/","/neo/transactions/IK04/","yes","yes","EXACT","EXACT","EXACT","EXACT","n/a","EXACT","NEW-IN-NEO","EXACT","n/a","n/a","n/a","n/a","NEW-IN-NEO","EXACT","6/14","EXACT","P3","all 14 named facts that the data answers are rendered on the NEO page"
"IK07","PM","deep","/tcode/IK07/","/neo/transactions/IK07/","yes","yes","EXACT","EXACT","EXACT","EXACT","EXACT","EXACT","EXACT","EXACT","EXACT","EXACT","n/a","n/a","EXACT","EXACT","12/14","TRANSFORMED","P2","14 named facts intact; NEO's TxDetail model does not carry: beginner · consultant · bestPractices · ossKeywords · interview"
"IK08","—","not-in-registry","/tcode/IK08/","—","yes","no","MISSING","n/a","n/a","n/a","n/a","n/a","MISSING","MISSING","n/a","n/a","n/a","n/a","n/a","n/a","—","MISSING","P1","no /neo/transactions/IK08/ page: code comes from lib/object-intel listTcodes() (blueprint tcodes column), which lib/tx-registry does not merge; NEO generateStaticParams = registryCodes() only. OLD /tcode/IK08/ renders RelatedView with 1 blueprint table(s). DATA PRESENT, NOT SURFACED IN NEO."
"IK11","PM","deep","/tcode/IK11/","/neo/transactions/IK11/","yes","yes","EXACT","EXACT","EXACT","EXACT","EXACT","EXACT","EXACT","EXACT","EXACT","EXACT","n/a","EXACT","EXACT","EXACT","14/14","TRANSFORMED","P2","14 named facts intact; NEO's TxDetail model does not carry: beginner · consultant · bestPractices · certTips · ossKeywords · interview · businessExample · techExample · debugSteps · perfNotes · prodTips · authored.input · authored.output · authored.qa"
"IK12","PM","light","/tcode/IK12/","/neo/transactions/IK12/","yes","yes","EXACT","EXACT","EXACT","EXACT","n/a","EXACT","EXACT","EXACT","n/a","n/a","n/a","n/a","NEW-IN-NEO","EXACT","7/14","EXACT","P3","all 14 named facts that the data answers are rendered on the NEO page"
"IK13","PM","light","/tcode/IK13/","/neo/transactions/IK13/","yes","yes","EXACT","EXACT","EXACT","EXACT","n/a","EXACT","EXACT","EXACT","n/a","n/a","n/a","n/a","EXACT","EXACT","7/14","EXACT","P3","all 14 named facts that the data answers are rendered on the NEO page"
"IK17","PM","deep","/tcode/IK17/","/neo/transactions/IK17/","yes","yes","EXACT","EXACT","EXACT","EXACT","EXACT","EXACT","EXACT","EXACT","EXACT","EXACT","n/a","n/a","EXACT","EXACT","13/14","TRANSFORMED","P2","14 named facts intact; NEO's TxDetail model does not carry: beginner · consultant · bestPractices · certTips · ossKeywords · interview · businessExample · techExample · debugSteps · perfNotes · prodTips"
"IK18","PM","light","/tcode/IK18/","/neo/transactions/IK18/","yes","yes","EXACT","EXACT","EXACT","EXACT","n/a","EXACT","NEW-IN-NEO","EXACT","n/a","n/a","n/a","n/a","NEW-IN-NEO","EXACT","6/14","EXACT","P3","all 14 named facts that the data answers are rendered on the NEO page"
"IK21","—","not-in-registry","/tcode/IK21/","—","yes","no","MISSING","n/a","n/a","n/a","n/a","n/a","MISSING","MISSING","n/a","n/a","n/a","n/a","n/a","n/a","—","MISSING","P1","no /neo/transactions/IK21/ page: code comes from lib/object-intel listTcodes() (blueprint tcodes column), which lib/tx-registry does not merge; NEO generateStaticParams = registryCodes() only. OLD /tcode/IK21/ renders RelatedView with 1 blueprint table(s). DATA PRESENT, NOT SURFACED IN NEO."
"IK22","PM","light","/tcode/IK22/","/neo/transactions/IK22/","yes","yes","EXACT","EXACT","EXACT","EXACT","n/a","EXACT","NEW-IN-NEO","EXACT","n/a","n/a","n/a","n/a","NEW-IN-NEO","EXACT","6/14","EXACT","P3","all 14 named facts that the data answers are rendered on the NEO page"
"IK31","PM","deep","/tcode/IK31/","/neo/transactions/IK31/","yes","yes","EXACT","EXACT","EXACT","EXACT","EXACT","EXACT","EXACT","EXACT","n/a","EXACT","n/a","n/a","EXACT","EXACT","12/14","TRANSFORMED","P2","14 named facts intact; NEO's TxDetail model does not carry: beginner · consultant · bestPractices · certTips · ossKeywords · interview · businessExample · techExample · debugSteps · perfNotes · prodTips"
"IK34","PM","deep","/tcode/IK34/","/neo/transactions/IK34/","yes","yes","EXACT","EXACT","EXACT","n/a","EXACT","EXACT","EXACT","EXACT","EXACT","EXACT","n/a","EXACT","EXACT","EXACT","13/14","TRANSFORMED","P2","14 named facts intact; NEO's TxDetail model does not carry: beginner · consultant · bestPractices · certTips · ossKeywords · interview · businessExample · techExample · debugSteps · perfNotes · prodTips"
"IK41","—","not-in-registry","/tcode/IK41/","—","yes","no","MISSING","n/a","n/a","n/a","n/a","n/a","MISSING","MISSING","n/a","n/a","n/a","n/a","n/a","n/a","—","MISSING","P1","no /neo/transactions/IK41/ page: code comes from lib/object-intel listTcodes() (blueprint tcodes column), which lib/tx-registry does not merge; NEO generateStaticParams = registryCodes() only. OLD /tcode/IK41/ renders RelatedView with 1 blueprint table(s). DATA PRESENT, NOT SURFACED IN NEO."
"IL01","PM","deep","/tcode/IL01/","/neo/transactions/IL01/","yes","yes","EXACT","EXACT","EXACT","EXACT","EXACT","EXACT","EXACT","EXACT","EXACT","EXACT","EXACT","EXACT","EXACT","EXACT","14/14","TRANSFORMED","P2","14 named facts intact; NEO's TxDetail model does not carry: beginner · consultant · bestPractices · certTips · ossKeywords · interview · businessExample · techExample · debugSteps · perfNotes · prodTips · authored.input · authored.output · authored.qa"
"IL02","PM","deep","/tcode/IL02/","/neo/transactions/IL02/","yes","yes","EXACT","EXACT","EXACT","EXACT","EXACT","EXACT","EXACT","EXACT","EXACT","EXACT","EXACT","EXACT","EXACT","EXACT","14/14","TRANSFORMED","P2","14 named facts intact; NEO's TxDetail model does not carry: beginner · consultant · bestPractices · certTips · ossKeywords · interview · businessExample · techExample · debugSteps · perfNotes · prodTips · authored.input · authored.output · authored.qa"
"IL03","PM","deep","/tcode/IL03/","/neo/transactions/IL03/","yes","yes","EXACT","EXACT","EXACT","EXACT","EXACT","EXACT","EXACT","EXACT","EXACT","EXACT","EXACT","EXACT","EXACT","EXACT","14/14","TRANSFORMED","P2","14 named facts intact; NEO's TxDetail model does not carry: beginner · consultant · bestPractices · certTips · ossKeywords · interview · businessExample · techExample · debugSteps · perfNotes · prodTips · authored.input · authored.output · authored.qa"
"IL04","PM","deep","/tcode/IL04/","/neo/transactions/IL04/","yes","yes","EXACT","EXACT","EXACT","EXACT","EXACT","EXACT","EXACT","EXACT","EXACT","EXACT","n/a","n/a","EXACT","EXACT","12/14","TRANSFORMED","P2","14 named facts intact; NEO's TxDetail model does not carry: beginner · consultant · bestPractices · ossKeywords · interview"
"IL05","PM","deep","/tcode/IL05/","/neo/transactions/IL05/","yes","yes","EXACT","EXACT","EXACT","EXACT","EXACT","EXACT","EXACT","EXACT","EXACT","EXACT","n/a","n/a","EXACT","EXACT","12/14","TRANSFORMED","P2","14 named facts intact; NEO's TxDetail model does not carry: beginner · consultant · bestPractices · ossKeywords · interview"
"IL06","PM","light","/tcode/IL06/","/neo/transactions/IL06/","yes","yes","EXACT","EXACT","EXACT","EXACT","n/a","EXACT","NEW-IN-NEO","EXACT","n/a","n/a","n/a","n/a","NEW-IN-NEO","EXACT","6/14","EXACT","P3","all 14 named facts that the data answers are rendered on the NEO page"
"IL07","PM","light","/tcode/IL07/","/neo/transactions/IL07/","yes","yes","EXACT","EXACT","EXACT","EXACT","n/a","EXACT","NEW-IN-NEO","EXACT","n/a","n/a","n/a","n/a","NEW-IN-NEO","EXACT","6/14","EXACT","P3","all 14 named facts that the data answers are rendered on the NEO page"
"IL10","PM","light","/tcode/IL10/","/neo/transactions/IL10/","yes","yes","EXACT","EXACT","EXACT","EXACT","n/a","EXACT","NEW-IN-NEO","EXACT","n/a","n/a","n/a","n/a","NEW-IN-NEO","EXACT","6/14","EXACT","P3","all 14 named facts that the data answers are rendered on the NEO page"
"IL11","PM","light","/tcode/IL11/","/neo/transactions/IL11/","yes","yes","EXACT","EXACT","EXACT","EXACT","n/a","EXACT","NEW-IN-NEO","EXACT","n/a","n/a","n/a","n/a","NEW-IN-NEO","EXACT","6/14","EXACT","P3","all 14 named facts that the data answers are rendered on the NEO page"
"IL12","PM","light","/tcode/IL12/","/neo/transactions/IL12/","yes","yes","EXACT","EXACT","EXACT","EXACT","n/a","EXACT","NEW-IN-NEO","EXACT","n/a","n/a","n/a","n/a","NEW-IN-NEO","EXACT","6/14","EXACT","P3","all 14 named facts that the data answers are rendered on the NEO page"
"IL14","PM","light","/tcode/IL14/","/neo/transactions/IL14/","yes","yes","EXACT","EXACT","EXACT","EXACT","n/a","EXACT","NEW-IN-NEO","EXACT","n/a","n/a","n/a","n/a","NEW-IN-NEO","EXACT","6/14","EXACT","P3","all 14 named facts that the data answers are rendered on the NEO page"
"IP01","PM","deep","/tcode/IP01/","/neo/transactions/IP01/","yes","yes","EXACT","EXACT","EXACT","EXACT","EXACT","EXACT","EXACT","EXACT","EXACT","EXACT","n/a","EXACT","EXACT","EXACT","14/14","TRANSFORMED","P2","14 named facts intact; NEO's TxDetail model does not carry: beginner · consultant · bestPractices · certTips · ossKeywords · interview · businessExample · techExample · debugSteps · perfNotes · prodTips · authored.input · authored.output · authored.qa"
"IP02","PM","deep","/tcode/IP02/","/neo/transactions/IP02/","yes","yes","EXACT","EXACT","EXACT","EXACT","EXACT","EXACT","EXACT","EXACT","EXACT","EXACT","n/a","n/a","EXACT","EXACT","13/14","TRANSFORMED","P2","14 named facts intact; NEO's TxDetail model does not carry: beginner · consultant · bestPractices · certTips · ossKeywords · interview · businessExample · techExample · debugSteps · perfNotes · prodTips"
"IP03","PM","deep","/tcode/IP03/","/neo/transactions/IP03/","yes","yes","EXACT","EXACT","EXACT","EXACT","EXACT","EXACT","EXACT","EXACT","EXACT","EXACT","n/a","EXACT","EXACT","EXACT","14/14","TRANSFORMED","P2","14 named facts intact; NEO's TxDetail model does not carry: beginner · consultant · bestPractices · certTips · ossKeywords · interview · businessExample · techExample · debugSteps · perfNotes · prodTips"
"IP04","PM","light","/tcode/IP04/","/neo/transactions/IP04/","yes","yes","EXACT","EXACT","EXACT","EXACT","n/a","EXACT","EXACT","EXACT","n/a","n/a","n/a","n/a","NEW-IN-NEO","EXACT","7/14","EXACT","P3","all 14 named facts that the data answers are rendered on the NEO page"
"IP05","PM","light","/tcode/IP05/","/neo/transactions/IP05/","yes","yes","EXACT","EXACT","EXACT","EXACT","n/a","EXACT","NEW-IN-NEO","EXACT","n/a","n/a","n/a","n/a","NEW-IN-NEO","EXACT","6/14","EXACT","P3","all 14 named facts that the data answers are rendered on the NEO page"
"IP06","PM","light","/tcode/IP06/","/neo/transactions/IP06/","yes","yes","EXACT","EXACT","EXACT","EXACT","n/a","EXACT","NEW-IN-NEO","EXACT","n/a","n/a","n/a","n/a","NEW-IN-NEO","EXACT","6/14","EXACT","P3","all 14 named facts that the data answers are rendered on the NEO page"
"IP10","PM","deep","/tcode/IP10/","/neo/transactions/IP10/","yes","yes","EXACT","EXACT","EXACT","EXACT","EXACT","EXACT","EXACT","EXACT","EXACT","EXACT","n/a","EXACT","EXACT","EXACT","14/14","TRANSFORMED","P2","14 named facts intact; NEO's TxDetail model does not carry: beginner · consultant · bestPractices · certTips · ossKeywords · interview · businessExample · techExample · debugSteps · perfNotes · prodTips · authored.input · authored.output · authored.qa"
"IP10Z","PM","light","/tcode/IP10Z/","/neo/transactions/IP10Z/","yes","yes","EXACT","EXACT","EXACT","EXACT","n/a","EXACT","NEW-IN-NEO","EXACT","n/a","n/a","n/a","n/a","NEW-IN-NEO","EXACT","6/14","EXACT","P3","all 14 named facts that the data answers are rendered on the NEO page"
"IP11","PM","deep","/tcode/IP11/","/neo/transactions/IP11/","yes","yes","EXACT","EXACT","EXACT","EXACT","EXACT","EXACT","EXACT","EXACT","n/a","EXACT","n/a","n/a","EXACT","EXACT","12/14","TRANSFORMED","P2","14 named facts intact; NEO's TxDetail model does not carry: beginner · consultant · bestPractices · certTips · ossKeywords · interview · businessExample · techExample · debugSteps · perfNotes · prodTips"
"IP11Z","PM","light","/tcode/IP11Z/","/neo/transactions/IP11Z/","yes","yes","EXACT","EXACT","EXACT","EXACT","n/a","EXACT","NEW-IN-NEO","EXACT","n/a","n/a","n/a","n/a","NEW-IN-NEO","EXACT","6/14","EXACT","P3","all 14 named facts that the data answers are rendered on the NEO page"
"IP15","PM","light","/tcode/IP15/","/neo/transactions/IP15/","yes","yes","EXACT","EXACT","EXACT","EXACT","n/a","EXACT","NEW-IN-NEO","EXACT","n/a","n/a","n/a","n/a","NEW-IN-NEO","EXACT","6/14","EXACT","P3","all 14 named facts that the data answers are rendered on the NEO page"
"IP16","PM","light","/tcode/IP16/","/neo/transactions/IP16/","yes","yes","EXACT","EXACT","EXACT","EXACT","n/a","EXACT","NEW-IN-NEO","EXACT","n/a","n/a","n/a","n/a","NEW-IN-NEO","EXACT","6/14","EXACT","P3","all 14 named facts that the data answers are rendered on the NEO page"
"IP17","PM","light","/tcode/IP17/","/neo/transactions/IP17/","yes","yes","EXACT","EXACT","EXACT","EXACT","n/a","EXACT","NEW-IN-NEO","EXACT","n/a","n/a","n/a","n/a","NEW-IN-NEO","EXACT","6/14","EXACT","P3","all 14 named facts that the data answers are rendered on the NEO page"
"IP18","PM","light","/tcode/IP18/","/neo/transactions/IP18/","yes","yes","EXACT","EXACT","EXACT","EXACT","n/a","EXACT","NEW-IN-NEO","EXACT","n/a","n/a","n/a","n/a","NEW-IN-NEO","EXACT","6/14","EXACT","P3","all 14 named facts that the data answers are rendered on the NEO page"
"IP19","PM","deep","/tcode/IP19/","/neo/transactions/IP19/","yes","yes","EXACT","EXACT","EXACT","EXACT","EXACT","EXACT","EXACT","EXACT","EXACT","EXACT","n/a","n/a","EXACT","EXACT","13/14","TRANSFORMED","P2","14 named facts intact; NEO's TxDetail model does not carry: beginner · consultant · bestPractices · certTips · ossKeywords · interview · businessExample · techExample · debugSteps · perfNotes · prodTips"
"IP24","PM","deep","/tcode/IP24/","/neo/transactions/IP24/","yes","yes","EXACT","EXACT","EXACT","EXACT","EXACT","EXACT","EXACT","EXACT","EXACT","EXACT","n/a","n/a","EXACT","EXACT","13/14","TRANSFORMED","P2","14 named facts intact; NEO's TxDetail model does not carry: beginner · consultant · bestPractices · certTips · ossKeywords · interview · businessExample · techExample · debugSteps · perfNotes · prodTips"
"IP30","PM","deep","/tcode/IP30/","/neo/transactions/IP30/","yes","yes","EXACT","EXACT","EXACT","EXACT","EXACT","EXACT","EXACT","EXACT","EXACT","EXACT","n/a","EXACT","EXACT","EXACT","14/14","TRANSFORMED","P2","14 named facts intact; NEO's TxDetail model does not carry: beginner · consultant · bestPractices · certTips · ossKeywords · interview · businessExample · techExample · debugSteps · perfNotes · prodTips · authored.input · authored.output · authored.qa"
"IP41","PM","deep","/tcode/IP41/","/neo/transactions/IP41/","yes","yes","EXACT","EXACT","EXACT","EXACT","EXACT","EXACT","EXACT","EXACT","EXACT","EXACT","n/a","n/a","EXACT","EXACT","13/14","TRANSFORMED","P2","14 named facts intact; NEO's TxDetail model does not carry: beginner · consultant · bestPractices · certTips · ossKeywords · interview · businessExample · techExample · debugSteps · perfNotes · prodTips"
"IP42","PM","deep","/tcode/IP42/","/neo/transactions/IP42/","yes","yes","EXACT","EXACT","EXACT","EXACT","EXACT","EXACT","EXACT","EXACT","EXACT","EXACT","n/a","n/a","EXACT","EXACT","13/14","TRANSFORMED","P2","14 named facts intact; NEO's TxDetail model does not carry: beginner · consultant · bestPractices · certTips · ossKeywords · interview · businessExample · techExample · debugSteps · perfNotes · prodTips"
"IP43","PM","deep","/tcode/IP43/","/neo/transactions/IP43/","yes","yes","EXACT","EXACT","EXACT","EXACT","EXACT","EXACT","EXACT","EXACT","n/a","EXACT","n/a","EXACT","EXACT","EXACT","13/14","TRANSFORMED","P2","14 named facts intact; NEO's TxDetail model does not carry: beginner · consultant · bestPractices · ossKeywords · interview · businessExample · techExample · debugSteps · perfNotes · prodTips"
"IPM2","PM","light","/tcode/IPM2/","/neo/transactions/IPM2/","yes","yes","EXACT","EXACT","EXACT","EXACT","n/a","EXACT","NEW-IN-NEO","EXACT","n/a","n/a","n/a","n/a","NEW-IN-NEO","EXACT","6/14","EXACT","P3","all 14 named facts that the data answers are rendered on the NEO page"
"IQ01","—","not-in-registry","/tcode/IQ01/","—","yes","no","MISSING","n/a","n/a","n/a","n/a","n/a","MISSING","MISSING","n/a","n/a","n/a","n/a","n/a","n/a","—","MISSING","P1","no /neo/transactions/IQ01/ page: code comes from lib/object-intel listTcodes() (blueprint tcodes column), which lib/tx-registry does not merge; NEO generateStaticParams = registryCodes() only. OLD /tcode/IQ01/ renders RelatedView with 1 blueprint table(s). DATA PRESENT, NOT SURFACED IN NEO."
"IQ02","—","not-in-registry","/tcode/IQ02/","—","yes","no","MISSING","n/a","n/a","n/a","n/a","n/a","MISSING","MISSING","n/a","n/a","n/a","n/a","n/a","n/a","—","MISSING","P1","no /neo/transactions/IQ02/ page: code comes from lib/object-intel listTcodes() (blueprint tcodes column), which lib/tx-registry does not merge; NEO generateStaticParams = registryCodes() only. OLD /tcode/IQ02/ renders RelatedView with 1 blueprint table(s). DATA PRESENT, NOT SURFACED IN NEO."
"IQ03","—","not-in-registry","/tcode/IQ03/","—","yes","no","MISSING","n/a","n/a","n/a","n/a","n/a","MISSING","MISSING","n/a","n/a","n/a","n/a","n/a","n/a","—","MISSING","P1","no /neo/transactions/IQ03/ page: code comes from lib/object-intel listTcodes() (blueprint tcodes column), which lib/tx-registry does not merge; NEO generateStaticParams = registryCodes() only. OLD /tcode/IQ03/ renders RelatedView with 1 blueprint table(s). DATA PRESENT, NOT SURFACED IN NEO."
"IQ08","—","not-in-registry","/tcode/IQ08/","—","yes","no","MISSING","n/a","n/a","n/a","n/a","n/a","MISSING","MISSING","n/a","n/a","n/a","n/a","n/a","n/a","—","MISSING","P1","no /neo/transactions/IQ08/ page: code comes from lib/object-intel listTcodes() (blueprint tcodes column), which lib/tx-registry does not merge; NEO generateStaticParams = registryCodes() only. OLD /tcode/IQ08/ renders RelatedView with 1 blueprint table(s). DATA PRESENT, NOT SURFACED IN NEO."
"IQ09","—","not-in-registry","/tcode/IQ09/","—","yes","no","MISSING","n/a","n/a","n/a","n/a","n/a","MISSING","MISSING","n/a","n/a","n/a","n/a","n/a","n/a","—","MISSING","P1","no /neo/transactions/IQ09/ page: code comes from lib/object-intel listTcodes() (blueprint tcodes column), which lib/tx-registry does not merge; NEO generateStaticParams = registryCodes() only. OLD /tcode/IQ09/ renders RelatedView with 1 blueprint table(s). DATA PRESENT, NOT SURFACED IN NEO."
"IQS21","PM","light","/tcode/IQS21/","/neo/transactions/IQS21/","yes","yes","EXACT","EXACT","EXACT","EXACT","n/a","EXACT","NEW-IN-NEO","EXACT","n/a","n/a","n/a","n/a","NEW-IN-NEO","EXACT","6/14","EXACT","P3","all 14 named facts that the data answers are rendered on the NEO page"
"IQS22","PM","light","/tcode/IQS22/","/neo/transactions/IQS22/","yes","yes","EXACT","EXACT","EXACT","EXACT","n/a","EXACT","NEW-IN-NEO","EXACT","n/a","n/a","n/a","n/a","EXACT","EXACT","6/14","EXACT","P3","all 14 named facts that the data answers are rendered on the NEO page"
"IQS23","PM","light","/tcode/IQS23/","/neo/transactions/IQS23/","yes","yes","EXACT","EXACT","EXACT","EXACT","n/a","EXACT","NEW-IN-NEO","EXACT","n/a","n/a","n/a","n/a","NEW-IN-NEO","EXACT","6/14","EXACT","P3","all 14 named facts that the data answers are rendered on the NEO page"
"IR01","PM","deep","/tcode/IR01/","/neo/transactions/IR01/","yes","yes","EXACT","EXACT","EXACT","n/a","EXACT","EXACT","EXACT","EXACT","EXACT","EXACT","EXACT","EXACT","n/a","EXACT","12/14","TRANSFORMED","P2","14 named facts intact; NEO's TxDetail model does not carry: authored.input · authored.output · authored.qa"
"IR02","—","not-in-registry","/tcode/IR02/","—","yes","no","MISSING","n/a","n/a","n/a","n/a","n/a","MISSING","MISSING","n/a","n/a","n/a","n/a","n/a","n/a","—","MISSING","P1","no /neo/transactions/IR02/ page: code comes from lib/object-intel listTcodes() (blueprint tcodes column), which lib/tx-registry does not merge; NEO generateStaticParams = registryCodes() only. OLD /tcode/IR02/ renders RelatedView with 2 blueprint table(s). DATA PRESENT, NOT SURFACED IN NEO."
"IR03","—","not-in-registry","/tcode/IR03/","—","yes","no","MISSING","n/a","n/a","n/a","n/a","n/a","MISSING","MISSING","n/a","n/a","n/a","n/a","n/a","n/a","—","MISSING","P1","no /neo/transactions/IR03/ page: code comes from lib/object-intel listTcodes() (blueprint tcodes column), which lib/tx-registry does not merge; NEO generateStaticParams = registryCodes() only. OLD /tcode/IR03/ renders RelatedView with 2 blueprint table(s). DATA PRESENT, NOT SURFACED IN NEO."
"IW13","PM","light","/tcode/IW13/","/neo/transactions/IW13/","yes","yes","EXACT","EXACT","EXACT","EXACT","n/a","EXACT","EXACT","EXACT","n/a","n/a","n/a","n/a","NEW-IN-NEO","EXACT","6/14","EXACT","P3","all 14 named facts that the data answers are rendered on the NEO page"
"IW21","PM","deep","/tcode/IW21/","/neo/transactions/IW21/","yes","yes","EXACT","EXACT","EXACT","EXACT","EXACT","EXACT","EXACT","EXACT","EXACT","EXACT","EXACT","EXACT","EXACT","EXACT","14/14","TRANSFORMED","P2","14 named facts intact; NEO's TxDetail model does not carry: beginner · consultant · bestPractices · certTips · ossKeywords · interview · businessExample · techExample · debugSteps · perfNotes · prodTips · authored.input · authored.output · authored.qa"
"IW22","PM","deep","/tcode/IW22/","/neo/transactions/IW22/","yes","yes","EXACT","EXACT","EXACT","EXACT","EXACT","EXACT","EXACT","EXACT","EXACT","EXACT","n/a","EXACT","EXACT","EXACT","14/14","TRANSFORMED","P2","14 named facts intact; NEO's TxDetail model does not carry: beginner · consultant · bestPractices · certTips · ossKeywords · interview · businessExample · techExample · debugSteps · perfNotes · prodTips · authored.input · authored.output · authored.qa"
"IW23","PM","deep","/tcode/IW23/","/neo/transactions/IW23/","yes","yes","EXACT","EXACT","EXACT","EXACT","EXACT","EXACT","EXACT","EXACT","EXACT","EXACT","n/a","EXACT","EXACT","EXACT","14/14","TRANSFORMED","P2","14 named facts intact; NEO's TxDetail model does not carry: beginner · consultant · bestPractices · certTips · ossKeywords · interview · businessExample · techExample · debugSteps · perfNotes · prodTips · authored.input · authored.output · authored.qa"
"IW24","PM","deep","/tcode/IW24/","/neo/transactions/IW24/","yes","yes","EXACT","EXACT","EXACT","EXACT","EXACT","EXACT","EXACT","EXACT","EXACT","EXACT","n/a","EXACT","EXACT","EXACT","14/14","TRANSFORMED","P2","14 named facts intact; NEO's TxDetail model does not carry: beginner · consultant · bestPractices · certTips · ossKeywords · interview · businessExample · techExample · debugSteps · perfNotes · prodTips"
"IW25","PM","deep","/tcode/IW25/","/neo/transactions/IW25/","yes","yes","EXACT","EXACT","EXACT","EXACT","EXACT","EXACT","EXACT","EXACT","EXACT","EXACT","n/a","EXACT","EXACT","EXACT","14/14","TRANSFORMED","P2","14 named facts intact; NEO's TxDetail model does not carry: beginner · consultant · bestPractices · certTips · ossKeywords · interview · businessExample · techExample · debugSteps · perfNotes · prodTips"
"IW26","PM","deep","/tcode/IW26/","/neo/transactions/IW26/","yes","yes","EXACT","EXACT","EXACT","EXACT","EXACT","EXACT","EXACT","EXACT","n/a","EXACT","n/a","EXACT","EXACT","EXACT","13/14","TRANSFORMED","P2","14 named facts intact; NEO's TxDetail model does not carry: beginner · consultant · bestPractices · certTips · ossKeywords · interview · businessExample · techExample · debugSteps · perfNotes · prodTips"
"IW28","PM","deep","/tcode/IW28/","/neo/transactions/IW28/","yes","yes","EXACT","EXACT","EXACT","EXACT","EXACT","EXACT","EXACT","EXACT","EXACT","EXACT","EXACT","EXACT","EXACT","EXACT","14/14","TRANSFORMED","P2","14 named facts intact; NEO's TxDetail model does not carry: beginner · consultant · bestPractices · certTips · ossKeywords · interview · businessExample · techExample · debugSteps · perfNotes · prodTips · eccS4.replaced · authored.input · authored.output · authored.qa"
"IW29","PM","deep","/tcode/IW29/","/neo/transactions/IW29/","yes","yes","EXACT","EXACT","EXACT","EXACT","EXACT","EXACT","EXACT","EXACT","EXACT","EXACT","n/a","n/a","EXACT","EXACT","13/14","TRANSFORMED","P2","14 named facts intact; NEO's TxDetail model does not carry: beginner · consultant · bestPractices · certTips · ossKeywords · interview · businessExample · techExample · debugSteps · perfNotes · prodTips"
"IW30","PM","light","/tcode/IW30/","/neo/transactions/IW30/","yes","yes","EXACT","EXACT","EXACT","EXACT","n/a","EXACT","NEW-IN-NEO","EXACT","n/a","n/a","n/a","n/a","NEW-IN-NEO","EXACT","6/14","EXACT","P3","all 14 named facts that the data answers are rendered on the NEO page"
"IW31","PM","deep","/tcode/IW31/","/neo/transactions/IW31/","yes","yes","EXACT","EXACT","EXACT","EXACT","EXACT","EXACT","EXACT","EXACT","EXACT","EXACT","EXACT","EXACT","EXACT","EXACT","14/14","TRANSFORMED","P2","14 named facts intact; NEO's TxDetail model does not carry: beginner · consultant · bestPractices · certTips · ossKeywords · interview · classes · businessExample · techExample · debugSteps · perfNotes · prodTips · eccS4.simplification · authored.input · authored.output · authored.qa"
"IW32","PM","deep","/tcode/IW32/","/neo/transactions/IW32/","yes","yes","EXACT","EXACT","EXACT","EXACT","EXACT","EXACT","EXACT","EXACT","EXACT","EXACT","n/a","EXACT","EXACT","EXACT","14/14","TRANSFORMED","P2","14 named facts intact; NEO's TxDetail model does not carry: beginner · consultant · bestPractices · certTips · ossKeywords · interview · classes · businessExample · techExample · debugSteps · perfNotes · prodTips · authored.input · authored.output · authored.qa"
"IW33","PM","deep","/tcode/IW33/","/neo/transactions/IW33/","yes","yes","EXACT","EXACT","EXACT","EXACT","EXACT","EXACT","EXACT","EXACT","EXACT","EXACT","EXACT","EXACT","EXACT","EXACT","14/14","TRANSFORMED","P2","14 named facts intact; NEO's TxDetail model does not carry: beginner · consultant · bestPractices · certTips · ossKeywords · interview · classes · businessExample · techExample · debugSteps · perfNotes · prodTips · authored.input · authored.output · authored.qa"
"IW34","PM","deep","/tcode/IW34/","/neo/transactions/IW34/","yes","yes","EXACT","EXACT","EXACT","EXACT","EXACT","EXACT","EXACT","EXACT","EXACT","EXACT","n/a","EXACT","EXACT","EXACT","14/14","TRANSFORMED","P2","14 named facts intact; NEO's TxDetail model does not carry: beginner · consultant · bestPractices · certTips · ossKeywords · interview · classes · businessExample · techExample · debugSteps · perfNotes · prodTips"
"IW36","PM","deep","/tcode/IW36/","/neo/transactions/IW36/","yes","yes","EXACT","EXACT","EXACT","EXACT","EXACT","EXACT","EXACT","EXACT","n/a","EXACT","n/a","EXACT","EXACT","EXACT","13/14","TRANSFORMED","P2","14 named facts intact; NEO's TxDetail model does not carry: beginner · consultant · bestPractices · ossKeywords · interview · businessExample · techExample · debugSteps · perfNotes · prodTips"
"IW37","PM","deep","/tcode/IW37/","/neo/transactions/IW37/","yes","yes","EXACT","EXACT","EXACT","EXACT","EXACT","EXACT","EXACT","EXACT","EXACT","EXACT","n/a","EXACT","EXACT","EXACT","14/14","TRANSFORMED","P2","14 named facts intact; NEO's TxDetail model does not carry: beginner · consultant · bestPractices · ossKeywords · interview · businessExample · techExample · debugSteps · perfNotes · prodTips"
"IW37N","PM","deep","/tcode/IW37N/","/neo/transactions/IW37N/","yes","yes","EXACT","EXACT","EXACT","EXACT","EXACT","EXACT","EXACT","EXACT","EXACT","EXACT","n/a","EXACT","EXACT","EXACT","14/14","TRANSFORMED","P2","14 named facts intact; NEO's TxDetail model does not carry: beginner · consultant · bestPractices · ossKeywords · interview · businessExample · techExample · debugSteps · perfNotes · prodTips"
"IW38","PM","deep","/tcode/IW38/","/neo/transactions/IW38/","yes","yes","EXACT","EXACT","EXACT","EXACT","EXACT","EXACT","EXACT","EXACT","EXACT","EXACT","EXACT","n/a","EXACT","EXACT","13/14","TRANSFORMED","P2","14 named facts intact; NEO's TxDetail model does not carry: beginner · consultant · bestPractices · certTips · ossKeywords · interview · businessExample · techExample · debugSteps · perfNotes · prodTips · eccS4.replaced · authored.input · authored.output · authored.qa"
"IW39","PM","deep","/tcode/IW39/","/neo/transactions/IW39/","yes","yes","EXACT","EXACT","EXACT","EXACT","EXACT","EXACT","EXACT","EXACT","EXACT","EXACT","n/a","n/a","EXACT","EXACT","13/14","TRANSFORMED","P2","14 named facts intact; NEO's TxDetail model does not carry: beginner · consultant · bestPractices · certTips · ossKeywords · interview · businessExample · techExample · debugSteps · perfNotes · prodTips"
"IW3D","PM","light","/tcode/IW3D/","/neo/transactions/IW3D/","yes","yes","EXACT","EXACT","EXACT","EXACT","n/a","EXACT","NEW-IN-NEO","EXACT","n/a","n/a","n/a","n/a","EXACT","EXACT","7/14","EXACT","P3","all 14 named facts that the data answers are rendered on the NEO page"
"IW3K","PM","deep","/tcode/IW3K/","/neo/transactions/IW3K/","yes","yes","EXACT","EXACT","EXACT","n/a","EXACT","EXACT","EXACT","EXACT","n/a","EXACT","n/a","EXACT","EXACT","EXACT","12/14","TRANSFORMED","P2","14 named facts intact; NEO's TxDetail model does not carry: beginner · consultant · bestPractices · ossKeywords · interview · businessExample · techExample · debugSteps · perfNotes · prodTips"
"IW40","PM","deep","/tcode/IW40/","/neo/transactions/IW40/","yes","yes","EXACT","EXACT","EXACT","EXACT","EXACT","EXACT","EXACT","EXACT","EXACT","EXACT","n/a","EXACT","EXACT","EXACT","14/14","TRANSFORMED","P2","14 named facts intact; NEO's TxDetail model does not carry: beginner · consultant · bestPractices · ossKeywords · interview · businessExample · techExample · debugSteps · perfNotes · prodTips"
"IW41","PM","deep","/tcode/IW41/","/neo/transactions/IW41/","yes","yes","EXACT","EXACT","EXACT","EXACT","EXACT","EXACT","EXACT","EXACT","EXACT","EXACT","n/a","EXACT","EXACT","EXACT","14/14","TRANSFORMED","P2","14 named facts intact; NEO's TxDetail model does not carry: beginner · consultant · bestPractices · certTips · ossKeywords · interview · businessExample · techExample · debugSteps · perfNotes · prodTips · authored.input · authored.output · authored.qa"
"IW42","PM","deep","/tcode/IW42/","/neo/transactions/IW42/","yes","yes","EXACT","EXACT","EXACT","EXACT","EXACT","EXACT","EXACT","EXACT","EXACT","EXACT","n/a","EXACT","EXACT","EXACT","14/14","TRANSFORMED","P2","14 named facts intact; NEO's TxDetail model does not carry: beginner · consultant · bestPractices · ossKeywords · interview · businessExample · techExample · debugSteps · perfNotes · prodTips · authored.input · authored.output · authored.qa"
"IW43","PM","deep","/tcode/IW43/","/neo/transactions/IW43/","yes","yes","EXACT","EXACT","EXACT","EXACT","EXACT","EXACT","EXACT","EXACT","n/a","EXACT","n/a","EXACT","EXACT","EXACT","13/14","TRANSFORMED","P2","14 named facts intact; NEO's TxDetail model does not carry: beginner · consultant · bestPractices · ossKeywords · interview · businessExample · techExample · debugSteps · perfNotes · prodTips"
"IW44","PM","deep","/tcode/IW44/","/neo/transactions/IW44/","yes","yes","EXACT","EXACT","EXACT","EXACT","EXACT","EXACT","EXACT","EXACT","EXACT","EXACT","n/a","EXACT","EXACT","EXACT","14/14","TRANSFORMED","P2","14 named facts intact; NEO's TxDetail model does not carry: beginner · consultant · bestPractices · ossKeywords · interview · businessExample · techExample · debugSteps · perfNotes · prodTips"
"IW45","PM","deep","/tcode/IW45/","/neo/transactions/IW45/","yes","yes","EXACT","EXACT","EXACT","EXACT","EXACT","EXACT","EXACT","EXACT","n/a","EXACT","n/a","EXACT","EXACT","EXACT","13/14","TRANSFORMED","P2","14 named facts intact; NEO's TxDetail model does not carry: beginner · consultant · bestPractices · ossKeywords · interview · businessExample · techExample · debugSteps · perfNotes · prodTips"
"IW47","PM","deep","/tcode/IW47/","/neo/transactions/IW47/","yes","yes","EXACT","EXACT","EXACT","EXACT","EXACT","EXACT","EXACT","EXACT","n/a","EXACT","n/a","EXACT","EXACT","EXACT","13/14","TRANSFORMED","P2","14 named facts intact; NEO's TxDetail model does not carry: beginner · consultant · bestPractices · ossKeywords · interview · businessExample · techExample · debugSteps · perfNotes · prodTips"
"IW48","PM","deep","/tcode/IW48/","/neo/transactions/IW48/","yes","yes","EXACT","EXACT","EXACT","EXACT","EXACT","EXACT","EXACT","EXACT","EXACT","EXACT","n/a","EXACT","EXACT","EXACT","14/14","TRANSFORMED","P2","14 named facts intact; NEO's TxDetail model does not carry: beginner · consultant · bestPractices · ossKeywords · interview · businessExample · techExample · debugSteps · perfNotes · prodTips"
"IW49","PM","deep","/tcode/IW49/","/neo/transactions/IW49/","yes","yes","EXACT","EXACT","EXACT","EXACT","EXACT","EXACT","EXACT","EXACT","EXACT","EXACT","n/a","EXACT","EXACT","EXACT","14/14","TRANSFORMED","P2","14 named facts intact; NEO's TxDetail model does not carry: beginner · consultant · bestPractices · ossKeywords · interview · businessExample · techExample · debugSteps · perfNotes · prodTips"
"IW49N","PM","light","/tcode/IW49N/","/neo/transactions/IW49N/","yes","yes","EXACT","EXACT","EXACT","EXACT","n/a","EXACT","NEW-IN-NEO","EXACT","n/a","n/a","n/a","n/a","NEW-IN-NEO","EXACT","6/14","EXACT","P3","all 14 named facts that the data answers are rendered on the NEO page"
"IW51","PM","deep","/tcode/IW51/","/neo/transactions/IW51/","yes","yes","EXACT","EXACT","EXACT","EXACT","EXACT","EXACT","EXACT","EXACT","EXACT","EXACT","n/a","EXACT","EXACT","EXACT","14/14","TRANSFORMED","P2","14 named facts intact; NEO's TxDetail model does not carry: beginner · consultant · bestPractices · ossKeywords · interview · businessExample · techExample · debugSteps · perfNotes · prodTips"
"IW52","PM","deep","/tcode/IW52/","/neo/transactions/IW52/","yes","yes","EXACT","EXACT","EXACT","EXACT","EXACT","EXACT","EXACT","EXACT","EXACT","EXACT","n/a","EXACT","EXACT","EXACT","14/14","TRANSFORMED","P2","14 named facts intact; NEO's TxDetail model does not carry: beginner · consultant · bestPractices · ossKeywords · interview · businessExample · techExample · debugSteps · perfNotes · prodTips"
"IW53","PM","deep","/tcode/IW53/","/neo/transactions/IW53/","yes","yes","EXACT","EXACT","EXACT","EXACT","EXACT","EXACT","EXACT","EXACT","EXACT","EXACT","n/a","EXACT","EXACT","EXACT","14/14","TRANSFORMED","P2","14 named facts intact; NEO's TxDetail model does not carry: beginner · consultant · bestPractices · ossKeywords · interview · businessExample · techExample · debugSteps · perfNotes · prodTips"
"IW61","PM","light","/tcode/IW61/","/neo/transactions/IW61/","yes","yes","EXACT","EXACT","EXACT","EXACT","n/a","EXACT","NEW-IN-NEO","EXACT","n/a","n/a","n/a","n/a","NEW-IN-NEO","EXACT","6/14","EXACT","P3","all 14 named facts that the data answers are rendered on the NEO page"
"IW62","PM","light","/tcode/IW62/","/neo/transactions/IW62/","yes","yes","EXACT","EXACT","EXACT","EXACT","n/a","EXACT","NEW-IN-NEO","EXACT","n/a","n/a","n/a","n/a","NEW-IN-NEO","EXACT","6/14","EXACT","P3","all 14 named facts that the data answers are rendered on the NEO page"
"IW63","PM","light","/tcode/IW63/","/neo/transactions/IW63/","yes","yes","EXACT","EXACT","EXACT","EXACT","n/a","EXACT","NEW-IN-NEO","EXACT","n/a","n/a","n/a","n/a","NEW-IN-NEO","EXACT","6/14","EXACT","P3","all 14 named facts that the data answers are rendered on the NEO page"
"IW64","PM","deep","/tcode/IW64/","/neo/transactions/IW64/","yes","yes","EXACT","EXACT","EXACT","EXACT","EXACT","EXACT","EXACT","EXACT","n/a","EXACT","n/a","EXACT","EXACT","EXACT","13/14","TRANSFORMED","P2","14 named facts intact; NEO's TxDetail model does not carry: beginner · consultant · bestPractices · certTips · ossKeywords · interview · businessExample · techExample · debugSteps · perfNotes · prodTips"
"IW64N","PM","light","/tcode/IW64N/","/neo/transactions/IW64N/","yes","yes","EXACT","EXACT","EXACT","EXACT","n/a","EXACT","NEW-IN-NEO","EXACT","n/a","n/a","n/a","n/a","NEW-IN-NEO","EXACT","6/14","EXACT","P3","all 14 named facts that the data answers are rendered on the NEO page"
"IW65","PM","deep","/tcode/IW65/","/neo/transactions/IW65/","yes","yes","EXACT","EXACT","EXACT","EXACT","EXACT","EXACT","EXACT","EXACT","n/a","EXACT","n/a","EXACT","EXACT","EXACT","13/14","TRANSFORMED","P2","14 named facts intact; NEO's TxDetail model does not carry: beginner · consultant · bestPractices · certTips · ossKeywords · interview · businessExample · techExample · debugSteps · perfNotes · prodTips"
"IW66","PM","deep","/tcode/IW66/","/neo/transactions/IW66/","yes","yes","EXACT","EXACT","EXACT","EXACT","EXACT","EXACT","EXACT","EXACT","n/a","EXACT","n/a","n/a","EXACT","EXACT","12/14","TRANSFORMED","P2","14 named facts intact; NEO's TxDetail model does not carry: beginner · consultant · bestPractices · certTips · ossKeywords · interview · businessExample · techExample · debugSteps · perfNotes · prodTips"
"IW67","PM","deep","/tcode/IW67/","/neo/transactions/IW67/","yes","yes","EXACT","EXACT","EXACT","EXACT","EXACT","EXACT","EXACT","EXACT","n/a","EXACT","n/a","n/a","EXACT","EXACT","12/14","TRANSFORMED","P2","14 named facts intact; NEO's TxDetail model does not carry: beginner · consultant · bestPractices · certTips · ossKeywords · interview · businessExample · techExample · debugSteps · perfNotes · prodTips"
"IW68","PM","deep","/tcode/IW68/","/neo/transactions/IW68/","yes","yes","EXACT","EXACT","EXACT","EXACT","EXACT","EXACT","EXACT","EXACT","n/a","EXACT","n/a","n/a","EXACT","EXACT","12/14","TRANSFORMED","P2","14 named facts intact; NEO's TxDetail model does not carry: beginner · consultant · bestPractices · certTips · ossKeywords · interview · businessExample · techExample · debugSteps · perfNotes · prodTips"
"IW69","PM","deep","/tcode/IW69/","/neo/transactions/IW69/","yes","yes","EXACT","EXACT","EXACT","EXACT","EXACT","EXACT","EXACT","EXACT","n/a","EXACT","n/a","n/a","EXACT","EXACT","12/14","TRANSFORMED","P2","14 named facts intact; NEO's TxDetail model does not carry: beginner · consultant · bestPractices · certTips · ossKeywords · interview · businessExample · techExample · debugSteps · perfNotes · prodTips"
"IW72","PM","light","/tcode/IW72/","/neo/transactions/IW72/","yes","yes","EXACT","EXACT","EXACT","EXACT","n/a","EXACT","NEW-IN-NEO","EXACT","n/a","n/a","n/a","n/a","NEW-IN-NEO","EXACT","6/14","EXACT","P3","all 14 named facts that the data answers are rendered on the NEO page"
"IW73","PM","light","/tcode/IW73/","/neo/transactions/IW73/","yes","yes","EXACT","EXACT","EXACT","EXACT","n/a","EXACT","NEW-IN-NEO","EXACT","n/a","n/a","n/a","n/a","NEW-IN-NEO","EXACT","6/14","EXACT","P3","all 14 named facts that the data answers are rendered on the NEO page"
"IW81","PM","light","/tcode/IW81/","/neo/transactions/IW81/","yes","yes","EXACT","EXACT","EXACT","n/a","n/a","EXACT","n/a","EXACT","n/a","n/a","n/a","n/a","n/a","n/a","4/14","EXACT","P3","all 14 named facts that the data answers are rendered on the NEO page"
"IW8W","PM","light","/tcode/IW8W/","/neo/transactions/IW8W/","yes","yes","EXACT","EXACT","EXACT","EXACT","n/a","EXACT","n/a","EXACT","n/a","n/a","n/a","n/a","n/a","EXACT","4/14","EXACT","P3","all 14 named facts that the data answers are rendered on the NEO page"
"KA01","CO","deep","/tcode/KA01/","/neo/transactions/KA01/","yes","yes","EXACT","EXACT","EXACT","EXACT","EXACT","EXACT","EXACT","EXACT","EXACT","EXACT","n/a","n/a","EXACT","EXACT","11/14","TRANSFORMED","P2","14 named facts intact; NEO's TxDetail model does not carry: beginner · consultant · bestPractices · ossKeywords · interview"
"KA02","CO","light","/tcode/KA02/","/neo/transactions/KA02/","yes","yes","EXACT","EXACT","EXACT","EXACT","n/a","EXACT","n/a","EXACT","n/a","n/a","n/a","n/a","EXACT","EXACT","5/14","EXACT","P3","all 14 named facts that the data answers are rendered on the NEO page"
"KA03","CO","light","/tcode/KA03/","/neo/transactions/KA03/","yes","yes","EXACT","EXACT","EXACT","EXACT","n/a","EXACT","n/a","EXACT","n/a","n/a","n/a","n/a","EXACT","EXACT","5/14","EXACT","P3","all 14 named facts that the data answers are rendered on the NEO page"
"KA06","CO","deep","/tcode/KA06/","/neo/transactions/KA06/","yes","yes","EXACT","EXACT","EXACT","EXACT","EXACT","EXACT","EXACT","EXACT","EXACT","EXACT","n/a","n/a","EXACT","EXACT","11/14","TRANSFORMED","P2","14 named facts intact; NEO's TxDetail model does not carry: beginner · consultant · bestPractices · ossKeywords · interview"
"KAH1","CO","light","/tcode/KAH1/","/neo/transactions/KAH1/","yes","yes","EXACT","EXACT","EXACT","EXACT","n/a","EXACT","n/a","EXACT","n/a","n/a","n/a","n/a","NEW-IN-NEO","EXACT","5/14","EXACT","P3","all 14 named facts that the data answers are rendered on the NEO page"
"KAH2","CO","light","/tcode/KAH2/","/neo/transactions/KAH2/","yes","yes","EXACT","EXACT","EXACT","EXACT","n/a","EXACT","n/a","EXACT","n/a","n/a","n/a","n/a","NEW-IN-NEO","EXACT","5/14","EXACT","P3","all 14 named facts that the data answers are rendered on the NEO page"
"KAH3","CO","light","/tcode/KAH3/","/neo/transactions/KAH3/","yes","yes","EXACT","EXACT","EXACT","EXACT","n/a","EXACT","n/a","EXACT","n/a","n/a","n/a","n/a","NEW-IN-NEO","EXACT","5/14","EXACT","P3","all 14 named facts that the data answers are rendered on the NEO page"
"KANK","CO","light","/tcode/KANK/","/neo/transactions/KANK/","yes","yes","EXACT","EXACT","EXACT","EXACT","n/a","EXACT","n/a","EXACT","n/a","n/a","n/a","n/a","NEW-IN-NEO","n/a","5/14","EXACT","P3","all 14 named facts that the data answers are rendered on the NEO page"
"KB11N","CO","light","/tcode/KB11N/","/neo/transactions/KB11N/","yes","yes","EXACT","EXACT","EXACT","EXACT","n/a","EXACT","n/a","EXACT","n/a","n/a","n/a","n/a","NEW-IN-NEO","n/a","5/14","EXACT","P3","all 14 named facts that the data answers are rendered on the NEO page"
"KB13N","CO","light","/tcode/KB13N/","/neo/transactions/KB13N/","yes","yes","EXACT","EXACT","EXACT","EXACT","n/a","EXACT","n/a","EXACT","n/a","n/a","n/a","n/a","NEW-IN-NEO","n/a","5/14","EXACT","P3","all 14 named facts that the data answers are rendered on the NEO page"
"KB14N","CO","light","/tcode/KB14N/","/neo/transactions/KB14N/","yes","yes","EXACT","EXACT","EXACT","EXACT","n/a","EXACT","n/a","EXACT","n/a","n/a","n/a","n/a","NEW-IN-NEO","n/a","5/14","EXACT","P3","all 14 named facts that the data answers are rendered on the NEO page"
"KB15N","CO","light","/tcode/KB15N/","/neo/transactions/KB15N/","yes","yes","EXACT","EXACT","EXACT","EXACT","n/a","EXACT","n/a","EXACT","n/a","n/a","n/a","n/a","NEW-IN-NEO","n/a","5/14","EXACT","P3","all 14 named facts that the data answers are rendered on the NEO page"
"KB21N","CO","deep","/tcode/KB21N/","/neo/transactions/KB21N/","yes","yes","EXACT","EXACT","EXACT","EXACT","EXACT","EXACT","EXACT","EXACT","n/a","EXACT","n/a","n/a","EXACT","n/a","10/14","TRANSFORMED","P2","14 named facts intact; NEO's TxDetail model does not carry: beginner · consultant · bestPractices · ossKeywords · interview"
"KB23N","CO","light","/tcode/KB23N/","/neo/transactions/KB23N/","yes","yes","EXACT","EXACT","EXACT","EXACT","n/a","EXACT","n/a","EXACT","n/a","n/a","n/a","n/a","EXACT","n/a","5/14","EXACT","P3","all 14 named facts that the data answers are rendered on the NEO page"
"KB31N","CO","deep","/tcode/KB31N/","/neo/transactions/KB31N/","yes","yes","EXACT","EXACT","EXACT","EXACT","EXACT","EXACT","EXACT","EXACT","n/a","EXACT","n/a","n/a","EXACT","n/a","11/14","TRANSFORMED","P2","14 named facts intact; NEO's TxDetail model does not carry: beginner · consultant · bestPractices · certTips · ossKeywords · interview"
"KB33N","CO","deep","/tcode/KB33N/","/neo/transactions/KB33N/","yes","yes","EXACT","EXACT","EXACT","EXACT","EXACT","EXACT","EXACT","EXACT","n/a","EXACT","n/a","n/a","EXACT","n/a","11/14","TRANSFORMED","P2","14 named facts intact; NEO's TxDetail model does not carry: beginner · consultant · bestPractices · certTips · ossKeywords · interview"
"KCH1","CO","light","/tcode/KCH1/","/neo/transactions/KCH1/","yes","yes","EXACT","EXACT","EXACT","EXACT","n/a","EXACT","n/a","EXACT","n/a","n/a","n/a","n/a","NEW-IN-NEO","n/a","5/14","EXACT","P3","all 14 named facts that the data answers are rendered on the NEO page"
"KCH5N","CO","light","/tcode/KCH5N/","/neo/transactions/KCH5N/","yes","yes","EXACT","EXACT","EXACT","EXACT","n/a","EXACT","n/a","EXACT","n/a","n/a","n/a","n/a","NEW-IN-NEO","n/a","5/14","EXACT","P3","all 14 named facts that the data answers are rendered on the NEO page"
"KE21","CO","light","/tcode/KE21/","/neo/transactions/KE21/","yes","yes","EXACT","EXACT","EXACT","EXACT","n/a","EXACT","n/a","EXACT","n/a","NEW-IN-NEO","n/a","n/a","NEW-IN-NEO","EXACT","7/14","EXACT","P3","all 14 named facts that the data answers are rendered on the NEO page"
"KE21N","CO","deep","/tcode/KE21N/","/neo/transactions/KE21N/","yes","yes","EXACT","EXACT","EXACT","EXACT","EXACT","EXACT","EXACT","EXACT","n/a","EXACT","n/a","EXACT","EXACT","EXACT","12/14","TRANSFORMED","P2","14 named facts intact; NEO's TxDetail model does not carry: beginner · consultant · bestPractices · certTips · ossKeywords · interview"
"KE24","CO","deep","/tcode/KE24/","/neo/transactions/KE24/","yes","yes","EXACT","EXACT","EXACT","EXACT","EXACT","EXACT","EXACT","EXACT","n/a","EXACT","n/a","EXACT","EXACT","EXACT","11/14","TRANSFORMED","P2","14 named facts intact; NEO's TxDetail model does not carry: beginner · consultant · bestPractices · certTips · ossKeywords · interview"
"KE25","CO","light","/tcode/KE25/","/neo/transactions/KE25/","yes","yes","EXACT","EXACT","EXACT","EXACT","n/a","EXACT","n/a","EXACT","n/a","n/a","n/a","n/a","NEW-IN-NEO","EXACT","5/14","EXACT","P3","all 14 named facts that the data answers are rendered on the NEO page"
"KE30","CO","deep","/tcode/KE30/","/neo/transactions/KE30/","yes","yes","EXACT","EXACT","EXACT","EXACT","EXACT","EXACT","EXACT","EXACT","EXACT","EXACT","n/a","n/a","EXACT","EXACT","11/14","TRANSFORMED","P2","14 named facts intact; NEO's TxDetail model does not carry: beginner · consultant · bestPractices · certTips · ossKeywords · interview"
"KE31","CO","light","/tcode/KE31/","/neo/transactions/KE31/","yes","yes","EXACT","EXACT","EXACT","EXACT","n/a","EXACT","n/a","EXACT","n/a","n/a","n/a","n/a","NEW-IN-NEO","EXACT","5/14","EXACT","P3","all 14 named facts that the data answers are rendered on the NEO page"
"KE4S","CO","light","/tcode/KE4S/","/neo/transactions/KE4S/","yes","yes","EXACT","EXACT","EXACT","EXACT","n/a","EXACT","n/a","EXACT","n/a","n/a","n/a","n/a","NEW-IN-NEO","EXACT","5/14","EXACT","P3","all 14 named facts that the data answers are rendered on the NEO page"
"KE51","CO","deep","/tcode/KE51/","/neo/transactions/KE51/","yes","yes","EXACT","EXACT","EXACT","EXACT","EXACT","EXACT","EXACT","EXACT","EXACT","EXACT","n/a","EXACT","EXACT","EXACT","12/14","TRANSFORMED","P2","14 named facts intact; NEO's TxDetail model does not carry: beginner · consultant · bestPractices · certTips · ossKeywords · interview"
"KE52","CO","deep","/tcode/KE52/","/neo/transactions/KE52/","yes","yes","EXACT","EXACT","EXACT","EXACT","EXACT","EXACT","EXACT","EXACT","EXACT","EXACT","n/a","EXACT","EXACT","EXACT","12/14","TRANSFORMED","P2","14 named facts intact; NEO's TxDetail model does not carry: beginner · consultant · bestPractices · certTips · ossKeywords · interview"
"KE53","CO","deep","/tcode/KE53/","/neo/transactions/KE53/","yes","yes","EXACT","EXACT","EXACT","EXACT","EXACT","EXACT","EXACT","EXACT","EXACT","EXACT","n/a","EXACT","EXACT","EXACT","12/14","TRANSFORMED","P2","14 named facts intact; NEO's TxDetail model does not carry: beginner · consultant · bestPractices · certTips · ossKeywords · interview"
"KEA0","CO","light","/tcode/KEA0/","/neo/transactions/KEA0/","yes","yes","EXACT","EXACT","EXACT","EXACT","n/a","EXACT","n/a","EXACT","n/a","n/a","n/a","n/a","n/a","n/a","4/14","EXACT","P3","all 14 named facts that the data answers are rendered on the NEO page"
"KEKO","CO","light","/tcode/KEKO/","/neo/transactions/KEKO/","yes","yes","EXACT","EXACT","EXACT","EXACT","n/a","EXACT","n/a","EXACT","n/a","n/a","n/a","n/a","NEW-IN-NEO","EXACT","5/14","EXACT","P3","all 14 named facts that the data answers are rendered on the NEO page"
"KEPM","CO","deep","/tcode/KEPM/","/neo/transactions/KEPM/","yes","yes","EXACT","EXACT","EXACT","EXACT","EXACT","EXACT","EXACT","EXACT","n/a","EXACT","n/a","n/a","EXACT","EXACT","11/14","TRANSFORMED","P2","14 named facts intact; NEO's TxDetail model does not carry: beginner · consultant · bestPractices · certTips · ossKeywords · interview"
"KES1","CO","light","/tcode/KES1/","/neo/transactions/KES1/","yes","yes","EXACT","EXACT","EXACT","EXACT","n/a","EXACT","n/a","EXACT","n/a","n/a","n/a","n/a","NEW-IN-NEO","EXACT","5/14","EXACT","P3","all 14 named facts that the data answers are rendered on the NEO page"
"KEU5","CO","deep","/tcode/KEU5/","/neo/transactions/KEU5/","yes","yes","EXACT","EXACT","EXACT","EXACT","EXACT","EXACT","EXACT","EXACT","n/a","EXACT","n/a","n/a","EXACT","EXACT","10/14","TRANSFORMED","P2","14 named facts intact; NEO's TxDetail model does not carry: beginner · consultant · bestPractices · certTips · ossKeywords · interview"
"KGI2","CO","light","/tcode/KGI2/","/neo/transactions/KGI2/","yes","yes","EXACT","EXACT","EXACT","EXACT","n/a","EXACT","NEW-IN-NEO","EXACT","n/a","n/a","n/a","n/a","NEW-IN-NEO","EXACT","6/14","EXACT","P3","all 14 named facts that the data answers are rendered on the NEO page"
"KK01","CO","light","/tcode/KK01/","/neo/transactions/KK01/","yes","yes","EXACT","EXACT","EXACT","EXACT","n/a","EXACT","n/a","EXACT","n/a","n/a","n/a","n/a","NEW-IN-NEO","EXACT","5/14","EXACT","P3","all 14 named facts that the data answers are rendered on the NEO page"
"KK02","CO","light","/tcode/KK02/","/neo/transactions/KK02/","yes","yes","EXACT","EXACT","EXACT","EXACT","n/a","EXACT","n/a","EXACT","n/a","n/a","n/a","n/a","NEW-IN-NEO","EXACT","5/14","EXACT","P3","all 14 named facts that the data answers are rendered on the NEO page"
"KK03","CO","light","/tcode/KK03/","/neo/transactions/KK03/","yes","yes","EXACT","EXACT","EXACT","EXACT","n/a","EXACT","n/a","EXACT","n/a","n/a","n/a","n/a","NEW-IN-NEO","EXACT","5/14","EXACT","P3","all 14 named facts that the data answers are rendered on the NEO page"
"KKAO","CO","light","/tcode/KKAO/","/neo/transactions/KKAO/","yes","yes","EXACT","EXACT","EXACT","EXACT","n/a","EXACT","n/a","EXACT","n/a","n/a","n/a","n/a","n/a","EXACT","5/14","EXACT","P3","all 14 named facts that the data answers are rendered on the NEO page"
"KKAS","CO","light","/tcode/KKAS/","/neo/transactions/KKAS/","yes","yes","EXACT","EXACT","EXACT","EXACT","n/a","EXACT","NEW-IN-NEO","EXACT","n/a","n/a","n/a","n/a","NEW-IN-NEO","EXACT","6/14","EXACT","P3","all 14 named facts that the data answers are rendered on the NEO page"
"KKAX","CO","light","/tcode/KKAX/","/neo/transactions/KKAX/","yes","yes","EXACT","EXACT","EXACT","EXACT","n/a","EXACT","n/a","EXACT","n/a","n/a","n/a","n/a","n/a","EXACT","5/14","EXACT","P3","all 14 named facts that the data answers are rendered on the NEO page"
"KKF1","CO","deep","/tcode/KKF1/","/neo/transactions/KKF1/","yes","yes","EXACT","EXACT","EXACT","n/a","EXACT","EXACT","EXACT","EXACT","n/a","EXACT","n/a","n/a","EXACT","EXACT","10/14","TRANSFORMED","P2","14 named facts intact; NEO's TxDetail model does not carry: beginner · consultant · bestPractices · ossKeywords · interview"
"KKF2","CO","deep","/tcode/KKF2/","/neo/transactions/KKF2/","yes","yes","EXACT","EXACT","EXACT","n/a","EXACT","EXACT","EXACT","EXACT","n/a","EXACT","n/a","n/a","EXACT","EXACT","10/14","TRANSFORMED","P2","14 named facts intact; NEO's TxDetail model does not carry: beginner · consultant · bestPractices · ossKeywords · interview"
"KKF3","CO","deep","/tcode/KKF3/","/neo/transactions/KKF3/","yes","yes","EXACT","EXACT","EXACT","n/a","EXACT","EXACT","EXACT","EXACT","n/a","EXACT","n/a","n/a","EXACT","EXACT","10/14","TRANSFORMED","P2","14 named facts intact; NEO's TxDetail model does not carry: beginner · consultant · bestPractices · ossKeywords · interview"
"KKF6N","CO","light","/tcode/KKF6N/","/neo/transactions/KKF6N/","yes","yes","EXACT","EXACT","EXACT","EXACT","n/a","EXACT","NEW-IN-NEO","EXACT","n/a","n/a","n/a","n/a","EXACT","EXACT","7/14","EXACT","P3","all 14 named facts that the data answers are rendered on the NEO page"
"KKS1","CO","deep","/tcode/KKS1/","/neo/transactions/KKS1/","yes","yes","EXACT","EXACT","EXACT","EXACT","EXACT","EXACT","EXACT","EXACT","n/a","EXACT","n/a","n/a","EXACT","EXACT","10/14","TRANSFORMED","P2","14 named facts intact; NEO's TxDetail model does not carry: beginner · consultant · bestPractices · certTips · ossKeywords · interview"
"KKS2","CO","light","/tcode/KKS2/","/neo/transactions/KKS2/","yes","yes","EXACT","EXACT","EXACT","EXACT","n/a","EXACT","n/a","EXACT","n/a","n/a","n/a","n/a","n/a","EXACT","5/14","EXACT","P3","all 14 named facts that the data answers are rendered on the NEO page"
"KL01","CO","deep","/tcode/KL01/","/neo/transactions/KL01/","yes","yes","EXACT","EXACT","EXACT","EXACT","EXACT","EXACT","EXACT","EXACT","n/a","EXACT","n/a","EXACT","EXACT","EXACT","11/14","TRANSFORMED","P2","14 named facts intact; NEO's TxDetail model does not carry: beginner · consultant · bestPractices · ossKeywords · interview"
"KL02","CO","light","/tcode/KL02/","/neo/transactions/KL02/","yes","yes","EXACT","EXACT","EXACT","EXACT","n/a","EXACT","n/a","EXACT","n/a","n/a","n/a","n/a","EXACT","EXACT","5/14","EXACT","P3","all 14 named facts that the data answers are rendered on the NEO page"
"KL03","CO","light","/tcode/KL03/","/neo/transactions/KL03/","yes","yes","EXACT","EXACT","EXACT","EXACT","n/a","EXACT","n/a","EXACT","n/a","n/a","n/a","n/a","EXACT","EXACT","5/14","EXACT","P3","all 14 named facts that the data answers are rendered on the NEO page"
"KO01","CO","deep","/tcode/KO01/","/neo/transactions/KO01/","yes","yes","EXACT","EXACT","EXACT","EXACT","EXACT","EXACT","EXACT","EXACT","EXACT","EXACT","n/a","EXACT","EXACT","EXACT","13/14","TRANSFORMED","P2","14 named facts intact; NEO's TxDetail model does not carry: beginner · consultant · bestPractices · ossKeywords · interview"
"KO02","CO","deep","/tcode/KO02/","/neo/transactions/KO02/","yes","yes","EXACT","EXACT","EXACT","EXACT","EXACT","EXACT","EXACT","EXACT","EXACT","EXACT","n/a","EXACT","EXACT","EXACT","13/14","TRANSFORMED","P2","14 named facts intact; NEO's TxDetail model does not carry: beginner · consultant · bestPractices · ossKeywords · interview"
"KO03","CO","deep","/tcode/KO03/","/neo/transactions/KO03/","yes","yes","EXACT","EXACT","EXACT","EXACT","EXACT","EXACT","EXACT","EXACT","EXACT","EXACT","n/a","EXACT","EXACT","EXACT","13/14","TRANSFORMED","P2","14 named facts intact; NEO's TxDetail model does not carry: beginner · consultant · bestPractices · ossKeywords · interview"
"KO04","CO","deep","/tcode/KO04/","/neo/transactions/KO04/","yes","yes","EXACT","EXACT","EXACT","EXACT","EXACT","EXACT","EXACT","EXACT","EXACT","EXACT","n/a","n/a","EXACT","EXACT","12/14","TRANSFORMED","P2","14 named facts intact; NEO's TxDetail model does not carry: beginner · consultant · bestPractices · ossKeywords · interview"
"KO22","CO","light","/tcode/KO22/","/neo/transactions/KO22/","yes","yes","EXACT","EXACT","EXACT","EXACT","n/a","EXACT","n/a","EXACT","n/a","n/a","n/a","n/a","EXACT","n/a","5/14","EXACT","P3","all 14 named facts that the data answers are rendered on the NEO page"
"KO23","CO","light","/tcode/KO23/","/neo/transactions/KO23/","yes","yes","EXACT","EXACT","EXACT","EXACT","n/a","EXACT","n/a","EXACT","n/a","n/a","n/a","n/a","NEW-IN-NEO","n/a","6/14","EXACT","P3","all 14 named facts that the data answers are rendered on the NEO page"
"KO24","CO","light","/tcode/KO24/","/neo/transactions/KO24/","yes","yes","EXACT","EXACT","EXACT","EXACT","n/a","EXACT","n/a","EXACT","n/a","n/a","n/a","n/a","NEW-IN-NEO","n/a","5/14","EXACT","P3","all 14 named facts that the data answers are rendered on the NEO page"
"KO30","CO","light","/tcode/KO30/","/neo/transactions/KO30/","yes","yes","EXACT","EXACT","EXACT","EXACT","n/a","EXACT","NEW-IN-NEO","EXACT","n/a","n/a","n/a","n/a","NEW-IN-NEO","EXACT","6/14","EXACT","P3","all 14 named facts that the data answers are rendered on the NEO page"
"KO88","CO","deep","/tcode/KO88/","/neo/transactions/KO88/","yes","yes","EXACT","EXACT","EXACT","EXACT","EXACT","EXACT","EXACT","EXACT","EXACT","EXACT","n/a","EXACT","EXACT","EXACT","14/14","TRANSFORMED","P2","14 named facts intact; NEO's TxDetail model does not carry: beginner · consultant · bestPractices · ossKeywords · interview · businessExample · techExample · debugSteps · perfNotes · prodTips · eccS4.simplification · authored.input · authored.output · authored.qa"
"KO8G","CO","deep","/tcode/KO8G/","/neo/transactions/KO8G/","yes","yes","EXACT","EXACT","EXACT","EXACT","EXACT","EXACT","EXACT","EXACT","EXACT","EXACT","n/a","n/a","EXACT","EXACT","12/14","TRANSFORMED","P2","14 named facts intact; NEO's TxDetail model does not carry: beginner · consultant · bestPractices · ossKeywords · interview"
"KO9E","CO","light","/tcode/KO9E/","/neo/transactions/KO9E/","yes","yes","EXACT","EXACT","EXACT","EXACT","n/a","EXACT","NEW-IN-NEO","EXACT","n/a","n/a","n/a","n/a","NEW-IN-NEO","EXACT","6/14","EXACT","P3","all 14 named facts that the data answers are rendered on the NEO page"
"KOB1","CO","deep","/tcode/KOB1/","/neo/transactions/KOB1/","yes","yes","EXACT","EXACT","EXACT","EXACT","EXACT","EXACT","EXACT","EXACT","EXACT","EXACT","n/a","n/a","EXACT","EXACT","13/14","TRANSFORMED","P2","14 named facts intact; NEO's TxDetail model does not carry: beginner · consultant · bestPractices · ossKeywords · interview · businessExample · techExample · debugSteps · perfNotes · prodTips"
"KOB2","CO","deep","/tcode/KOB2/","/neo/transactions/KOB2/","yes","yes","EXACT","EXACT","EXACT","EXACT","EXACT","EXACT","EXACT","EXACT","EXACT","EXACT","n/a","n/a","EXACT","EXACT","13/14","TRANSFORMED","P2","14 named facts intact; NEO's TxDetail model does not carry: beginner · consultant · bestPractices · ossKeywords · interview · businessExample · techExample · debugSteps · perfNotes · prodTips"
"KOB3","CO","deep","/tcode/KOB3/","/neo/transactions/KOB3/","yes","yes","EXACT","EXACT","EXACT","EXACT","EXACT","EXACT","EXACT","EXACT","n/a","EXACT","n/a","n/a","EXACT","EXACT","11/14","TRANSFORMED","P2","14 named facts intact; NEO's TxDetail model does not carry: beginner · consultant · bestPractices · ossKeywords · interview"
"KOB4","CO","light","/tcode/KOB4/","/neo/transactions/KOB4/","yes","yes","EXACT","EXACT","EXACT","EXACT","n/a","EXACT","NEW-IN-NEO","EXACT","n/a","n/a","n/a","n/a","NEW-IN-NEO","EXACT","6/14","EXACT","P3","all 14 named facts that the data answers are rendered on the NEO page"
"KOH1","CO","light","/tcode/KOH1/","/neo/transactions/KOH1/","yes","yes","EXACT","EXACT","EXACT","EXACT","n/a","EXACT","NEW-IN-NEO","EXACT","n/a","n/a","n/a","n/a","NEW-IN-NEO","EXACT","6/14","EXACT","P3","all 14 named facts that the data answers are rendered on the NEO page"
"KOH2","CO","light","/tcode/KOH2/","/neo/transactions/KOH2/","yes","yes","EXACT","EXACT","EXACT","EXACT","n/a","EXACT","NEW-IN-NEO","EXACT","n/a","n/a","n/a","n/a","NEW-IN-NEO","EXACT","6/14","EXACT","P3","all 14 named facts that the data answers are rendered on the NEO page"
"KOH3","CO","light","/tcode/KOH3/","/neo/transactions/KOH3/","yes","yes","EXACT","EXACT","EXACT","EXACT","n/a","EXACT","NEW-IN-NEO","EXACT","n/a","n/a","n/a","n/a","NEW-IN-NEO","EXACT","6/14","EXACT","P3","all 14 named facts that the data answers are rendered on the NEO page"
"KOK5","CO","light","/tcode/KOK5/","/neo/transactions/KOK5/","yes","yes","EXACT","EXACT","EXACT","EXACT","n/a","EXACT","NEW-IN-NEO","EXACT","n/a","n/a","n/a","n/a","NEW-IN-NEO","EXACT","6/14","EXACT","P3","all 14 named facts that the data answers are rendered on the NEO page"
"KOT2","CO","light","/tcode/KOT2/","/neo/transactions/KOT2/","yes","yes","EXACT","EXACT","EXACT","EXACT","n/a","EXACT","NEW-IN-NEO","EXACT","n/a","n/a","n/a","n/a","n/a","EXACT","5/14","EXACT","P3","all 14 named facts that the data answers are rendered on the NEO page"
"KOT2_OPA","—","not-in-registry","/tcode/KOT2_OPA/","—","yes","no","MISSING","n/a","n/a","n/a","n/a","n/a","MISSING","MISSING","n/a","n/a","n/a","n/a","n/a","n/a","—","MISSING","P1","no /neo/transactions/KOT2_OPA/ page: code comes from lib/object-intel listTcodes() (blueprint tcodes column), which lib/tx-registry does not merge; NEO generateStaticParams = registryCodes() only. OLD /tcode/KOT2_OPA/ renders RelatedView with 1 blueprint table(s). DATA PRESENT, NOT SURFACED IN NEO."
"KP06","CO","deep","/tcode/KP06/","/neo/transactions/KP06/","yes","yes","EXACT","EXACT","EXACT","EXACT","EXACT","EXACT","EXACT","EXACT","n/a","EXACT","n/a","n/a","EXACT","n/a","10/14","TRANSFORMED","P2","14 named facts intact; NEO's TxDetail model does not carry: beginner · consultant · bestPractices · ossKeywords · interview"
"KP26","CO","deep","/tcode/KP26/","/neo/transactions/KP26/","yes","yes","EXACT","EXACT","EXACT","EXACT","EXACT","EXACT","EXACT","EXACT","n/a","EXACT","n/a","n/a","EXACT","n/a","11/14","TRANSFORMED","P2","14 named facts intact; NEO's TxDetail model does not carry: beginner · consultant · bestPractices · ossKeywords · interview · businessExample · techExample · debugSteps · perfNotes · prodTips"
"KP46","CO","light","/tcode/KP46/","/neo/transactions/KP46/","yes","yes","EXACT","EXACT","EXACT","EXACT","n/a","EXACT","n/a","EXACT","n/a","n/a","n/a","n/a","NEW-IN-NEO","n/a","5/14","EXACT","P3","all 14 named facts that the data answers are rendered on the NEO page"
"KS01","CO","deep","/tcode/KS01/","/neo/transactions/KS01/","yes","yes","EXACT","EXACT","EXACT","EXACT","EXACT","EXACT","EXACT","EXACT","EXACT","EXACT","n/a","EXACT","EXACT","EXACT","13/14","TRANSFORMED","P2","14 named facts intact; NEO's TxDetail model does not carry: beginner · consultant · bestPractices · ossKeywords · interview · businessExample · techExample · debugSteps · perfNotes · prodTips"
"KS02","CO","deep","/tcode/KS02/","/neo/transactions/KS02/","yes","yes","EXACT","EXACT","EXACT","EXACT","EXACT","EXACT","EXACT","EXACT","EXACT","EXACT","n/a","EXACT","EXACT","EXACT","12/14","TRANSFORMED","P2","14 named facts intact; NEO's TxDetail model does not carry: beginner · consultant · bestPractices · ossKeywords · interview"
"KS03","CO","deep","/tcode/KS03/","/neo/transactions/KS03/","yes","yes","EXACT","EXACT","EXACT","EXACT","EXACT","EXACT","EXACT","EXACT","EXACT","EXACT","n/a","EXACT","EXACT","EXACT","13/14","TRANSFORMED","P2","14 named facts intact; NEO's TxDetail model does not carry: beginner · consultant · bestPractices · ossKeywords · interview · businessExample · techExample · debugSteps · perfNotes · prodTips"
"KS04","CO","light","/tcode/KS04/","/neo/transactions/KS04/","yes","yes","EXACT","EXACT","EXACT","EXACT","n/a","EXACT","n/a","EXACT","n/a","n/a","n/a","n/a","NEW-IN-NEO","n/a","5/14","EXACT","P3","all 14 named facts that the data answers are rendered on the NEO page"
"KS13","CO","light","/tcode/KS13/","/neo/transactions/KS13/","yes","yes","EXACT","EXACT","EXACT","EXACT","n/a","EXACT","n/a","EXACT","n/a","n/a","n/a","n/a","NEW-IN-NEO","EXACT","5/14","EXACT","P3","all 14 named facts that the data answers are rendered on the NEO page"
"KSB1","CO","deep","/tcode/KSB1/","/neo/transactions/KSB1/","yes","yes","EXACT","EXACT","EXACT","EXACT","EXACT","EXACT","EXACT","EXACT","EXACT","EXACT","n/a","n/a","EXACT","EXACT","11/14","TRANSFORMED","P2","14 named facts intact; NEO's TxDetail model does not carry: beginner · consultant · bestPractices · ossKeywords · interview"
"KSB2","CO","deep","/tcode/KSB2/","/neo/transactions/KSB2/","yes","yes","EXACT","EXACT","EXACT","EXACT","EXACT","EXACT","EXACT","EXACT","EXACT","EXACT","n/a","n/a","EXACT","EXACT","11/14","TRANSFORMED","P2","14 named facts intact; NEO's TxDetail model does not carry: beginner · consultant · bestPractices · ossKeywords · interview"
"KSB5","CO","deep","/tcode/KSB5/","/neo/transactions/KSB5/","yes","yes","EXACT","EXACT","EXACT","EXACT","EXACT","EXACT","EXACT","EXACT","n/a","EXACT","n/a","n/a","EXACT","EXACT","10/14","TRANSFORMED","P2","14 named facts intact; NEO's TxDetail model does not carry: beginner · consultant · bestPractices · ossKeywords · interview"
"KSH1","CO","light","/tcode/KSH1/","/neo/transactions/KSH1/","yes","yes","EXACT","EXACT","EXACT","EXACT","n/a","EXACT","n/a","EXACT","n/a","n/a","n/a","n/a","NEW-IN-NEO","n/a","5/14","EXACT","P3","all 14 named facts that the data answers are rendered on the NEO page"
"KSH2","CO","light","/tcode/KSH2/","/neo/transactions/KSH2/","yes","yes","EXACT","EXACT","EXACT","EXACT","n/a","EXACT","n/a","EXACT","n/a","n/a","n/a","n/a","NEW-IN-NEO","n/a","5/14","EXACT","P3","all 14 named facts that the data answers are rendered on the NEO page"
"KSH3","CO","light","/tcode/KSH3/","/neo/transactions/KSH3/","yes","yes","EXACT","EXACT","EXACT","EXACT","n/a","EXACT","n/a","EXACT","n/a","n/a","n/a","n/a","NEW-IN-NEO","n/a","5/14","EXACT","P3","all 14 named facts that the data answers are rendered on the NEO page"
"KSII","CO","light","/tcode/KSII/","/neo/transactions/KSII/","yes","yes","EXACT","EXACT","EXACT","EXACT","n/a","EXACT","n/a","EXACT","n/a","n/a","n/a","n/a","EXACT","n/a","5/14","EXACT","P3","all 14 named facts that the data answers are rendered on the NEO page"
"KSPI","CO","deep","/tcode/KSPI/","/neo/transactions/KSPI/","yes","yes","EXACT","EXACT","EXACT","EXACT","EXACT","EXACT","EXACT","EXACT","n/a","EXACT","n/a","n/a","EXACT","EXACT","10/14","TRANSFORMED","P2","14 named facts intact; NEO's TxDetail model does not carry: beginner · consultant · bestPractices · ossKeywords · interview"
"KSS2","CO","deep","/tcode/KSS2/","/neo/transactions/KSS2/","yes","yes","EXACT","EXACT","EXACT","EXACT","EXACT","EXACT","EXACT","EXACT","n/a","EXACT","n/a","n/a","EXACT","n/a","10/14","TRANSFORMED","P2","14 named facts intact; NEO's TxDetail model does not carry: beginner · consultant · bestPractices · certTips · ossKeywords · interview"
"KSS4","CO","light","/tcode/KSS4/","/neo/transactions/KSS4/","yes","yes","EXACT","EXACT","EXACT","EXACT","n/a","EXACT","n/a","EXACT","n/a","n/a","n/a","n/a","NEW-IN-NEO","n/a","5/14","EXACT","P3","all 14 named facts that the data answers are rendered on the NEO page"
"KSU1","CO","deep","/tcode/KSU1/","/neo/transactions/KSU1/","yes","yes","EXACT","EXACT","EXACT","EXACT","EXACT","EXACT","EXACT","EXACT","EXACT","EXACT","n/a","n/a","EXACT","n/a","11/14","TRANSFORMED","P2","14 named facts intact; NEO's TxDetail model does not carry: beginner · consultant · bestPractices · ossKeywords · interview"
"KSU2","CO","light","/tcode/KSU2/","/neo/transactions/KSU2/","yes","yes","EXACT","EXACT","EXACT","EXACT","n/a","EXACT","n/a","EXACT","n/a","n/a","n/a","n/a","EXACT","n/a","5/14","EXACT","P3","all 14 named facts that the data answers are rendered on the NEO page"
"KSU3","CO","light","/tcode/KSU3/","/neo/transactions/KSU3/","yes","yes","EXACT","EXACT","EXACT","EXACT","n/a","EXACT","n/a","EXACT","n/a","n/a","n/a","n/a","EXACT","n/a","5/14","EXACT","P3","all 14 named facts that the data answers are rendered on the NEO page"
"KSU5","CO","deep","/tcode/KSU5/","/neo/transactions/KSU5/","yes","yes","EXACT","EXACT","EXACT","EXACT","EXACT","EXACT","EXACT","EXACT","EXACT","EXACT","n/a","n/a","EXACT","n/a","11/14","TRANSFORMED","P2","14 named facts intact; NEO's TxDetail model does not carry: beginner · consultant · bestPractices · ossKeywords · interview"
"KSV1","CO","deep","/tcode/KSV1/","/neo/transactions/KSV1/","yes","yes","EXACT","EXACT","EXACT","EXACT","EXACT","EXACT","EXACT","EXACT","EXACT","EXACT","n/a","n/a","EXACT","n/a","11/14","TRANSFORMED","P2","14 named facts intact; NEO's TxDetail model does not carry: beginner · consultant · bestPractices · ossKeywords · interview"
"KSV2","CO","light","/tcode/KSV2/","/neo/transactions/KSV2/","yes","yes","EXACT","EXACT","EXACT","EXACT","n/a","EXACT","n/a","EXACT","n/a","n/a","n/a","n/a","EXACT","n/a","5/14","EXACT","P3","all 14 named facts that the data answers are rendered on the NEO page"
"KSV3","CO","light","/tcode/KSV3/","/neo/transactions/KSV3/","yes","yes","EXACT","EXACT","EXACT","EXACT","n/a","EXACT","n/a","EXACT","n/a","n/a","n/a","n/a","EXACT","n/a","5/14","EXACT","P3","all 14 named facts that the data answers are rendered on the NEO page"
"KSV5","CO","deep","/tcode/KSV5/","/neo/transactions/KSV5/","yes","yes","EXACT","EXACT","EXACT","EXACT","EXACT","EXACT","EXACT","EXACT","EXACT","EXACT","n/a","n/a","EXACT","n/a","11/14","TRANSFORMED","P2","14 named facts intact; NEO's TxDetail model does not carry: beginner · consultant · bestPractices · ossKeywords · interview"
"LB01","WM","light","/tcode/LB01/","/neo/transactions/LB01/","yes","yes","EXACT","EXACT","EXACT","EXACT","n/a","EXACT","n/a","EXACT","n/a","n/a","n/a","n/a","NEW-IN-NEO","n/a","5/14","EXACT","P3","all 14 named facts that the data answers are rendered on the NEO page"
"LB02","WM","light","/tcode/LB02/","/neo/transactions/LB02/","yes","yes","EXACT","EXACT","EXACT","EXACT","n/a","EXACT","n/a","EXACT","n/a","n/a","n/a","n/a","NEW-IN-NEO","n/a","5/14","EXACT","P3","all 14 named facts that the data answers are rendered on the NEO page"
"LB03","WM","light","/tcode/LB03/","/neo/transactions/LB03/","yes","yes","EXACT","EXACT","EXACT","EXACT","n/a","EXACT","n/a","EXACT","n/a","n/a","n/a","n/a","NEW-IN-NEO","n/a","5/14","EXACT","P3","all 14 named facts that the data answers are rendered on the NEO page"
"LB10","WM","deep","/tcode/LB10/","/neo/transactions/LB10/","yes","yes","EXACT","EXACT","EXACT","EXACT","EXACT","EXACT","EXACT","EXACT","n/a","EXACT","n/a","n/a","EXACT","EXACT","10/14","TRANSFORMED","P2","14 named facts intact; NEO's TxDetail model does not carry: beginner · consultant · bestPractices · ossKeywords · interview"
"LB11","WM","light","/tcode/LB11/","/neo/transactions/LB11/","yes","yes","EXACT","EXACT","EXACT","EXACT","n/a","EXACT","n/a","EXACT","n/a","n/a","n/a","n/a","NEW-IN-NEO","n/a","5/14","EXACT","P3","all 14 named facts that the data answers are rendered on the NEO page"
"LB12","WM","light","/tcode/LB12/","/neo/transactions/LB12/","yes","yes","EXACT","EXACT","EXACT","EXACT","n/a","EXACT","n/a","EXACT","n/a","n/a","n/a","n/a","NEW-IN-NEO","n/a","5/14","EXACT","P3","all 14 named facts that the data answers are rendered on the NEO page"
"LB13","WM","light","/tcode/LB13/","/neo/transactions/LB13/","yes","yes","EXACT","EXACT","EXACT","EXACT","n/a","EXACT","n/a","EXACT","n/a","n/a","n/a","n/a","NEW-IN-NEO","n/a","5/14","EXACT","P3","all 14 named facts that the data answers are rendered on the NEO page"
"LH01","WM","light","/tcode/LH01/","/neo/transactions/LH01/","yes","yes","EXACT","EXACT","EXACT","EXACT","n/a","EXACT","n/a","EXACT","n/a","n/a","n/a","n/a","n/a","n/a","4/14","EXACT","P3","all 14 named facts that the data answers are rendered on the NEO page"
"LI01N","WM","light","/tcode/LI01N/","/neo/transactions/LI01N/","yes","yes","EXACT","EXACT","EXACT","EXACT","n/a","EXACT","n/a","EXACT","n/a","n/a","n/a","n/a","NEW-IN-NEO","n/a","5/14","EXACT","P3","all 14 named facts that the data answers are rendered on the NEO page"
"LI02N","WM","light","/tcode/LI02N/","/neo/transactions/LI02N/","yes","yes","EXACT","EXACT","EXACT","EXACT","n/a","EXACT","n/a","EXACT","n/a","n/a","n/a","n/a","NEW-IN-NEO","n/a","5/14","EXACT","P3","all 14 named facts that the data answers are rendered on the NEO page"
"LI03N","WM","light","/tcode/LI03N/","/neo/transactions/LI03N/","yes","yes","EXACT","EXACT","EXACT","EXACT","n/a","EXACT","n/a","EXACT","n/a","n/a","n/a","n/a","NEW-IN-NEO","n/a","5/14","EXACT","P3","all 14 named facts that the data answers are rendered on the NEO page"
"LI04","WM","light","/tcode/LI04/","/neo/transactions/LI04/","yes","yes","EXACT","EXACT","EXACT","EXACT","n/a","EXACT","n/a","EXACT","n/a","n/a","n/a","n/a","NEW-IN-NEO","EXACT","5/14","EXACT","P3","all 14 named facts that the data answers are rendered on the NEO page"
"LI05","WM","light","/tcode/LI05/","/neo/transactions/LI05/","yes","yes","EXACT","EXACT","EXACT","EXACT","n/a","EXACT","n/a","EXACT","n/a","n/a","n/a","n/a","NEW-IN-NEO","n/a","5/14","EXACT","P3","all 14 named facts that the data answers are rendered on the NEO page"
"LI06","WM","light","/tcode/LI06/","/neo/transactions/LI06/","yes","yes","EXACT","EXACT","EXACT","EXACT","n/a","EXACT","n/a","EXACT","n/a","n/a","n/a","n/a","NEW-IN-NEO","n/a","5/14","EXACT","P3","all 14 named facts that the data answers are rendered on the NEO page"
"LI11N","WM","light","/tcode/LI11N/","/neo/transactions/LI11N/","yes","yes","EXACT","EXACT","EXACT","EXACT","n/a","EXACT","n/a","EXACT","n/a","n/a","n/a","n/a","EXACT","n/a","5/14","EXACT","P3","all 14 named facts that the data answers are rendered on the NEO page"
"LI12N","WM","light","/tcode/LI12N/","/neo/transactions/LI12N/","yes","yes","EXACT","EXACT","EXACT","EXACT","n/a","EXACT","n/a","EXACT","n/a","n/a","n/a","n/a","NEW-IN-NEO","n/a","5/14","EXACT","P3","all 14 named facts that the data answers are rendered on the NEO page"
"LI13N","WM","light","/tcode/LI13N/","/neo/transactions/LI13N/","yes","yes","EXACT","EXACT","EXACT","EXACT","n/a","EXACT","n/a","EXACT","n/a","n/a","n/a","n/a","NEW-IN-NEO","n/a","5/14","EXACT","P3","all 14 named facts that the data answers are rendered on the NEO page"
"LI14","WM","light","/tcode/LI14/","/neo/transactions/LI14/","yes","yes","EXACT","EXACT","EXACT","EXACT","n/a","EXACT","n/a","EXACT","n/a","n/a","n/a","n/a","NEW-IN-NEO","n/a","5/14","EXACT","P3","all 14 named facts that the data answers are rendered on the NEO page"
"LI15","WM","light","/tcode/LI15/","/neo/transactions/LI15/","yes","yes","EXACT","EXACT","EXACT","EXACT","n/a","EXACT","n/a","EXACT","n/a","n/a","n/a","n/a","NEW-IN-NEO","n/a","5/14","EXACT","P3","all 14 named facts that the data answers are rendered on the NEO page"
"LI20","WM","light","/tcode/LI20/","/neo/transactions/LI20/","yes","yes","EXACT","EXACT","EXACT","EXACT","n/a","EXACT","n/a","EXACT","n/a","n/a","n/a","n/a","EXACT","n/a","5/14","EXACT","P3","all 14 named facts that the data answers are rendered on the NEO page"
"LI21","WM","deep","/tcode/LI21/","/neo/transactions/LI21/","yes","yes","EXACT","EXACT","EXACT","EXACT","EXACT","EXACT","EXACT","EXACT","n/a","EXACT","n/a","n/a","EXACT","n/a","10/14","TRANSFORMED","P2","14 named facts intact; NEO's TxDetail model does not carry: beginner · consultant · bestPractices · ossKeywords · interview"
"LL01","WM","light","/tcode/LL01/","/neo/transactions/LL01/","yes","yes","EXACT","EXACT","EXACT","EXACT","n/a","EXACT","n/a","EXACT","n/a","n/a","n/a","n/a","NEW-IN-NEO","EXACT","5/14","EXACT","P3","all 14 named facts that the data answers are rendered on the NEO page"
"LM00","WM","light","/tcode/LM00/","/neo/transactions/LM00/","yes","yes","EXACT","EXACT","EXACT","EXACT","n/a","EXACT","n/a","EXACT","n/a","n/a","n/a","n/a","NEW-IN-NEO","EXACT","5/14","EXACT","P3","all 14 named facts that the data answers are rendered on the NEO page"
"LP10","WM","light","/tcode/LP10/","/neo/transactions/LP10/","yes","yes","EXACT","EXACT","EXACT","EXACT","n/a","EXACT","n/a","EXACT","n/a","n/a","n/a","n/a","NEW-IN-NEO","EXACT","5/14","EXACT","P3","all 14 named facts that the data answers are rendered on the NEO page"
"LP21","WM","light","/tcode/LP21/","/neo/transactions/LP21/","yes","yes","EXACT","EXACT","EXACT","EXACT","n/a","EXACT","n/a","EXACT","n/a","n/a","n/a","n/a","NEW-IN-NEO","n/a","5/14","EXACT","P3","all 14 named facts that the data answers are rendered on the NEO page"
"LP22","WM","light","/tcode/LP22/","/neo/transactions/LP22/","yes","yes","EXACT","EXACT","EXACT","EXACT","n/a","EXACT","n/a","EXACT","n/a","n/a","n/a","n/a","NEW-IN-NEO","n/a","5/14","EXACT","P3","all 14 named facts that the data answers are rendered on the NEO page"
"LP24","WM","light","/tcode/LP24/","/neo/transactions/LP24/","yes","yes","EXACT","EXACT","EXACT","EXACT","n/a","EXACT","n/a","EXACT","n/a","n/a","n/a","n/a","NEW-IN-NEO","n/a","5/14","EXACT","P3","all 14 named facts that the data answers are rendered on the NEO page"
"LPCO","HR","light","/tcode/LPCO/","/neo/transactions/LPCO/","yes","yes","EXACT","EXACT","EXACT","EXACT","n/a","EXACT","n/a","EXACT","n/a","n/a","n/a","n/a","NEW-IN-NEO","n/a","5/14","EXACT","P3","all 14 named facts that the data answers are rendered on the NEO page"
"LRF1","WM","light","/tcode/LRF1/","/neo/transactions/LRF1/","yes","yes","EXACT","EXACT","EXACT","EXACT","n/a","EXACT","n/a","EXACT","n/a","n/a","n/a","n/a","NEW-IN-NEO","n/a","5/14","EXACT","P3","all 14 named facts that the data answers are rendered on the NEO page"
"LS01N","WM","light","/tcode/LS01N/","/neo/transactions/LS01N/","yes","yes","EXACT","EXACT","EXACT","EXACT","n/a","EXACT","n/a","EXACT","n/a","n/a","n/a","n/a","NEW-IN-NEO","EXACT","5/14","EXACT","P3","all 14 named facts that the data answers are rendered on the NEO page"
"LS02N","WM","light","/tcode/LS02N/","/neo/transactions/LS02N/","yes","yes","EXACT","EXACT","EXACT","EXACT","n/a","EXACT","n/a","EXACT","n/a","n/a","n/a","n/a","NEW-IN-NEO","EXACT","5/14","EXACT","P3","all 14 named facts that the data answers are rendered on the NEO page"
"LS03N","WM","light","/tcode/LS03N/","/neo/transactions/LS03N/","yes","yes","EXACT","EXACT","EXACT","EXACT","n/a","EXACT","n/a","EXACT","n/a","n/a","n/a","n/a","NEW-IN-NEO","EXACT","5/14","EXACT","P3","all 14 named facts that the data answers are rendered on the NEO page"
"LS04","WM","light","/tcode/LS04/","/neo/transactions/LS04/","yes","yes","EXACT","EXACT","EXACT","EXACT","n/a","EXACT","n/a","EXACT","n/a","n/a","n/a","n/a","NEW-IN-NEO","n/a","5/14","EXACT","P3","all 14 named facts that the data answers are rendered on the NEO page"
"LS06","WM","light","/tcode/LS06/","/neo/transactions/LS06/","yes","yes","EXACT","EXACT","EXACT","EXACT","n/a","EXACT","n/a","EXACT","n/a","n/a","n/a","n/a","NEW-IN-NEO","n/a","5/14","EXACT","P3","all 14 named facts that the data answers are rendered on the NEO page"
"LS08","WM","light","/tcode/LS08/","/neo/transactions/LS08/","yes","yes","EXACT","EXACT","EXACT","EXACT","n/a","EXACT","n/a","EXACT","n/a","n/a","n/a","n/a","NEW-IN-NEO","n/a","5/14","EXACT","P3","all 14 named facts that the data answers are rendered on the NEO page"
"LS11","WM","light","/tcode/LS11/","/neo/transactions/LS11/","yes","yes","EXACT","EXACT","EXACT","EXACT","n/a","EXACT","n/a","EXACT","n/a","n/a","n/a","n/a","NEW-IN-NEO","n/a","5/14","EXACT","P3","all 14 named facts that the data answers are rendered on the NEO page"
"LS22","WM","light","/tcode/LS22/","/neo/transactions/LS22/","yes","yes","EXACT","EXACT","EXACT","EXACT","n/a","EXACT","n/a","EXACT","n/a","n/a","n/a","n/a","NEW-IN-NEO","n/a","5/14","EXACT","P3","all 14 named facts that the data answers are rendered on the NEO page"
"LS24","WM","deep","/tcode/LS24/","/neo/transactions/LS24/","yes","yes","EXACT","EXACT","EXACT","EXACT","EXACT","EXACT","EXACT","EXACT","n/a","EXACT","n/a","n/a","EXACT","EXACT","11/14","TRANSFORMED","P2","14 named facts intact; NEO's TxDetail model does not carry: beginner · consultant · bestPractices · ossKeywords · interview"
"LS26","WM","light","/tcode/LS26/","/neo/transactions/LS26/","yes","yes","EXACT","EXACT","EXACT","EXACT","n/a","EXACT","n/a","EXACT","n/a","n/a","n/a","n/a","NEW-IN-NEO","EXACT","5/14","EXACT","P3","all 14 named facts that the data answers are rendered on the NEO page"
"LS27","WM","light","/tcode/LS27/","/neo/transactions/LS27/","yes","yes","EXACT","EXACT","EXACT","EXACT","n/a","EXACT","n/a","EXACT","n/a","n/a","n/a","n/a","NEW-IN-NEO","n/a","5/14","EXACT","P3","all 14 named facts that the data answers are rendered on the NEO page"
"LS28","WM","light","/tcode/LS28/","/neo/transactions/LS28/","yes","yes","EXACT","EXACT","EXACT","EXACT","n/a","EXACT","n/a","EXACT","n/a","n/a","n/a","n/a","NEW-IN-NEO","n/a","5/14","EXACT","P3","all 14 named facts that the data answers are rendered on the NEO page"
"LS33","WM","light","/tcode/LS33/","/neo/transactions/LS33/","yes","yes","EXACT","EXACT","EXACT","EXACT","n/a","EXACT","n/a","EXACT","n/a","n/a","n/a","n/a","NEW-IN-NEO","n/a","5/14","EXACT","P3","all 14 named facts that the data answers are rendered on the NEO page"
"LT01","WM","deep","/tcode/LT01/","/neo/transactions/LT01/","yes","yes","EXACT","EXACT","EXACT","EXACT","EXACT","EXACT","EXACT","EXACT","n/a","EXACT","n/a","EXACT","EXACT","EXACT","13/14","TRANSFORMED","P2","14 named facts intact; NEO's TxDetail model does not carry: beginner · consultant · bestPractices · ossKeywords · interview · businessExample · techExample · debugSteps · perfNotes · prodTips"
"LT02","WM","deep","/tcode/LT02/","/neo/transactions/LT02/","yes","yes","EXACT","EXACT","EXACT","EXACT","EXACT","EXACT","EXACT","EXACT","n/a","EXACT","n/a","EXACT","EXACT","EXACT","12/14","TRANSFORMED","P2","14 named facts intact; NEO's TxDetail model does not carry: beginner · consultant · bestPractices · ossKeywords · interview"
"LT03","WM","deep","/tcode/LT03/","/neo/transactions/LT03/","yes","yes","EXACT","EXACT","EXACT","EXACT","EXACT","EXACT","EXACT","EXACT","n/a","EXACT","n/a","EXACT","EXACT","EXACT","12/14","TRANSFORMED","P2","14 named facts intact; NEO's TxDetail model does not carry: beginner · consultant · bestPractices · ossKeywords · interview"
"LT04","WM","deep","/tcode/LT04/","/neo/transactions/LT04/","yes","yes","EXACT","EXACT","EXACT","EXACT","EXACT","EXACT","EXACT","EXACT","n/a","EXACT","n/a","EXACT","EXACT","EXACT","12/14","TRANSFORMED","P2","14 named facts intact; NEO's TxDetail model does not carry: beginner · consultant · bestPractices · ossKeywords · interview"
"LT05","WM","deep","/tcode/LT05/","/neo/transactions/LT05/","yes","yes","EXACT","EXACT","EXACT","EXACT","EXACT","EXACT","EXACT","EXACT","n/a","EXACT","n/a","EXACT","EXACT","EXACT","12/14","TRANSFORMED","P2","14 named facts intact; NEO's TxDetail model does not carry: beginner · consultant · bestPractices · ossKeywords · interview"
"LT06","WM","deep","/tcode/LT06/","/neo/transactions/LT06/","yes","yes","EXACT","EXACT","EXACT","EXACT","EXACT","EXACT","EXACT","EXACT","n/a","EXACT","n/a","EXACT","EXACT","EXACT","12/14","TRANSFORMED","P2","14 named facts intact; NEO's TxDetail model does not carry: beginner · consultant · bestPractices · ossKeywords · interview"
"LT07","WM","light","/tcode/LT07/","/neo/transactions/LT07/","yes","yes","EXACT","EXACT","EXACT","EXACT","n/a","EXACT","n/a","EXACT","n/a","n/a","n/a","n/a","NEW-IN-NEO","n/a","5/14","EXACT","P3","all 14 named facts that the data answers are rendered on the NEO page"
"LT09","WM","deep","/tcode/LT09/","/neo/transactions/LT09/","yes","yes","EXACT","EXACT","EXACT","EXACT","EXACT","EXACT","EXACT","EXACT","n/a","EXACT","n/a","n/a","EXACT","EXACT","11/14","TRANSFORMED","P2","14 named facts intact; NEO's TxDetail model does not carry: beginner · consultant · bestPractices · ossKeywords · interview"
"LT0A","WM","deep","/tcode/LT0A/","/neo/transactions/LT0A/","yes","yes","EXACT","EXACT","EXACT","EXACT","EXACT","EXACT","EXACT","EXACT","n/a","EXACT","n/a","EXACT","EXACT","EXACT","11/14","TRANSFORMED","P2","14 named facts intact; NEO's TxDetail model does not carry: beginner · consultant · bestPractices · ossKeywords · interview"
"LT0R","LE","light","/tcode/LT0R/","/neo/transactions/LT0R/","yes","yes","EXACT","EXACT","EXACT","EXACT","n/a","EXACT","n/a","EXACT","n/a","n/a","n/a","n/a","n/a","n/a","4/14","EXACT","P3","all 14 named facts that the data answers are rendered on the NEO page"
"LT10","WM","deep","/tcode/LT10/","/neo/transactions/LT10/","yes","yes","EXACT","EXACT","EXACT","EXACT","EXACT","EXACT","EXACT","EXACT","n/a","EXACT","n/a","EXACT","EXACT","EXACT","12/14","TRANSFORMED","P2","14 named facts intact; NEO's TxDetail model does not carry: beginner · consultant · bestPractices · ossKeywords · interview"
"LT11","WM","deep","/tcode/LT11/","/neo/transactions/LT11/","yes","yes","EXACT","EXACT","EXACT","EXACT","EXACT","EXACT","EXACT","EXACT","n/a","EXACT","n/a","EXACT","EXACT","EXACT","12/14","TRANSFORMED","P2","14 named facts intact; NEO's TxDetail model does not carry: beginner · consultant · bestPractices · ossKeywords · interview"
"LT12","WM","deep","/tcode/LT12/","/neo/transactions/LT12/","yes","yes","EXACT","EXACT","EXACT","EXACT","EXACT","EXACT","EXACT","EXACT","n/a","EXACT","n/a","EXACT","EXACT","EXACT","13/14","TRANSFORMED","P2","14 named facts intact; NEO's TxDetail model does not carry: beginner · consultant · bestPractices · ossKeywords · interview · businessExample · techExample · debugSteps · perfNotes · prodTips"
"LT13","WM","light","/tcode/LT13/","/neo/transactions/LT13/","yes","yes","EXACT","EXACT","EXACT","EXACT","n/a","EXACT","NEW-IN-NEO","EXACT","n/a","n/a","n/a","n/a","NEW-IN-NEO","EXACT","6/14","EXACT","P3","all 14 named facts that the data answers are rendered on the NEO page"
"LT14","WM","light","/tcode/LT14/","/neo/transactions/LT14/","yes","yes","EXACT","EXACT","EXACT","EXACT","n/a","EXACT","NEW-IN-NEO","EXACT","n/a","n/a","n/a","n/a","NEW-IN-NEO","EXACT","6/14","EXACT","P3","all 14 named facts that the data answers are rendered on the NEO page"
"LT15","WM","deep","/tcode/LT15/","/neo/transactions/LT15/","yes","yes","EXACT","EXACT","EXACT","EXACT","EXACT","EXACT","EXACT","EXACT","n/a","EXACT","n/a","EXACT","EXACT","EXACT","12/14","TRANSFORMED","P2","14 named facts intact; NEO's TxDetail model does not carry: beginner · consultant · bestPractices · ossKeywords · interview"
"LT16","WM","light","/tcode/LT16/","/neo/transactions/LT16/","yes","yes","EXACT","EXACT","EXACT","EXACT","n/a","EXACT","NEW-IN-NEO","EXACT","n/a","n/a","n/a","n/a","NEW-IN-NEO","EXACT","6/14","EXACT","P3","all 14 named facts that the data answers are rendered on the NEO page"
"LT1A","WM","light","/tcode/LT1A/","/neo/transactions/LT1A/","yes","yes","EXACT","EXACT","EXACT","EXACT","n/a","EXACT","NEW-IN-NEO","EXACT","n/a","n/a","n/a","n/a","NEW-IN-NEO","EXACT","6/14","EXACT","P3","all 14 named facts that the data answers are rendered on the NEO page"
"LT21","WM","deep","/tcode/LT21/","/neo/transactions/LT21/","yes","yes","EXACT","EXACT","EXACT","EXACT","EXACT","EXACT","EXACT","EXACT","n/a","EXACT","n/a","EXACT","EXACT","EXACT","12/14","TRANSFORMED","P2","14 named facts intact; NEO's TxDetail model does not carry: beginner · consultant · bestPractices · ossKeywords · interview"
"LT22","WM","deep","/tcode/LT22/","/neo/transactions/LT22/","yes","yes","EXACT","EXACT","EXACT","EXACT","EXACT","EXACT","EXACT","EXACT","n/a","EXACT","n/a","n/a","EXACT","EXACT","11/14","TRANSFORMED","P2","14 named facts intact; NEO's TxDetail model does not carry: beginner · consultant · bestPractices · ossKeywords · interview"
"LT23","WM","deep","/tcode/LT23/","/neo/transactions/LT23/","yes","yes","EXACT","EXACT","EXACT","EXACT","EXACT","EXACT","EXACT","EXACT","n/a","EXACT","n/a","n/a","EXACT","EXACT","11/14","TRANSFORMED","P2","14 named facts intact; NEO's TxDetail model does not carry: beginner · consultant · bestPractices · ossKeywords · interview"
"LT24","WM","deep","/tcode/LT24/","/neo/transactions/LT24/","yes","yes","EXACT","EXACT","EXACT","EXACT","EXACT","EXACT","EXACT","EXACT","n/a","EXACT","n/a","n/a","EXACT","EXACT","11/14","TRANSFORMED","P2","14 named facts intact; NEO's TxDetail model does not carry: beginner · consultant · bestPractices · ossKeywords · interview"
"LT25","WM","deep","/tcode/LT25/","/neo/transactions/LT25/","yes","yes","EXACT","EXACT","EXACT","EXACT","EXACT","EXACT","EXACT","EXACT","n/a","EXACT","n/a","n/a","EXACT","EXACT","11/14","TRANSFORMED","P2","14 named facts intact; NEO's TxDetail model does not carry: beginner · consultant · bestPractices · ossKeywords · interview"
"LT25N","WM","light","/tcode/LT25N/","/neo/transactions/LT25N/","yes","yes","EXACT","EXACT","EXACT","EXACT","n/a","EXACT","NEW-IN-NEO","EXACT","n/a","n/a","n/a","n/a","NEW-IN-NEO","EXACT","6/14","EXACT","P3","all 14 named facts that the data answers are rendered on the NEO page"
"LT26","WM","light","/tcode/LT26/","/neo/transactions/LT26/","yes","yes","EXACT","EXACT","EXACT","EXACT","n/a","EXACT","NEW-IN-NEO","EXACT","n/a","n/a","n/a","n/a","NEW-IN-NEO","EXACT","6/14","EXACT","P3","all 14 named facts that the data answers are rendered on the NEO page"
"LT27","WM","light","/tcode/LT27/","/neo/transactions/LT27/","yes","yes","EXACT","EXACT","EXACT","EXACT","n/a","EXACT","NEW-IN-NEO","EXACT","n/a","n/a","n/a","n/a","NEW-IN-NEO","EXACT","6/14","EXACT","P3","all 14 named facts that the data answers are rendered on the NEO page"
"LT28","WM","light","/tcode/LT28/","/neo/transactions/LT28/","yes","yes","EXACT","EXACT","EXACT","EXACT","n/a","EXACT","NEW-IN-NEO","EXACT","n/a","n/a","n/a","n/a","NEW-IN-NEO","EXACT","6/14","EXACT","P3","all 14 named facts that the data answers are rendered on the NEO page"
"LT31","WM","light","/tcode/LT31/","/neo/transactions/LT31/","yes","yes","EXACT","EXACT","EXACT","EXACT","n/a","EXACT","NEW-IN-NEO","EXACT","n/a","n/a","n/a","n/a","NEW-IN-NEO","EXACT","6/14","EXACT","P3","all 14 named facts that the data answers are rendered on the NEO page"
"LT32","WM","light","/tcode/LT32/","/neo/transactions/LT32/","yes","yes","EXACT","EXACT","EXACT","EXACT","n/a","EXACT","NEW-IN-NEO","EXACT","n/a","n/a","n/a","n/a","NEW-IN-NEO","EXACT","6/14","EXACT","P3","all 14 named facts that the data answers are rendered on the NEO page"
"LT41","WM","light","/tcode/LT41/","/neo/transactions/LT41/","yes","yes","EXACT","EXACT","EXACT","EXACT","n/a","EXACT","n/a","EXACT","n/a","n/a","n/a","n/a","NEW-IN-NEO","n/a","5/14","EXACT","P3","all 14 named facts that the data answers are rendered on the NEO page"
"LT42","WM","light","/tcode/LT42/","/neo/transactions/LT42/","yes","yes","EXACT","EXACT","EXACT","EXACT","n/a","EXACT","NEW-IN-NEO","EXACT","n/a","n/a","n/a","n/a","NEW-IN-NEO","EXACT","6/14","EXACT","P3","all 14 named facts that the data answers are rendered on the NEO page"
"LT43","WM","light","/tcode/LT43/","/neo/transactions/LT43/","yes","yes","EXACT","EXACT","EXACT","EXACT","n/a","EXACT","n/a","EXACT","n/a","n/a","n/a","n/a","NEW-IN-NEO","n/a","5/14","EXACT","P3","all 14 named facts that the data answers are rendered on the NEO page"
"LT44","WM","light","/tcode/LT44/","/neo/transactions/LT44/","yes","yes","EXACT","EXACT","EXACT","EXACT","n/a","EXACT","n/a","EXACT","n/a","n/a","n/a","n/a","NEW-IN-NEO","EXACT","5/14","EXACT","P3","all 14 named facts that the data answers are rendered on the NEO page"
"LT45","WM","light","/tcode/LT45/","/neo/transactions/LT45/","yes","yes","EXACT","EXACT","EXACT","EXACT","n/a","EXACT","n/a","EXACT","n/a","n/a","n/a","n/a","NEW-IN-NEO","EXACT","5/14","EXACT","P3","all 14 named facts that the data answers are rendered on the NEO page"
"LT63","WM","light","/tcode/LT63/","/neo/transactions/LT63/","yes","yes","EXACT","EXACT","EXACT","EXACT","n/a","EXACT","NEW-IN-NEO","EXACT","n/a","n/a","n/a","n/a","NEW-IN-NEO","EXACT","6/14","EXACT","P3","all 14 named facts that the data answers are rendered on the NEO page"
"LT64","WM","light","/tcode/LT64/","/neo/transactions/LT64/","yes","yes","EXACT","EXACT","EXACT","EXACT","n/a","EXACT","NEW-IN-NEO","EXACT","n/a","n/a","n/a","n/a","NEW-IN-NEO","EXACT","6/14","EXACT","P3","all 14 named facts that the data answers are rendered on the NEO page"
"LT72","WM","light","/tcode/LT72/","/neo/transactions/LT72/","yes","yes","EXACT","EXACT","EXACT","EXACT","n/a","EXACT","NEW-IN-NEO","EXACT","n/a","n/a","n/a","n/a","NEW-IN-NEO","EXACT","6/14","EXACT","P3","all 14 named facts that the data answers are rendered on the NEO page"
"LT73","WM","light","/tcode/LT73/","/neo/transactions/LT73/","yes","yes","EXACT","EXACT","EXACT","EXACT","n/a","EXACT","NEW-IN-NEO","EXACT","n/a","n/a","n/a","n/a","NEW-IN-NEO","EXACT","6/14","EXACT","P3","all 14 named facts that the data answers are rendered on the NEO page"
"LU01","WM","light","/tcode/LU01/","/neo/transactions/LU01/","yes","yes","EXACT","EXACT","EXACT","EXACT","n/a","EXACT","NEW-IN-NEO","EXACT","n/a","n/a","n/a","n/a","NEW-IN-NEO","EXACT","6/14","EXACT","P3","all 14 named facts that the data answers are rendered on the NEO page"
"LU02","WM","light","/tcode/LU02/","/neo/transactions/LU02/","yes","yes","EXACT","EXACT","EXACT","EXACT","n/a","EXACT","NEW-IN-NEO","EXACT","n/a","n/a","n/a","n/a","NEW-IN-NEO","EXACT","6/14","EXACT","P3","all 14 named facts that the data answers are rendered on the NEO page"
"LU03","WM","light","/tcode/LU03/","/neo/transactions/LU03/","yes","yes","EXACT","EXACT","EXACT","EXACT","n/a","EXACT","NEW-IN-NEO","EXACT","n/a","n/a","n/a","n/a","NEW-IN-NEO","EXACT","6/14","EXACT","P3","all 14 named facts that the data answers are rendered on the NEO page"
"LU04","WM","light","/tcode/LU04/","/neo/transactions/LU04/","yes","yes","EXACT","EXACT","EXACT","EXACT","n/a","EXACT","n/a","EXACT","n/a","n/a","n/a","n/a","NEW-IN-NEO","n/a","5/14","EXACT","P3","all 14 named facts that the data answers are rendered on the NEO page"
"LX01","WM","light","/tcode/LX01/","/neo/transactions/LX01/","yes","yes","EXACT","EXACT","EXACT","EXACT","n/a","EXACT","n/a","EXACT","n/a","n/a","n/a","n/a","NEW-IN-NEO","EXACT","5/14","EXACT","P3","all 14 named facts that the data answers are rendered on the NEO page"
"LX02","WM","deep","/tcode/LX02/","/neo/transactions/LX02/","yes","yes","EXACT","EXACT","EXACT","EXACT","EXACT","EXACT","EXACT","EXACT","n/a","EXACT","n/a","EXACT","EXACT","EXACT","13/14","TRANSFORMED","P2","14 named facts intact; NEO's TxDetail model does not carry: beginner · consultant · bestPractices · ossKeywords · interview · businessExample · techExample · debugSteps · perfNotes · prodTips"
"LX03","WM","deep","/tcode/LX03/","/neo/transactions/LX03/","yes","yes","EXACT","EXACT","EXACT","EXACT","EXACT","EXACT","EXACT","EXACT","n/a","EXACT","n/a","n/a","EXACT","EXACT","10/14","TRANSFORMED","P2","14 named facts intact; NEO's TxDetail model does not carry: beginner · consultant · bestPractices · ossKeywords · interview"
"LX04","WM","light","/tcode/LX04/","/neo/transactions/LX04/","yes","yes","EXACT","EXACT","EXACT","EXACT","n/a","EXACT","n/a","EXACT","n/a","n/a","n/a","n/a","NEW-IN-NEO","EXACT","5/14","EXACT","P3","all 14 named facts that the data answers are rendered on the NEO page"
"LX05","WM","light","/tcode/LX05/","/neo/transactions/LX05/","yes","yes","EXACT","EXACT","EXACT","EXACT","n/a","EXACT","n/a","EXACT","n/a","n/a","n/a","n/a","NEW-IN-NEO","EXACT","5/14","EXACT","P3","all 14 named facts that the data answers are rendered on the NEO page"
"LX06","WM","light","/tcode/LX06/","/neo/transactions/LX06/","yes","yes","EXACT","EXACT","EXACT","EXACT","n/a","EXACT","n/a","EXACT","n/a","n/a","n/a","n/a","NEW-IN-NEO","EXACT","5/14","EXACT","P3","all 14 named facts that the data answers are rendered on the NEO page"
"LX07","WM","light","/tcode/LX07/","/neo/transactions/LX07/","yes","yes","EXACT","EXACT","EXACT","EXACT","n/a","EXACT","n/a","EXACT","n/a","n/a","n/a","n/a","NEW-IN-NEO","EXACT","5/14","EXACT","P3","all 14 named facts that the data answers are rendered on the NEO page"
"LX08","WM","light","/tcode/LX08/","/neo/transactions/LX08/","yes","yes","EXACT","EXACT","EXACT","EXACT","n/a","EXACT","n/a","EXACT","n/a","n/a","n/a","n/a","NEW-IN-NEO","n/a","5/14","EXACT","P3","all 14 named facts that the data answers are rendered on the NEO page"
"LX09","WM","deep","/tcode/LX09/","/neo/transactions/LX09/","yes","yes","EXACT","EXACT","EXACT","EXACT","EXACT","EXACT","EXACT","EXACT","n/a","EXACT","n/a","n/a","EXACT","EXACT","10/14","TRANSFORMED","P2","14 named facts intact; NEO's TxDetail model does not carry: beginner · consultant · bestPractices · ossKeywords · interview"
"LX10","WM","light","/tcode/LX10/","/neo/transactions/LX10/","yes","yes","EXACT","EXACT","EXACT","EXACT","n/a","EXACT","n/a","EXACT","n/a","n/a","n/a","n/a","NEW-IN-NEO","EXACT","5/14","EXACT","P3","all 14 named facts that the data answers are rendered on the NEO page"
"LX11","WM","light","/tcode/LX11/","/neo/transactions/LX11/","yes","yes","EXACT","EXACT","EXACT","EXACT","n/a","EXACT","NEW-IN-NEO","EXACT","n/a","n/a","n/a","n/a","NEW-IN-NEO","EXACT","6/14","EXACT","P3","all 14 named facts that the data answers are rendered on the NEO page"
"LX12","WM","light","/tcode/LX12/","/neo/transactions/LX12/","yes","yes","EXACT","EXACT","EXACT","EXACT","n/a","EXACT","NEW-IN-NEO","EXACT","n/a","n/a","n/a","n/a","NEW-IN-NEO","EXACT","6/14","EXACT","P3","all 14 named facts that the data answers are rendered on the NEO page"
"LX13","WM","light","/tcode/LX13/","/neo/transactions/LX13/","yes","yes","EXACT","EXACT","EXACT","EXACT","n/a","EXACT","n/a","EXACT","n/a","n/a","n/a","n/a","NEW-IN-NEO","EXACT","5/14","EXACT","P3","all 14 named facts that the data answers are rendered on the NEO page"
"LX14","WM","light","/tcode/LX14/","/neo/transactions/LX14/","yes","yes","EXACT","EXACT","EXACT","EXACT","n/a","EXACT","n/a","EXACT","n/a","n/a","n/a","n/a","NEW-IN-NEO","EXACT","5/14","EXACT","P3","all 14 named facts that the data answers are rendered on the NEO page"
"LX15","WM","light","/tcode/LX15/","/neo/transactions/LX15/","yes","yes","EXACT","EXACT","EXACT","EXACT","n/a","EXACT","n/a","EXACT","n/a","n/a","n/a","n/a","NEW-IN-NEO","n/a","5/14","EXACT","P3","all 14 named facts that the data answers are rendered on the NEO page"
"LX16","WM","light","/tcode/LX16/","/neo/transactions/LX16/","yes","yes","EXACT","EXACT","EXACT","EXACT","n/a","EXACT","n/a","EXACT","n/a","n/a","n/a","n/a","NEW-IN-NEO","n/a","5/14","EXACT","P3","all 14 named facts that the data answers are rendered on the NEO page"
"LX17","WM","light","/tcode/LX17/","/neo/transactions/LX17/","yes","yes","EXACT","EXACT","EXACT","EXACT","n/a","EXACT","n/a","EXACT","n/a","n/a","n/a","n/a","NEW-IN-NEO","EXACT","5/14","EXACT","P3","all 14 named facts that the data answers are rendered on the NEO page"
"LX18","WM","light","/tcode/LX18/","/neo/transactions/LX18/","yes","yes","EXACT","EXACT","EXACT","EXACT","n/a","EXACT","n/a","EXACT","n/a","n/a","n/a","n/a","NEW-IN-NEO","n/a","5/14","EXACT","P3","all 14 named facts that the data answers are rendered on the NEO page"
"LX19","WM","light","/tcode/LX19/","/neo/transactions/LX19/","yes","yes","EXACT","EXACT","EXACT","EXACT","n/a","EXACT","n/a","EXACT","n/a","n/a","n/a","n/a","NEW-IN-NEO","n/a","5/14","EXACT","P3","all 14 named facts that the data answers are rendered on the NEO page"
"LX20","WM","light","/tcode/LX20/","/neo/transactions/LX20/","yes","yes","EXACT","EXACT","EXACT","EXACT","n/a","EXACT","n/a","EXACT","n/a","n/a","n/a","n/a","NEW-IN-NEO","EXACT","5/14","EXACT","P3","all 14 named facts that the data answers are rendered on the NEO page"
"LX22","WM","deep","/tcode/LX22/","/neo/transactions/LX22/","yes","yes","EXACT","EXACT","EXACT","EXACT","EXACT","EXACT","EXACT","EXACT","n/a","EXACT","n/a","n/a","EXACT","EXACT","10/14","TRANSFORMED","P2","14 named facts intact; NEO's TxDetail model does not carry: beginner · consultant · bestPractices · ossKeywords · interview"
"LX23","WM","light","/tcode/LX23/","/neo/transactions/LX23/","yes","yes","EXACT","EXACT","EXACT","EXACT","n/a","EXACT","n/a","EXACT","n/a","n/a","n/a","n/a","NEW-IN-NEO","EXACT","5/14","EXACT","P3","all 14 named facts that the data answers are rendered on the NEO page"
"LX24","WM","light","/tcode/LX24/","/neo/transactions/LX24/","yes","yes","EXACT","EXACT","EXACT","EXACT","n/a","EXACT","n/a","EXACT","n/a","n/a","n/a","n/a","NEW-IN-NEO","EXACT","5/14","EXACT","P3","all 14 named facts that the data answers are rendered on the NEO page"
"LX25","WM","light","/tcode/LX25/","/neo/transactions/LX25/","yes","yes","EXACT","EXACT","EXACT","EXACT","n/a","EXACT","n/a","EXACT","n/a","n/a","n/a","n/a","NEW-IN-NEO","n/a","5/14","EXACT","P3","all 14 named facts that the data answers are rendered on the NEO page"
"LX26","WM","light","/tcode/LX26/","/neo/transactions/LX26/","yes","yes","EXACT","EXACT","EXACT","EXACT","n/a","EXACT","n/a","EXACT","n/a","n/a","n/a","n/a","NEW-IN-NEO","n/a","5/14","EXACT","P3","all 14 named facts that the data answers are rendered on the NEO page"
"LX27","WM","light","/tcode/LX27/","/neo/transactions/LX27/","yes","yes","EXACT","EXACT","EXACT","EXACT","n/a","EXACT","n/a","EXACT","n/a","n/a","n/a","n/a","NEW-IN-NEO","EXACT","5/14","EXACT","P3","all 14 named facts that the data answers are rendered on the NEO page"
"LX28","WM","light","/tcode/LX28/","/neo/transactions/LX28/","yes","yes","EXACT","EXACT","EXACT","EXACT","n/a","EXACT","n/a","EXACT","n/a","n/a","n/a","n/a","NEW-IN-NEO","EXACT","5/14","EXACT","P3","all 14 named facts that the data answers are rendered on the NEO page"
"LX29","WM","light","/tcode/LX29/","/neo/transactions/LX29/","yes","yes","EXACT","EXACT","EXACT","EXACT","n/a","EXACT","n/a","EXACT","n/a","n/a","n/a","n/a","NEW-IN-NEO","EXACT","5/14","EXACT","P3","all 14 named facts that the data answers are rendered on the NEO page"
"LX39","WM","light","/tcode/LX39/","/neo/transactions/LX39/","yes","yes","EXACT","EXACT","EXACT","EXACT","n/a","EXACT","n/a","EXACT","n/a","n/a","n/a","n/a","NEW-IN-NEO","EXACT","5/14","EXACT","P3","all 14 named facts that the data answers are rendered on the NEO page"
"LX40","WM","light","/tcode/LX40/","/neo/transactions/LX40/","yes","yes","EXACT","EXACT","EXACT","EXACT","n/a","EXACT","n/a","EXACT","n/a","n/a","n/a","n/a","NEW-IN-NEO","EXACT","5/14","EXACT","P3","all 14 named facts that the data answers are rendered on the NEO page"
"LX41","WM","light","/tcode/LX41/","/neo/transactions/LX41/","yes","yes","EXACT","EXACT","EXACT","EXACT","n/a","EXACT","n/a","EXACT","n/a","n/a","n/a","n/a","NEW-IN-NEO","n/a","5/14","EXACT","P3","all 14 named facts that the data answers are rendered on the NEO page"
"LX42","WM","light","/tcode/LX42/","/neo/transactions/LX42/","yes","yes","EXACT","EXACT","EXACT","EXACT","n/a","EXACT","n/a","EXACT","n/a","n/a","n/a","n/a","NEW-IN-NEO","EXACT","5/14","EXACT","P3","all 14 named facts that the data answers are rendered on the NEO page"
"LX43","WM","light","/tcode/LX43/","/neo/transactions/LX43/","yes","yes","EXACT","EXACT","EXACT","EXACT","n/a","EXACT","n/a","EXACT","n/a","n/a","n/a","n/a","NEW-IN-NEO","EXACT","5/14","EXACT","P3","all 14 named facts that the data answers are rendered on the NEO page"
"LX45","WM","light","/tcode/LX45/","/neo/transactions/LX45/","yes","yes","EXACT","EXACT","EXACT","EXACT","n/a","EXACT","n/a","EXACT","n/a","n/a","n/a","n/a","NEW-IN-NEO","EXACT","5/14","EXACT","P3","all 14 named facts that the data answers are rendered on the NEO page"
"LX46","WM","light","/tcode/LX46/","/neo/transactions/LX46/","yes","yes","EXACT","EXACT","EXACT","EXACT","n/a","EXACT","n/a","EXACT","n/a","n/a","n/a","n/a","NEW-IN-NEO","n/a","5/14","EXACT","P3","all 14 named facts that the data answers are rendered on the NEO page"
"MB01","MM","deep","/tcode/MB01/","/neo/transactions/MB01/","yes","yes","EXACT","EXACT","EXACT","EXACT","EXACT","EXACT","EXACT","EXACT","EXACT","EXACT","n/a","EXACT","EXACT","EXACT","14/14","TRANSFORMED","P2","14 named facts intact; NEO's TxDetail model does not carry: beginner · consultant · bestPractices · certTips · ossKeywords · interview"
"MB02","MM","deep","/tcode/MB02/","/neo/transactions/MB02/","yes","yes","EXACT","EXACT","EXACT","EXACT","EXACT","EXACT","EXACT","EXACT","n/a","EXACT","n/a","n/a","EXACT","n/a","10/14","TRANSFORMED","P2","14 named facts intact; NEO's TxDetail model does not carry: beginner · consultant · bestPractices · certTips · ossKeywords · interview"
"MB03","MM","deep","/tcode/MB03/","/neo/transactions/MB03/","yes","yes","EXACT","EXACT","EXACT","EXACT","EXACT","EXACT","EXACT","EXACT","EXACT","EXACT","n/a","EXACT","EXACT","EXACT","13/14","TRANSFORMED","P2","14 named facts intact; NEO's TxDetail model does not carry: beginner · consultant · bestPractices · certTips · ossKeywords · interview"
"MB04","MM","deep","/tcode/MB04/","/neo/transactions/MB04/","yes","yes","EXACT","EXACT","EXACT","n/a","EXACT","EXACT","EXACT","EXACT","n/a","EXACT","n/a","n/a","EXACT","n/a","9/14","TRANSFORMED","P2","14 named facts intact; NEO's TxDetail model does not carry: beginner · consultant · bestPractices · certTips · ossKeywords · interview"
"MB05","MM","deep","/tcode/MB05/","/neo/transactions/MB05/","yes","yes","EXACT","EXACT","EXACT","n/a","EXACT","EXACT","EXACT","EXACT","n/a","EXACT","n/a","n/a","EXACT","n/a","9/14","TRANSFORMED","P2","14 named facts intact; NEO's TxDetail model does not carry: beginner · consultant · bestPractices · certTips · ossKeywords · interview"
"MB11","MM","deep","/tcode/MB11/","/neo/transactions/MB11/","yes","yes","EXACT","EXACT","EXACT","n/a","EXACT","EXACT","EXACT","EXACT","EXACT","EXACT","n/a","EXACT","EXACT","EXACT","11/14","TRANSFORMED","P2","14 named facts intact; NEO's TxDetail model does not carry: beginner · consultant · bestPractices · certTips · ossKeywords · interview"
"MB1A","MM","deep","/tcode/MB1A/","/neo/transactions/MB1A/","yes","yes","EXACT","EXACT","EXACT","EXACT","EXACT","EXACT","EXACT","EXACT","EXACT","EXACT","n/a","EXACT","EXACT","EXACT","14/14","TRANSFORMED","P2","14 named facts intact; NEO's TxDetail model does not carry: beginner · consultant · bestPractices · ossKeywords · interview · businessExample · techExample · debugSteps · perfNotes · prodTips"
"MB1B","MM","deep","/tcode/MB1B/","/neo/transactions/MB1B/","yes","yes","EXACT","EXACT","EXACT","EXACT","EXACT","EXACT","EXACT","EXACT","EXACT","EXACT","n/a","EXACT","EXACT","EXACT","14/14","TRANSFORMED","P2","14 named facts intact; NEO's TxDetail model does not carry: beginner · consultant · bestPractices · ossKeywords · interview · businessExample · techExample · debugSteps · perfNotes · prodTips"
"MB1C","MM","deep","/tcode/MB1C/","/neo/transactions/MB1C/","yes","yes","EXACT","EXACT","EXACT","EXACT","EXACT","EXACT","EXACT","EXACT","EXACT","EXACT","n/a","EXACT","EXACT","EXACT","14/14","TRANSFORMED","P2","14 named facts intact; NEO's TxDetail model does not carry: beginner · consultant · bestPractices · ossKeywords · interview"
"MB21","MM","deep","/tcode/MB21/","/neo/transactions/MB21/","yes","yes","EXACT","EXACT","EXACT","n/a","EXACT","EXACT","EXACT","EXACT","EXACT","EXACT","n/a","EXACT","EXACT","EXACT","12/14","TRANSFORMED","P2","14 named facts intact; NEO's TxDetail model does not carry: beginner · consultant · bestPractices · ossKeywords · interview"
"MB22","MM","deep","/tcode/MB22/","/neo/transactions/MB22/","yes","yes","EXACT","EXACT","EXACT","n/a","EXACT","EXACT","EXACT","EXACT","EXACT","EXACT","n/a","EXACT","EXACT","n/a","11/14","TRANSFORMED","P2","14 named facts intact; NEO's TxDetail model does not carry: beginner · consultant · bestPractices · ossKeywords · interview"
"MB23","MM","deep","/tcode/MB23/","/neo/transactions/MB23/","yes","yes","EXACT","EXACT","EXACT","n/a","EXACT","EXACT","EXACT","EXACT","EXACT","EXACT","n/a","EXACT","EXACT","EXACT","11/14","TRANSFORMED","P2","14 named facts intact; NEO's TxDetail model does not carry: beginner · consultant · bestPractices · ossKeywords · interview"
"MB24","MM","deep","/tcode/MB24/","/neo/transactions/MB24/","yes","yes","EXACT","EXACT","EXACT","n/a","EXACT","EXACT","EXACT","EXACT","EXACT","EXACT","n/a","n/a","EXACT","EXACT","10/14","TRANSFORMED","P2","14 named facts intact; NEO's TxDetail model does not carry: beginner · consultant · bestPractices · ossKeywords · interview"
"MB25","MM","deep","/tcode/MB25/","/neo/transactions/MB25/","yes","yes","EXACT","EXACT","EXACT","n/a","EXACT","EXACT","EXACT","EXACT","EXACT","EXACT","n/a","n/a","EXACT","EXACT","10/14","TRANSFORMED","P2","14 named facts intact; NEO's TxDetail model does not carry: beginner · consultant · bestPractices · ossKeywords · interview"
"MB26","MM","deep","/tcode/MB26/","/neo/transactions/MB26/","yes","yes","EXACT","EXACT","EXACT","n/a","EXACT","EXACT","EXACT","EXACT","n/a","EXACT","n/a","n/a","EXACT","EXACT","9/14","TRANSFORMED","P2","14 named facts intact; NEO's TxDetail model does not carry: beginner · consultant · bestPractices · ossKeywords · interview"
"MB31","MM","deep","/tcode/MB31/","/neo/transactions/MB31/","yes","yes","EXACT","EXACT","EXACT","EXACT","EXACT","EXACT","EXACT","EXACT","EXACT","EXACT","n/a","EXACT","EXACT","EXACT","14/14","TRANSFORMED","P2","14 named facts intact; NEO's TxDetail model does not carry: beginner · consultant · bestPractices · ossKeywords · interview · businessExample · techExample · debugSteps · perfNotes · prodTips"
"MB51","MM","deep","/tcode/MB51/","/neo/transactions/MB51/","yes","yes","EXACT","EXACT","EXACT","EXACT","EXACT","EXACT","EXACT","EXACT","EXACT","EXACT","n/a","n/a","EXACT","EXACT","12/14","TRANSFORMED","P2","14 named facts intact; NEO's TxDetail model does not carry: beginner · consultant · bestPractices · certTips · ossKeywords · interview · businessExample · techExample · debugSteps · perfNotes · prodTips"
"MB52","MM","deep","/tcode/MB52/","/neo/transactions/MB52/","yes","yes","EXACT","EXACT","EXACT","EXACT","EXACT","EXACT","EXACT","EXACT","EXACT","EXACT","n/a","n/a","EXACT","EXACT","13/14","TRANSFORMED","P2","14 named facts intact; NEO's TxDetail model does not carry: beginner · consultant · bestPractices · certTips · ossKeywords · interview · businessExample · techExample · debugSteps · perfNotes · prodTips"
"MB54","MM","light","/tcode/MB54/","/neo/transactions/MB54/","yes","yes","EXACT","EXACT","EXACT","EXACT","n/a","EXACT","n/a","EXACT","n/a","n/a","n/a","n/a","NEW-IN-NEO","EXACT","5/14","EXACT","P3","all 14 named facts that the data answers are rendered on the NEO page"
"MB56","MM","light","/tcode/MB56/","/neo/transactions/MB56/","yes","yes","EXACT","EXACT","EXACT","n/a","n/a","EXACT","n/a","EXACT","n/a","n/a","n/a","n/a","EXACT","n/a","4/14","EXACT","P3","all 14 named facts that the data answers are rendered on the NEO page"
"MB5B","MM","deep","/tcode/MB5B/","/neo/transactions/MB5B/","yes","yes","EXACT","EXACT","EXACT","EXACT","EXACT","EXACT","EXACT","EXACT","n/a","EXACT","n/a","n/a","EXACT","EXACT","11/14","TRANSFORMED","P2","14 named facts intact; NEO's TxDetail model does not carry: beginner · consultant · bestPractices · certTips · ossKeywords · interview"
"MB5L","MM","deep","/tcode/MB5L/","/neo/transactions/MB5L/","yes","yes","EXACT","EXACT","EXACT","EXACT","EXACT","EXACT","EXACT","EXACT","n/a","EXACT","n/a","n/a","EXACT","EXACT","11/14","TRANSFORMED","P2","14 named facts intact; NEO's TxDetail model does not carry: beginner · consultant · bestPractices · ossKeywords · interview"
"MB5M","MM","light","/tcode/MB5M/","/neo/transactions/MB5M/","yes","yes","EXACT","EXACT","EXACT","EXACT","n/a","EXACT","n/a","EXACT","n/a","n/a","n/a","n/a","NEW-IN-NEO","EXACT","5/14","EXACT","P3","all 14 named facts that the data answers are rendered on the NEO page"
"MB5S","MM","light","/tcode/MB5S/","/neo/transactions/MB5S/","yes","yes","EXACT","EXACT","EXACT","EXACT","n/a","EXACT","n/a","EXACT","n/a","n/a","n/a","n/a","NEW-IN-NEO","EXACT","5/14","EXACT","P3","all 14 named facts that the data answers are rendered on the NEO page"
"MB5T","MM","deep","/tcode/MB5T/","/neo/transactions/MB5T/","yes","yes","EXACT","EXACT","EXACT","EXACT","EXACT","EXACT","EXACT","EXACT","n/a","EXACT","n/a","n/a","EXACT","EXACT","11/14","TRANSFORMED","P2","14 named facts intact; NEO's TxDetail model does not carry: beginner · consultant · bestPractices · ossKeywords · interview"
"MB90","MM","deep","/tcode/MB90/","/neo/transactions/MB90/","yes","yes","EXACT","EXACT","EXACT","EXACT","EXACT","EXACT","EXACT","EXACT","n/a","EXACT","n/a","n/a","EXACT","EXACT","10/14","TRANSFORMED","P2","14 named facts intact; NEO's TxDetail model does not carry: beginner · consultant · bestPractices · ossKeywords · interview"
"MBRL","MM","deep","/tcode/MBRL/","/neo/transactions/MBRL/","yes","yes","EXACT","EXACT","EXACT","n/a","EXACT","EXACT","EXACT","EXACT","EXACT","EXACT","n/a","EXACT","EXACT","n/a","11/14","TRANSFORMED","P2","14 named facts intact; NEO's TxDetail model does not carry: beginner · consultant · bestPractices · ossKeywords · interview"
"MBST","MM","deep","/tcode/MBST/","/neo/transactions/MBST/","yes","yes","EXACT","EXACT","EXACT","EXACT","EXACT","EXACT","EXACT","EXACT","n/a","EXACT","n/a","EXACT","EXACT","EXACT","11/14","TRANSFORMED","P2","14 named facts intact; NEO's TxDetail model does not carry: beginner · consultant · bestPractices · certTips · ossKeywords · interview"
"MC74","PP","light","/tcode/MC74/","/neo/transactions/MC74/","yes","yes","EXACT","EXACT","EXACT","EXACT","n/a","EXACT","n/a","EXACT","n/a","n/a","n/a","n/a","NEW-IN-NEO","n/a","5/14","EXACT","P3","all 14 named facts that the data answers are rendered on the NEO page"
"MC75","PP","light","/tcode/MC75/","/neo/transactions/MC75/","yes","yes","EXACT","EXACT","EXACT","EXACT","n/a","EXACT","n/a","EXACT","n/a","n/a","n/a","n/a","NEW-IN-NEO","n/a","5/14","EXACT","P3","all 14 named facts that the data answers are rendered on the NEO page"
"MC81","PP","light","/tcode/MC81/","/neo/transactions/MC81/","yes","yes","EXACT","EXACT","EXACT","EXACT","n/a","EXACT","n/a","EXACT","n/a","n/a","n/a","n/a","NEW-IN-NEO","n/a","5/14","EXACT","P3","all 14 named facts that the data answers are rendered on the NEO page"
"MC82","PP","light","/tcode/MC82/","/neo/transactions/MC82/","yes","yes","EXACT","EXACT","EXACT","EXACT","n/a","EXACT","n/a","EXACT","n/a","n/a","n/a","n/a","NEW-IN-NEO","n/a","5/14","EXACT","P3","all 14 named facts that the data answers are rendered on the NEO page"
"MC83","PP","light","/tcode/MC83/","/neo/transactions/MC83/","yes","yes","EXACT","EXACT","EXACT","EXACT","n/a","EXACT","n/a","EXACT","n/a","n/a","n/a","n/a","NEW-IN-NEO","n/a","5/14","EXACT","P3","all 14 named facts that the data answers are rendered on the NEO page"
"MC84","PP","light","/tcode/MC84/","/neo/transactions/MC84/","yes","yes","EXACT","EXACT","EXACT","EXACT","n/a","EXACT","n/a","EXACT","n/a","n/a","n/a","n/a","NEW-IN-NEO","n/a","5/14","EXACT","P3","all 14 named facts that the data answers are rendered on the NEO page"
"MC85","PP","light","/tcode/MC85/","/neo/transactions/MC85/","yes","yes","EXACT","EXACT","EXACT","EXACT","n/a","EXACT","n/a","EXACT","n/a","n/a","n/a","n/a","NEW-IN-NEO","n/a","5/14","EXACT","P3","all 14 named facts that the data answers are rendered on the NEO page"
"MC86","PP","light","/tcode/MC86/","/neo/transactions/MC86/","yes","yes","EXACT","EXACT","EXACT","EXACT","n/a","EXACT","n/a","EXACT","n/a","n/a","n/a","n/a","NEW-IN-NEO","n/a","5/14","EXACT","P3","all 14 named facts that the data answers are rendered on the NEO page"
"MC87","PP","light","/tcode/MC87/","/neo/transactions/MC87/","yes","yes","EXACT","EXACT","EXACT","EXACT","n/a","EXACT","n/a","EXACT","n/a","n/a","n/a","n/a","NEW-IN-NEO","n/a","5/14","EXACT","P3","all 14 named facts that the data answers are rendered on the NEO page"
"MC88","PP","light","/tcode/MC88/","/neo/transactions/MC88/","yes","yes","EXACT","EXACT","EXACT","EXACT","n/a","EXACT","n/a","EXACT","n/a","n/a","n/a","n/a","NEW-IN-NEO","n/a","5/14","EXACT","P3","all 14 named facts that the data answers are rendered on the NEO page"
"MC89","PP","light","/tcode/MC89/","/neo/transactions/MC89/","yes","yes","EXACT","EXACT","EXACT","EXACT","n/a","EXACT","n/a","EXACT","n/a","n/a","n/a","n/a","NEW-IN-NEO","n/a","5/14","EXACT","P3","all 14 named facts that the data answers are rendered on the NEO page"
"MC90","PP","light","/tcode/MC90/","/neo/transactions/MC90/","yes","yes","EXACT","EXACT","EXACT","EXACT","n/a","EXACT","n/a","EXACT","n/a","n/a","n/a","n/a","NEW-IN-NEO","n/a","5/14","EXACT","P3","all 14 named facts that the data answers are rendered on the NEO page"
"MC93","PP","light","/tcode/MC93/","/neo/transactions/MC93/","yes","yes","EXACT","EXACT","EXACT","EXACT","n/a","EXACT","n/a","EXACT","n/a","n/a","n/a","n/a","NEW-IN-NEO","n/a","5/14","EXACT","P3","all 14 named facts that the data answers are rendered on the NEO page"
"MC94","PP","light","/tcode/MC94/","/neo/transactions/MC94/","yes","yes","EXACT","EXACT","EXACT","EXACT","n/a","EXACT","n/a","EXACT","n/a","n/a","n/a","n/a","NEW-IN-NEO","n/a","5/14","EXACT","P3","all 14 named facts that the data answers are rendered on the NEO page"
"MC95","PP","light","/tcode/MC95/","/neo/transactions/MC95/","yes","yes","EXACT","EXACT","EXACT","EXACT","n/a","EXACT","n/a","EXACT","n/a","n/a","n/a","n/a","NEW-IN-NEO","n/a","5/14","EXACT","P3","all 14 named facts that the data answers are rendered on the NEO page"
"MCBA","MM","light","/tcode/MCBA/","/neo/transactions/MCBA/","yes","yes","EXACT","EXACT","EXACT","EXACT","n/a","EXACT","n/a","EXACT","n/a","n/a","n/a","n/a","NEW-IN-NEO","EXACT","5/14","EXACT","P3","all 14 named facts that the data answers are rendered on the NEO page"
"MCI1","PM","deep","/tcode/MCI1/","/neo/transactions/MCI1/","yes","yes","EXACT","EXACT","EXACT","EXACT","EXACT","EXACT","EXACT","EXACT","n/a","EXACT","n/a","n/a","EXACT","EXACT","12/14","TRANSFORMED","P2","14 named facts intact; NEO's TxDetail model does not carry: beginner · consultant · bestPractices · ossKeywords · interview · businessExample · techExample · debugSteps · perfNotes · prodTips"
"MCI2","PM","deep","/tcode/MCI2/","/neo/transactions/MCI2/","yes","yes","EXACT","EXACT","EXACT","EXACT","EXACT","EXACT","EXACT","EXACT","n/a","EXACT","n/a","n/a","EXACT","EXACT","12/14","TRANSFORMED","P2","14 named facts intact; NEO's TxDetail model does not carry: beginner · consultant · bestPractices · ossKeywords · interview · businessExample · techExample · debugSteps · perfNotes · prodTips"
"MCI3","PM","deep","/tcode/MCI3/","/neo/transactions/MCI3/","yes","yes","EXACT","EXACT","EXACT","EXACT","EXACT","EXACT","EXACT","EXACT","n/a","EXACT","n/a","n/a","EXACT","EXACT","11/14","TRANSFORMED","P2","14 named facts intact; NEO's TxDetail model does not carry: beginner · consultant · bestPractices · ossKeywords · interview · businessExample · techExample · debugSteps · perfNotes · prodTips"
"MCI4","PM","deep","/tcode/MCI4/","/neo/transactions/MCI4/","yes","yes","EXACT","EXACT","EXACT","EXACT","EXACT","EXACT","EXACT","EXACT","n/a","EXACT","n/a","n/a","EXACT","EXACT","11/14","TRANSFORMED","P2","14 named facts intact; NEO's TxDetail model does not carry: beginner · consultant · bestPractices · ossKeywords · interview · businessExample · techExample · debugSteps · perfNotes · prodTips"
"MCI5","PM","deep","/tcode/MCI5/","/neo/transactions/MCI5/","yes","yes","EXACT","EXACT","EXACT","EXACT","EXACT","EXACT","EXACT","EXACT","n/a","EXACT","n/a","n/a","EXACT","EXACT","11/14","TRANSFORMED","P2","14 named facts intact; NEO's TxDetail model does not carry: beginner · consultant · bestPractices · ossKeywords · interview · businessExample · techExample · debugSteps · perfNotes · prodTips"
"MCI6","PM","light","/tcode/MCI6/","/neo/transactions/MCI6/","yes","yes","EXACT","EXACT","EXACT","EXACT","n/a","EXACT","n/a","EXACT","n/a","n/a","n/a","n/a","NEW-IN-NEO","EXACT","5/14","EXACT","P3","all 14 named facts that the data answers are rendered on the NEO page"
"MCI7","PM","deep","/tcode/MCI7/","/neo/transactions/MCI7/","yes","yes","EXACT","EXACT","EXACT","EXACT","EXACT","EXACT","EXACT","EXACT","n/a","EXACT","n/a","n/a","EXACT","EXACT","12/14","TRANSFORMED","P2","14 named facts intact; NEO's TxDetail model does not carry: beginner · consultant · bestPractices · certTips · ossKeywords · interview · businessExample · techExample · debugSteps · perfNotes · prodTips"
"MCI8","PM","deep","/tcode/MCI8/","/neo/transactions/MCI8/","yes","yes","EXACT","EXACT","EXACT","EXACT","EXACT","EXACT","EXACT","EXACT","n/a","EXACT","n/a","n/a","EXACT","EXACT","12/14","TRANSFORMED","P2","14 named facts intact; NEO's TxDetail model does not carry: beginner · consultant · bestPractices · certTips · ossKeywords · interview · businessExample · techExample · debugSteps · perfNotes · prodTips"
"MCRP","PP","light","/tcode/MCRP/","/neo/transactions/MCRP/","yes","yes","EXACT","EXACT","EXACT","EXACT","n/a","EXACT","n/a","EXACT","n/a","n/a","n/a","n/a","n/a","EXACT","4/14","EXACT","P3","all 14 named facts that the data answers are rendered on the NEO page"
"MCVA","QM","light","/tcode/MCVA/","/neo/transactions/MCVA/","yes","yes","EXACT","EXACT","EXACT","EXACT","n/a","EXACT","NEW-IN-NEO","EXACT","n/a","n/a","n/a","n/a","NEW-IN-NEO","EXACT","6/14","EXACT","P3","all 14 named facts that the data answers are rendered on the NEO page"
"MCXA","QM","light","/tcode/MCXA/","/neo/transactions/MCXA/","yes","yes","EXACT","EXACT","EXACT","EXACT","n/a","EXACT","n/a","EXACT","n/a","n/a","n/a","n/a","NEW-IN-NEO","EXACT","5/14","EXACT","P3","all 14 named facts that the data answers are rendered on the NEO page"
"MCXB","QM","light","/tcode/MCXB/","/neo/transactions/MCXB/","yes","yes","EXACT","EXACT","EXACT","EXACT","n/a","EXACT","n/a","EXACT","n/a","n/a","n/a","n/a","NEW-IN-NEO","EXACT","5/14","EXACT","P3","all 14 named facts that the data answers are rendered on the NEO page"
"MCXC","QM","light","/tcode/MCXC/","/neo/transactions/MCXC/","yes","yes","EXACT","EXACT","EXACT","EXACT","n/a","EXACT","n/a","EXACT","n/a","n/a","n/a","n/a","NEW-IN-NEO","EXACT","5/14","EXACT","P3","all 14 named facts that the data answers are rendered on the NEO page"
"MCXX","QM","light","/tcode/MCXX/","/neo/transactions/MCXX/","yes","yes","EXACT","EXACT","EXACT","EXACT","n/a","EXACT","NEW-IN-NEO","EXACT","n/a","n/a","n/a","n/a","NEW-IN-NEO","EXACT","6/14","EXACT","P3","all 14 named facts that the data answers are rendered on the NEO page"
"MD01","PP","deep","/tcode/MD01/","/neo/transactions/MD01/","yes","yes","EXACT","EXACT","EXACT","EXACT","EXACT","EXACT","EXACT","EXACT","EXACT","EXACT","n/a","EXACT","EXACT","EXACT","14/14","TRANSFORMED","P2","14 named facts intact; NEO's TxDetail model does not carry: beginner · consultant · bestPractices · ossKeywords · interview · businessExample · techExample · debugSteps · perfNotes · prodTips · eccS4.replaced · eccS4.deprecated · eccS4.simplification · authored.input · authored.output · authored.qa"
"MD01N","PP","deep","/tcode/MD01N/","/neo/transactions/MD01N/","yes","yes","EXACT","EXACT","EXACT","n/a","EXACT","EXACT","EXACT","EXACT","EXACT","EXACT","n/a","n/a","EXACT","EXACT","12/14","TRANSFORMED","P2","14 named facts intact; NEO's TxDetail model does not carry: beginner · consultant · bestPractices · ossKeywords · interview · businessExample · techExample · debugSteps · perfNotes · prodTips · eccS4.replaced · eccS4.simplification · authored.input · authored.output · authored.qa"
"MD02","PP","deep","/tcode/MD02/","/neo/transactions/MD02/","yes","yes","EXACT","EXACT","EXACT","EXACT","EXACT","EXACT","EXACT","EXACT","n/a","EXACT","n/a","n/a","EXACT","EXACT","11/14","TRANSFORMED","P2","14 named facts intact; NEO's TxDetail model does not carry: beginner · consultant · bestPractices · ossKeywords · interview · businessExample · techExample · debugSteps · perfNotes · prodTips"
"MD03","PP","deep","/tcode/MD03/","/neo/transactions/MD03/","yes","yes","EXACT","EXACT","EXACT","EXACT","EXACT","EXACT","EXACT","EXACT","n/a","EXACT","n/a","n/a","EXACT","EXACT","11/14","TRANSFORMED","P2","14 named facts intact; NEO's TxDetail model does not carry: beginner · consultant · bestPractices · ossKeywords · interview · businessExample · techExample · debugSteps · perfNotes · prodTips"
"MD04","PP","deep","/tcode/MD04/","/neo/transactions/MD04/","yes","yes","EXACT","EXACT","EXACT","EXACT","EXACT","EXACT","EXACT","EXACT","EXACT","EXACT","n/a","EXACT","EXACT","EXACT","14/14","TRANSFORMED","P2","14 named facts intact; NEO's TxDetail model does not carry: beginner · consultant · bestPractices · ossKeywords · interview · businessExample · techExample · debugSteps · perfNotes · prodTips · authored.input · authored.output · authored.qa"
"MD05","PP","deep","/tcode/MD05/","/neo/transactions/MD05/","yes","yes","EXACT","EXACT","EXACT","EXACT","EXACT","EXACT","EXACT","EXACT","EXACT","EXACT","n/a","n/a","EXACT","EXACT","13/14","TRANSFORMED","P2","14 named facts intact; NEO's TxDetail model does not carry: beginner · consultant · bestPractices · ossKeywords · interview · businessExample · techExample · debugSteps · perfNotes · prodTips · eccS4.deprecated · authored.input · authored.output · authored.qa"
"MD06","PP","deep","/tcode/MD06/","/neo/transactions/MD06/","yes","yes","EXACT","EXACT","EXACT","EXACT","EXACT","EXACT","EXACT","EXACT","n/a","EXACT","n/a","n/a","EXACT","EXACT","11/14","TRANSFORMED","P2","14 named facts intact; NEO's TxDetail model does not carry: beginner · consultant · bestPractices · ossKeywords · interview · businessExample · techExample · debugSteps · perfNotes · prodTips"
"MD07","PP","deep","/tcode/MD07/","/neo/transactions/MD07/","yes","yes","EXACT","EXACT","EXACT","EXACT","EXACT","EXACT","EXACT","EXACT","EXACT","EXACT","n/a","n/a","EXACT","EXACT","12/14","TRANSFORMED","P2","14 named facts intact; NEO's TxDetail model does not carry: beginner · consultant · bestPractices · ossKeywords · interview · businessExample · techExample · debugSteps · perfNotes · prodTips"
"MD11","PP","deep","/tcode/MD11/","/neo/transactions/MD11/","yes","yes","EXACT","EXACT","EXACT","EXACT","EXACT","EXACT","EXACT","EXACT","n/a","EXACT","n/a","EXACT","EXACT","EXACT","13/14","TRANSFORMED","P2","14 named facts intact; NEO's TxDetail model does not carry: beginner · consultant · bestPractices · ossKeywords · interview · businessExample · techExample · debugSteps · perfNotes · prodTips"
"MD12","PP","deep","/tcode/MD12/","/neo/transactions/MD12/","yes","yes","EXACT","EXACT","EXACT","EXACT","EXACT","EXACT","EXACT","EXACT","n/a","EXACT","n/a","EXACT","EXACT","EXACT","13/14","TRANSFORMED","P2","14 named facts intact; NEO's TxDetail model does not carry: beginner · consultant · bestPractices · ossKeywords · interview · businessExample · techExample · debugSteps · perfNotes · prodTips"
"MD13","PP","deep","/tcode/MD13/","/neo/transactions/MD13/","yes","yes","EXACT","EXACT","EXACT","EXACT","EXACT","EXACT","EXACT","EXACT","n/a","EXACT","n/a","EXACT","EXACT","EXACT","13/14","TRANSFORMED","P2","14 named facts intact; NEO's TxDetail model does not carry: beginner · consultant · bestPractices · ossKeywords · interview · businessExample · techExample · debugSteps · perfNotes · prodTips"
"MD14","PP","light","/tcode/MD14/","/neo/transactions/MD14/","yes","yes","EXACT","EXACT","EXACT","EXACT","n/a","EXACT","NEW-IN-NEO","EXACT","n/a","n/a","n/a","n/a","NEW-IN-NEO","EXACT","6/14","EXACT","P3","all 14 named facts that the data answers are rendered on the NEO page"
"MD15","PP","light","/tcode/MD15/","/neo/transactions/MD15/","yes","yes","EXACT","EXACT","EXACT","EXACT","n/a","EXACT","NEW-IN-NEO","EXACT","n/a","n/a","n/a","n/a","NEW-IN-NEO","EXACT","6/14","EXACT","P3","all 14 named facts that the data answers are rendered on the NEO page"
"MD16","PP","deep","/tcode/MD16/","/neo/transactions/MD16/","yes","yes","EXACT","EXACT","EXACT","EXACT","EXACT","EXACT","EXACT","EXACT","n/a","EXACT","n/a","EXACT","EXACT","EXACT","13/14","TRANSFORMED","P2","14 named facts intact; NEO's TxDetail model does not carry: beginner · consultant · bestPractices · ossKeywords · interview · businessExample · techExample · debugSteps · perfNotes · prodTips"
"MD20","PP","deep","/tcode/MD20/","/neo/transactions/MD20/","yes","yes","EXACT","EXACT","EXACT","EXACT","EXACT","EXACT","EXACT","EXACT","n/a","EXACT","n/a","n/a","EXACT","EXACT","11/14","TRANSFORMED","P2","14 named facts intact; NEO's TxDetail model does not carry: beginner · consultant · bestPractices · ossKeywords · interview · businessExample · techExample · debugSteps · perfNotes · prodTips"
"MD20BT","PP","light","/tcode/MD20BT/","/neo/transactions/MD20BT/","yes","yes","EXACT","EXACT","EXACT","EXACT","n/a","EXACT","n/a","EXACT","n/a","n/a","n/a","n/a","NEW-IN-NEO","EXACT","5/14","EXACT","P3","all 14 named facts that the data answers are rendered on the NEO page"
"MD21","PP","deep","/tcode/MD21/","/neo/transactions/MD21/","yes","yes","EXACT","EXACT","EXACT","EXACT","EXACT","EXACT","EXACT","EXACT","n/a","EXACT","n/a","n/a","EXACT","EXACT","11/14","TRANSFORMED","P2","14 named facts intact; NEO's TxDetail model does not carry: beginner · consultant · bestPractices · ossKeywords · interview · businessExample · techExample · debugSteps · perfNotes · prodTips"
"MD25","PP","deep","/tcode/MD25/","/neo/transactions/MD25/","yes","yes","EXACT","EXACT","EXACT","EXACT","EXACT","EXACT","EXACT","EXACT","n/a","EXACT","n/a","n/a","EXACT","EXACT","12/14","TRANSFORMED","P2","14 named facts intact; NEO's TxDetail model does not carry: beginner · consultant · bestPractices · ossKeywords · interview · businessExample · techExample · debugSteps · perfNotes · prodTips"
"MD41","PP","light","/tcode/MD41/","/neo/transactions/MD41/","yes","yes","EXACT","EXACT","EXACT","n/a","n/a","EXACT","n/a","EXACT","n/a","n/a","n/a","n/a","n/a","n/a","3/14","EXACT","P3","all 14 named facts that the data answers are rendered on the NEO page"
"MD43","PP","light","/tcode/MD43/","/neo/transactions/MD43/","yes","yes","EXACT","EXACT","EXACT","EXACT","n/a","EXACT","n/a","EXACT","n/a","n/a","n/a","n/a","NEW-IN-NEO","EXACT","5/14","EXACT","P3","all 14 named facts that the data answers are rendered on the NEO page"
"MD44","PP","light","/tcode/MD44/","/neo/transactions/MD44/","yes","yes","EXACT","EXACT","EXACT","EXACT","n/a","EXACT","n/a","EXACT","n/a","n/a","n/a","n/a","NEW-IN-NEO","EXACT","5/14","EXACT","P3","all 14 named facts that the data answers are rendered on the NEO page"
"MD45","PP","light","/tcode/MD45/","/neo/transactions/MD45/","yes","yes","EXACT","EXACT","EXACT","EXACT","n/a","EXACT","n/a","EXACT","n/a","n/a","n/a","n/a","NEW-IN-NEO","EXACT","5/14","EXACT","P3","all 14 named facts that the data answers are rendered on the NEO page"
"MD46","PP","light","/tcode/MD46/","/neo/transactions/MD46/","yes","yes","EXACT","EXACT","EXACT","EXACT","n/a","EXACT","n/a","EXACT","n/a","n/a","n/a","n/a","NEW-IN-NEO","EXACT","5/14","EXACT","P3","all 14 named facts that the data answers are rendered on the NEO page"
"MD47","PP","light","/tcode/MD47/","/neo/transactions/MD47/","yes","yes","EXACT","EXACT","EXACT","EXACT","n/a","EXACT","n/a","EXACT","n/a","n/a","n/a","n/a","NEW-IN-NEO","EXACT","5/14","EXACT","P3","all 14 named facts that the data answers are rendered on the NEO page"
"MD48","PP","light","/tcode/MD48/","/neo/transactions/MD48/","yes","yes","EXACT","EXACT","EXACT","EXACT","n/a","EXACT","n/a","EXACT","n/a","n/a","n/a","n/a","NEW-IN-NEO","EXACT","5/14","EXACT","P3","all 14 named facts that the data answers are rendered on the NEO page"
"MD50","PP","deep","/tcode/MD50/","/neo/transactions/MD50/","yes","yes","EXACT","EXACT","EXACT","EXACT","EXACT","EXACT","EXACT","EXACT","n/a","EXACT","n/a","n/a","EXACT","EXACT","12/14","TRANSFORMED","P2","14 named facts intact; NEO's TxDetail model does not carry: beginner · consultant · bestPractices · ossKeywords · interview · businessExample · techExample · debugSteps · perfNotes · prodTips"
"MD51","PP","deep","/tcode/MD51/","/neo/transactions/MD51/","yes","yes","EXACT","EXACT","EXACT","EXACT","EXACT","EXACT","EXACT","EXACT","n/a","EXACT","n/a","n/a","EXACT","EXACT","12/14","TRANSFORMED","P2","14 named facts intact; NEO's TxDetail model does not carry: beginner · consultant · bestPractices · ossKeywords · interview · businessExample · techExample · debugSteps · perfNotes · prodTips"
"MD61","PP","deep","/tcode/MD61/","/neo/transactions/MD61/","yes","yes","EXACT","EXACT","EXACT","EXACT","EXACT","EXACT","EXACT","EXACT","EXACT","EXACT","n/a","EXACT","EXACT","EXACT","14/14","TRANSFORMED","P2","14 named facts intact; NEO's TxDetail model does not carry: beginner · consultant · bestPractices · ossKeywords · interview · businessExample · techExample · debugSteps · perfNotes · prodTips · authored.input · authored.output · authored.qa"
"MD62","PP","deep","/tcode/MD62/","/neo/transactions/MD62/","yes","yes","EXACT","EXACT","EXACT","EXACT","EXACT","EXACT","EXACT","EXACT","EXACT","EXACT","n/a","EXACT","EXACT","EXACT","13/14","TRANSFORMED","P2","14 named facts intact; NEO's TxDetail model does not carry: beginner · consultant · bestPractices · ossKeywords · interview · businessExample · techExample · debugSteps · perfNotes · prodTips"
"MD63","PP","deep","/tcode/MD63/","/neo/transactions/MD63/","yes","yes","EXACT","EXACT","EXACT","EXACT","EXACT","EXACT","EXACT","EXACT","n/a","EXACT","n/a","EXACT","EXACT","EXACT","12/14","TRANSFORMED","P2","14 named facts intact; NEO's TxDetail model does not carry: beginner · consultant · bestPractices · ossKeywords · interview · businessExample · techExample · debugSteps · perfNotes · prodTips"
"MD64","PP","light","/tcode/MD64/","/neo/transactions/MD64/","yes","yes","EXACT","EXACT","EXACT","EXACT","n/a","EXACT","n/a","EXACT","n/a","n/a","n/a","n/a","NEW-IN-NEO","EXACT","5/14","EXACT","P3","all 14 named facts that the data answers are rendered on the NEO page"
"MD73","PP","light","/tcode/MD73/","/neo/transactions/MD73/","yes","yes","EXACT","EXACT","EXACT","EXACT","n/a","EXACT","n/a","EXACT","n/a","n/a","n/a","n/a","NEW-IN-NEO","EXACT","5/14","EXACT","P3","all 14 named facts that the data answers are rendered on the NEO page"
"MD74","PP","light","/tcode/MD74/","/neo/transactions/MD74/","yes","yes","EXACT","EXACT","EXACT","EXACT","n/a","EXACT","n/a","EXACT","n/a","n/a","n/a","n/a","NEW-IN-NEO","EXACT","5/14","EXACT","P3","all 14 named facts that the data answers are rendered on the NEO page"
"MD75","PP","light","/tcode/MD75/","/neo/transactions/MD75/","yes","yes","EXACT","EXACT","EXACT","EXACT","n/a","EXACT","n/a","EXACT","n/a","n/a","n/a","n/a","NEW-IN-NEO","EXACT","5/14","EXACT","P3","all 14 named facts that the data answers are rendered on the NEO page"
"MD76","PP","light","/tcode/MD76/","/neo/transactions/MD76/","yes","yes","EXACT","EXACT","EXACT","EXACT","n/a","EXACT","n/a","EXACT","n/a","n/a","n/a","n/a","NEW-IN-NEO","EXACT","5/14","EXACT","P3","all 14 named facts that the data answers are rendered on the NEO page"
"MD81","PP","deep","/tcode/MD81/","/neo/transactions/MD81/","yes","yes","EXACT","EXACT","EXACT","n/a","EXACT","EXACT","EXACT","EXACT","n/a","EXACT","n/a","n/a","EXACT","EXACT","11/14","TRANSFORMED","P2","14 named facts intact; NEO's TxDetail model does not carry: beginner · consultant · bestPractices · ossKeywords · interview · businessExample · techExample · debugSteps · perfNotes · prodTips"
"MDAB","PP","light","/tcode/MDAB/","/neo/transactions/MDAB/","yes","yes","EXACT","EXACT","EXACT","EXACT","n/a","EXACT","n/a","EXACT","n/a","n/a","n/a","n/a","n/a","EXACT","5/14","EXACT","P3","all 14 named facts that the data answers are rendered on the NEO page"
"MDAC","PP","light","/tcode/MDAC/","/neo/transactions/MDAC/","yes","yes","EXACT","EXACT","EXACT","EXACT","n/a","EXACT","NEW-IN-NEO","EXACT","n/a","n/a","n/a","n/a","NEW-IN-NEO","EXACT","6/14","EXACT","P3","all 14 named facts that the data answers are rendered on the NEO page"
"MDBT","PP","deep","/tcode/MDBT/","/neo/transactions/MDBT/","yes","yes","EXACT","EXACT","EXACT","EXACT","EXACT","EXACT","EXACT","EXACT","EXACT","EXACT","n/a","n/a","EXACT","EXACT","12/14","TRANSFORMED","P2","14 named facts intact; NEO's TxDetail model does not carry: beginner · consultant · bestPractices · ossKeywords · interview · businessExample · techExample · debugSteps · perfNotes · prodTips"
"MDLD","PP","light","/tcode/MDLD/","/neo/transactions/MDLD/","yes","yes","EXACT","EXACT","EXACT","EXACT","n/a","EXACT","n/a","EXACT","n/a","n/a","n/a","n/a","NEW-IN-NEO","EXACT","5/14","EXACT","P3","all 14 named facts that the data answers are rendered on the NEO page"
"MDUM","PP","light","/tcode/MDUM/","/neo/transactions/MDUM/","yes","yes","EXACT","EXACT","EXACT","EXACT","n/a","EXACT","NEW-IN-NEO","EXACT","n/a","n/a","n/a","n/a","NEW-IN-NEO","EXACT","6/14","EXACT","P3","all 14 named facts that the data answers are rendered on the NEO page"
"MDVP","PP","light","/tcode/MDVP/","/neo/transactions/MDVP/","yes","yes","EXACT","EXACT","EXACT","EXACT","n/a","EXACT","n/a","EXACT","n/a","n/a","n/a","n/a","NEW-IN-NEO","EXACT","5/14","EXACT","P3","all 14 named facts that the data answers are rendered on the NEO page"
"ME01","MM","light","/tcode/ME01/","/neo/transactions/ME01/","yes","yes","EXACT","EXACT","EXACT","EXACT","n/a","EXACT","n/a","EXACT","n/a","n/a","n/a","n/a","EXACT","EXACT","5/14","EXACT","P3","all 14 named facts that the data answers are rendered on the NEO page"
"ME03","MM","light","/tcode/ME03/","/neo/transactions/ME03/","yes","yes","EXACT","EXACT","EXACT","EXACT","n/a","EXACT","n/a","EXACT","n/a","n/a","n/a","n/a","NEW-IN-NEO","EXACT","5/14","EXACT","P3","all 14 named facts that the data answers are rendered on the NEO page"
"ME05","MM","light","/tcode/ME05/","/neo/transactions/ME05/","yes","yes","EXACT","EXACT","EXACT","EXACT","n/a","EXACT","n/a","EXACT","n/a","n/a","n/a","n/a","NEW-IN-NEO","EXACT","5/14","EXACT","P3","all 14 named facts that the data answers are rendered on the NEO page"
"ME0M","MM","light","/tcode/ME0M/","/neo/transactions/ME0M/","yes","yes","EXACT","EXACT","EXACT","EXACT","n/a","EXACT","n/a","EXACT","n/a","n/a","n/a","n/a","NEW-IN-NEO","EXACT","5/14","EXACT","P3","all 14 named facts that the data answers are rendered on the NEO page"
"ME11","MM","deep","/tcode/ME11/","/neo/transactions/ME11/","yes","yes","EXACT","EXACT","EXACT","EXACT","EXACT","EXACT","EXACT","EXACT","EXACT","EXACT","n/a","EXACT","EXACT","EXACT","12/14","TRANSFORMED","P2","14 named facts intact; NEO's TxDetail model does not carry: beginner · consultant · bestPractices · ossKeywords · interview"
"ME12","MM","light","/tcode/ME12/","/neo/transactions/ME12/","yes","yes","EXACT","EXACT","EXACT","EXACT","n/a","EXACT","n/a","EXACT","n/a","n/a","n/a","n/a","EXACT","n/a","5/14","EXACT","P3","all 14 named facts that the data answers are rendered on the NEO page"
"ME13","MM","light","/tcode/ME13/","/neo/transactions/ME13/","yes","yes","EXACT","EXACT","EXACT","EXACT","n/a","EXACT","n/a","EXACT","n/a","n/a","n/a","n/a","EXACT","n/a","5/14","EXACT","P3","all 14 named facts that the data answers are rendered on the NEO page"
"ME14","MM","light","/tcode/ME14/","/neo/transactions/ME14/","yes","yes","EXACT","EXACT","EXACT","EXACT","n/a","EXACT","n/a","EXACT","n/a","n/a","n/a","n/a","NEW-IN-NEO","n/a","5/14","EXACT","P3","all 14 named facts that the data answers are rendered on the NEO page"
"ME15","MM","light","/tcode/ME15/","/neo/transactions/ME15/","yes","yes","EXACT","EXACT","EXACT","EXACT","n/a","EXACT","n/a","EXACT","n/a","n/a","n/a","n/a","NEW-IN-NEO","n/a","5/14","EXACT","P3","all 14 named facts that the data answers are rendered on the NEO page"
"ME1L","MM","light","/tcode/ME1L/","/neo/transactions/ME1L/","yes","yes","EXACT","EXACT","EXACT","EXACT","n/a","EXACT","n/a","EXACT","n/a","n/a","n/a","n/a","NEW-IN-NEO","n/a","5/14","EXACT","P3","all 14 named facts that the data answers are rendered on the NEO page"
"ME1M","MM","light","/tcode/ME1M/","/neo/transactions/ME1M/","yes","yes","EXACT","EXACT","EXACT","EXACT","n/a","EXACT","n/a","EXACT","n/a","n/a","n/a","n/a","NEW-IN-NEO","n/a","5/14","EXACT","P3","all 14 named facts that the data answers are rendered on the NEO page"
"ME21","MM","light","/tcode/ME21/","/neo/transactions/ME21/","yes","yes","EXACT","EXACT","EXACT","EXACT","n/a","EXACT","NEW-IN-NEO","EXACT","n/a","NEW-IN-NEO","n/a","n/a","NEW-IN-NEO","EXACT","8/14","EXACT","P3","all 14 named facts that the data answers are rendered on the NEO page"
"ME21N","MM","deep","/tcode/ME21N/","/neo/transactions/ME21N/","yes","yes","EXACT","EXACT","EXACT","EXACT","EXACT","EXACT","EXACT","EXACT","EXACT","EXACT","n/a","EXACT","EXACT","EXACT","14/14","TRANSFORMED","P2","14 named facts intact; NEO's TxDetail model does not carry: beginner · consultant · bestPractices · ossKeywords · interview"
"ME22","MM","light","/tcode/ME22/","/neo/transactions/ME22/","yes","yes","EXACT","EXACT","EXACT","EXACT","n/a","EXACT","NEW-IN-NEO","EXACT","n/a","NEW-IN-NEO","n/a","n/a","NEW-IN-NEO","EXACT","8/14","EXACT","P3","all 14 named facts that the data answers are rendered on the NEO page"
"ME22N","MM","deep","/tcode/ME22N/","/neo/transactions/ME22N/","yes","yes","EXACT","EXACT","EXACT","EXACT","EXACT","EXACT","EXACT","EXACT","EXACT","EXACT","n/a","EXACT","EXACT","EXACT","14/14","TRANSFORMED","P2","14 named facts intact; NEO's TxDetail model does not carry: beginner · consultant · bestPractices · ossKeywords · interview"
"ME23","MM","light","/tcode/ME23/","/neo/transactions/ME23/","yes","yes","EXACT","EXACT","EXACT","EXACT","n/a","EXACT","NEW-IN-NEO","EXACT","n/a","NEW-IN-NEO","n/a","n/a","NEW-IN-NEO","EXACT","8/14","EXACT","P3","all 14 named facts that the data answers are rendered on the NEO page"
"ME23N","MM","deep","/tcode/ME23N/","/neo/transactions/ME23N/","yes","yes","EXACT","EXACT","EXACT","EXACT","EXACT","EXACT","EXACT","EXACT","EXACT","EXACT","n/a","EXACT","EXACT","EXACT","14/14","TRANSFORMED","P2","14 named facts intact; NEO's TxDetail model does not carry: beginner · consultant · bestPractices · ossKeywords · interview"
"ME24","MM","deep","/tcode/ME24/","/neo/transactions/ME24/","yes","yes","EXACT","EXACT","EXACT","n/a","EXACT","EXACT","EXACT","EXACT","n/a","EXACT","n/a","EXACT","EXACT","EXACT","11/14","TRANSFORMED","P2","14 named facts intact; NEO's TxDetail model does not carry: beginner · consultant · bestPractices · ossKeywords · interview"
"ME25","MM","deep","/tcode/ME25/","/neo/transactions/ME25/","yes","yes","EXACT","EXACT","EXACT","n/a","EXACT","EXACT","EXACT","EXACT","n/a","EXACT","n/a","EXACT","EXACT","EXACT","11/14","TRANSFORMED","P2","14 named facts intact; NEO's TxDetail model does not carry: beginner · consultant · bestPractices · ossKeywords · interview"
"ME27","MM","deep","/tcode/ME27/","/neo/transactions/ME27/","yes","yes","EXACT","EXACT","EXACT","n/a","EXACT","EXACT","EXACT","EXACT","n/a","EXACT","n/a","EXACT","EXACT","EXACT","11/14","TRANSFORMED","P2","14 named facts intact; NEO's TxDetail model does not carry: beginner · consultant · bestPractices · ossKeywords · interview"
"ME28","MM","deep","/tcode/ME28/","/neo/transactions/ME28/","yes","yes","EXACT","EXACT","EXACT","EXACT","EXACT","EXACT","EXACT","EXACT","EXACT","EXACT","n/a","EXACT","EXACT","EXACT","13/14","TRANSFORMED","P2","14 named facts intact; NEO's TxDetail model does not carry: beginner · consultant · bestPractices · ossKeywords · interview"
"ME29N","MM","deep","/tcode/ME29N/","/neo/transactions/ME29N/","yes","yes","EXACT","EXACT","EXACT","EXACT","EXACT","EXACT","EXACT","EXACT","EXACT","EXACT","n/a","EXACT","EXACT","EXACT","13/14","TRANSFORMED","P2","14 named facts intact; NEO's TxDetail model does not carry: beginner · consultant · bestPractices · ossKeywords · interview"
"ME2C","MM","light","/tcode/ME2C/","/neo/transactions/ME2C/","yes","yes","EXACT","EXACT","EXACT","EXACT","n/a","EXACT","NEW-IN-NEO","EXACT","n/a","n/a","n/a","n/a","NEW-IN-NEO","EXACT","6/14","EXACT","P3","all 14 named facts that the data answers are rendered on the NEO page"
"ME2J","MM","light","/tcode/ME2J/","/neo/transactions/ME2J/","yes","yes","EXACT","EXACT","EXACT","EXACT","n/a","EXACT","NEW-IN-NEO","EXACT","n/a","n/a","n/a","n/a","NEW-IN-NEO","EXACT","6/14","EXACT","P3","all 14 named facts that the data answers are rendered on the NEO page"
"ME2K","MM","light","/tcode/ME2K/","/neo/transactions/ME2K/","yes","yes","EXACT","EXACT","EXACT","EXACT","n/a","EXACT","NEW-IN-NEO","EXACT","n/a","n/a","n/a","n/a","NEW-IN-NEO","EXACT","6/14","EXACT","P3","all 14 named facts that the data answers are rendered on the NEO page"
"ME2L","MM","light","/tcode/ME2L/","/neo/transactions/ME2L/","yes","yes","EXACT","EXACT","EXACT","EXACT","n/a","EXACT","NEW-IN-NEO","EXACT","n/a","n/a","n/a","n/a","NEW-IN-NEO","EXACT","6/14","EXACT","P3","all 14 named facts that the data answers are rendered on the NEO page"
"ME2M","MM","light","/tcode/ME2M/","/neo/transactions/ME2M/","yes","yes","EXACT","EXACT","EXACT","EXACT","n/a","EXACT","NEW-IN-NEO","EXACT","n/a","n/a","n/a","n/a","NEW-IN-NEO","EXACT","6/14","EXACT","P3","all 14 named facts that the data answers are rendered on the NEO page"
"ME2N","MM","light","/tcode/ME2N/","/neo/transactions/ME2N/","yes","yes","EXACT","EXACT","EXACT","EXACT","n/a","EXACT","NEW-IN-NEO","EXACT","n/a","n/a","n/a","n/a","EXACT","EXACT","6/14","EXACT","P3","all 14 named facts that the data answers are rendered on the NEO page"
"ME2O","MM","light","/tcode/ME2O/","/neo/transactions/ME2O/","yes","yes","EXACT","EXACT","EXACT","EXACT","n/a","EXACT","n/a","EXACT","n/a","n/a","n/a","n/a","n/a","EXACT","5/14","EXACT","P3","all 14 named facts that the data answers are rendered on the NEO page"
"ME2S","MM","light","/tcode/ME2S/","/neo/transactions/ME2S/","yes","yes","EXACT","EXACT","EXACT","EXACT","n/a","EXACT","NEW-IN-NEO","EXACT","n/a","n/a","n/a","n/a","NEW-IN-NEO","EXACT","6/14","EXACT","P3","all 14 named facts that the data answers are rendered on the NEO page"
"ME2W","MM","light","/tcode/ME2W/","/neo/transactions/ME2W/","yes","yes","EXACT","EXACT","EXACT","EXACT","n/a","EXACT","NEW-IN-NEO","EXACT","n/a","n/a","n/a","n/a","NEW-IN-NEO","EXACT","6/14","EXACT","P3","all 14 named facts that the data answers are rendered on the NEO page"
"ME31","MM","light","/tcode/ME31/","/neo/transactions/ME31/","yes","yes","EXACT","EXACT","EXACT","EXACT","n/a","EXACT","n/a","EXACT","n/a","NEW-IN-NEO","n/a","n/a","NEW-IN-NEO","n/a","7/14","EXACT","P3","all 14 named facts that the data answers are rendered on the NEO page"
"ME31K","MM","deep","/tcode/ME31K/","/neo/transactions/ME31K/","yes","yes","EXACT","EXACT","EXACT","EXACT","EXACT","EXACT","EXACT","EXACT","EXACT","EXACT","n/a","EXACT","EXACT","EXACT","13/14","TRANSFORMED","P2","14 named facts intact; NEO's TxDetail model does not carry: beginner · consultant · bestPractices · ossKeywords · interview"
"ME31L","MM","light","/tcode/ME31L/","/neo/transactions/ME31L/","yes","yes","EXACT","EXACT","EXACT","EXACT","n/a","EXACT","n/a","EXACT","n/a","n/a","n/a","n/a","NEW-IN-NEO","n/a","5/14","EXACT","P3","all 14 named facts that the data answers are rendered on the NEO page"
"ME32K","MM","deep","/tcode/ME32K/","/neo/transactions/ME32K/","yes","yes","EXACT","EXACT","EXACT","EXACT","EXACT","EXACT","EXACT","EXACT","EXACT","EXACT","n/a","EXACT","EXACT","EXACT","13/14","TRANSFORMED","P2","14 named facts intact; NEO's TxDetail model does not carry: beginner · consultant · bestPractices · ossKeywords · interview"
"ME32L","MM","light","/tcode/ME32L/","/neo/transactions/ME32L/","yes","yes","EXACT","EXACT","EXACT","EXACT","n/a","EXACT","n/a","EXACT","n/a","n/a","n/a","n/a","NEW-IN-NEO","n/a","5/14","EXACT","P3","all 14 named facts that the data answers are rendered on the NEO page"
"ME33K","MM","deep","/tcode/ME33K/","/neo/transactions/ME33K/","yes","yes","EXACT","EXACT","EXACT","EXACT","EXACT","EXACT","EXACT","EXACT","EXACT","EXACT","n/a","EXACT","EXACT","EXACT","13/14","TRANSFORMED","P2","14 named facts intact; NEO's TxDetail model does not carry: beginner · consultant · bestPractices · ossKeywords · interview"
"ME33L","MM","light","/tcode/ME33L/","/neo/transactions/ME33L/","yes","yes","EXACT","EXACT","EXACT","EXACT","n/a","EXACT","n/a","EXACT","n/a","n/a","n/a","n/a","NEW-IN-NEO","n/a","5/14","EXACT","P3","all 14 named facts that the data answers are rendered on the NEO page"
"ME35K","MM","light","/tcode/ME35K/","/neo/transactions/ME35K/","yes","yes","EXACT","EXACT","EXACT","EXACT","n/a","EXACT","n/a","EXACT","n/a","n/a","n/a","n/a","EXACT","EXACT","5/14","EXACT","P3","all 14 named facts that the data answers are rendered on the NEO page"
"ME38","MM","light","/tcode/ME38/","/neo/transactions/ME38/","yes","yes","EXACT","EXACT","EXACT","EXACT","n/a","EXACT","n/a","EXACT","n/a","n/a","n/a","n/a","NEW-IN-NEO","n/a","5/14","EXACT","P3","all 14 named facts that the data answers are rendered on the NEO page"
"ME41","MM","deep","/tcode/ME41/","/neo/transactions/ME41/","yes","yes","EXACT","EXACT","EXACT","EXACT","EXACT","EXACT","EXACT","EXACT","n/a","EXACT","n/a","n/a","EXACT","n/a","10/14","TRANSFORMED","P2","14 named facts intact; NEO's TxDetail model does not carry: beginner · consultant · bestPractices · ossKeywords · interview"
"ME42","MM","deep","/tcode/ME42/","/neo/transactions/ME42/","yes","yes","EXACT","EXACT","EXACT","EXACT","EXACT","EXACT","EXACT","EXACT","n/a","EXACT","n/a","n/a","EXACT","n/a","10/14","TRANSFORMED","P2","14 named facts intact; NEO's TxDetail model does not carry: beginner · consultant · bestPractices · ossKeywords · interview"
"ME43","MM","deep","/tcode/ME43/","/neo/transactions/ME43/","yes","yes","EXACT","EXACT","EXACT","EXACT","EXACT","EXACT","EXACT","EXACT","n/a","EXACT","n/a","n/a","EXACT","n/a","10/14","TRANSFORMED","P2","14 named facts intact; NEO's TxDetail model does not carry: beginner · consultant · bestPractices · ossKeywords · interview"
"ME47","MM","deep","/tcode/ME47/","/neo/transactions/ME47/","yes","yes","EXACT","EXACT","EXACT","EXACT","EXACT","EXACT","EXACT","EXACT","n/a","EXACT","n/a","n/a","EXACT","n/a","10/14","TRANSFORMED","P2","14 named facts intact; NEO's TxDetail model does not carry: beginner · consultant · bestPractices · ossKeywords · interview"
"ME48","MM","deep","/tcode/ME48/","/neo/transactions/ME48/","yes","yes","EXACT","EXACT","EXACT","EXACT","EXACT","EXACT","EXACT","EXACT","n/a","EXACT","n/a","n/a","EXACT","n/a","10/14","TRANSFORMED","P2","14 named facts intact; NEO's TxDetail model does not carry: beginner · consultant · bestPractices · ossKeywords · interview"
"ME49","MM","deep","/tcode/ME49/","/neo/transactions/ME49/","yes","yes","EXACT","EXACT","EXACT","EXACT","EXACT","EXACT","EXACT","EXACT","n/a","EXACT","n/a","n/a","EXACT","EXACT","10/14","TRANSFORMED","P2","14 named facts intact; NEO's TxDetail model does not carry: beginner · consultant · bestPractices · ossKeywords · interview"
"ME51N","MM","deep","/tcode/ME51N/","/neo/transactions/ME51N/","yes","yes","EXACT","EXACT","EXACT","EXACT","EXACT","EXACT","EXACT","EXACT","EXACT","EXACT","n/a","EXACT","EXACT","EXACT","13/14","TRANSFORMED","P2","14 named facts intact; NEO's TxDetail model does not carry: beginner · consultant · bestPractices · ossKeywords · interview"
"ME52N","MM","deep","/tcode/ME52N/","/neo/transactions/ME52N/","yes","yes","EXACT","EXACT","EXACT","EXACT","EXACT","EXACT","EXACT","EXACT","EXACT","EXACT","n/a","EXACT","EXACT","EXACT","13/14","TRANSFORMED","P2","14 named facts intact; NEO's TxDetail model does not carry: beginner · consultant · bestPractices · ossKeywords · interview"
"ME53N","MM","deep","/tcode/ME53N/","/neo/transactions/ME53N/","yes","yes","EXACT","EXACT","EXACT","EXACT","EXACT","EXACT","EXACT","EXACT","EXACT","EXACT","n/a","EXACT","EXACT","EXACT","13/14","TRANSFORMED","P2","14 named facts intact; NEO's TxDetail model does not carry: beginner · consultant · bestPractices · ossKeywords · interview · businessExample · techExample · debugSteps · perfNotes · prodTips"
"ME54N","MM","deep","/tcode/ME54N/","/neo/transactions/ME54N/","yes","yes","EXACT","EXACT","EXACT","EXACT","EXACT","EXACT","EXACT","EXACT","EXACT","EXACT","n/a","EXACT","EXACT","EXACT","12/14","TRANSFORMED","P2","14 named facts intact; NEO's TxDetail model does not carry: beginner · consultant · bestPractices · ossKeywords · interview"
"ME55","MM","deep","/tcode/ME55/","/neo/transactions/ME55/","yes","yes","EXACT","EXACT","EXACT","EXACT","EXACT","EXACT","EXACT","EXACT","n/a","EXACT","n/a","EXACT","EXACT","EXACT","11/14","TRANSFORMED","P2","14 named facts intact; NEO's TxDetail model does not carry: beginner · consultant · bestPractices · certTips · ossKeywords · interview"
"ME56","MM","deep","/tcode/ME56/","/neo/transactions/ME56/","yes","yes","EXACT","EXACT","EXACT","EXACT","EXACT","EXACT","EXACT","EXACT","n/a","EXACT","n/a","n/a","EXACT","EXACT","10/14","TRANSFORMED","P2","14 named facts intact; NEO's TxDetail model does not carry: beginner · consultant · bestPractices · certTips · ossKeywords · interview"
"ME57","MM","deep","/tcode/ME57/","/neo/transactions/ME57/","yes","yes","EXACT","EXACT","EXACT","EXACT","EXACT","EXACT","EXACT","EXACT","EXACT","EXACT","n/a","n/a","EXACT","EXACT","11/14","TRANSFORMED","P2","14 named facts intact; NEO's TxDetail model does not carry: beginner · consultant · bestPractices · ossKeywords · interview"
"ME58","MM","deep","/tcode/ME58/","/neo/transactions/ME58/","yes","yes","EXACT","EXACT","EXACT","EXACT","EXACT","EXACT","EXACT","EXACT","n/a","EXACT","n/a","EXACT","EXACT","EXACT","12/14","TRANSFORMED","P2","14 named facts intact; NEO's TxDetail model does not carry: beginner · consultant · bestPractices · certTips · ossKeywords · interview"
"ME59N","MM","deep","/tcode/ME59N/","/neo/transactions/ME59N/","yes","yes","EXACT","EXACT","EXACT","EXACT","EXACT","EXACT","EXACT","EXACT","n/a","EXACT","n/a","EXACT","EXACT","EXACT","13/14","TRANSFORMED","P2","14 named facts intact; NEO's TxDetail model does not carry: beginner · consultant · bestPractices · ossKeywords · interview"
"ME5A","MM","deep","/tcode/ME5A/","/neo/transactions/ME5A/","yes","yes","EXACT","EXACT","EXACT","EXACT","EXACT","EXACT","EXACT","EXACT","EXACT","EXACT","n/a","n/a","EXACT","EXACT","11/14","TRANSFORMED","P2","14 named facts intact; NEO's TxDetail model does not carry: beginner · consultant · bestPractices · certTips · ossKeywords · interview"
"ME61","MM","light","/tcode/ME61/","/neo/transactions/ME61/","yes","yes","EXACT","EXACT","EXACT","EXACT","n/a","EXACT","n/a","EXACT","n/a","n/a","n/a","n/a","NEW-IN-NEO","n/a","5/14","EXACT","P3","all 14 named facts that the data answers are rendered on the NEO page"
"ME63","MM","light","/tcode/ME63/","/neo/transactions/ME63/","yes","yes","EXACT","EXACT","EXACT","EXACT","n/a","EXACT","n/a","EXACT","n/a","n/a","n/a","n/a","NEW-IN-NEO","n/a","5/14","EXACT","P3","all 14 named facts that the data answers are rendered on the NEO page"
"ME64","MM","light","/tcode/ME64/","/neo/transactions/ME64/","yes","yes","EXACT","EXACT","EXACT","EXACT","n/a","EXACT","n/a","EXACT","n/a","n/a","n/a","n/a","NEW-IN-NEO","n/a","5/14","EXACT","P3","all 14 named facts that the data answers are rendered on the NEO page"
"ME65","MM","light","/tcode/ME65/","/neo/transactions/ME65/","yes","yes","EXACT","EXACT","EXACT","EXACT","n/a","EXACT","n/a","EXACT","n/a","n/a","n/a","n/a","NEW-IN-NEO","EXACT","5/14","EXACT","P3","all 14 named facts that the data answers are rendered on the NEO page"
"ME6H","MM","light","/tcode/ME6H/","/neo/transactions/ME6H/","yes","yes","EXACT","EXACT","EXACT","EXACT","n/a","EXACT","n/a","EXACT","n/a","n/a","n/a","n/a","NEW-IN-NEO","EXACT","5/14","EXACT","P3","all 14 named facts that the data answers are rendered on the NEO page"
"ME80FN","MM","light","/tcode/ME80FN/","/neo/transactions/ME80FN/","yes","yes","EXACT","EXACT","EXACT","EXACT","n/a","EXACT","n/a","EXACT","n/a","n/a","n/a","n/a","NEW-IN-NEO","EXACT","5/14","EXACT","P3","all 14 named facts that the data answers are rendered on the NEO page"
"ME84","MM","light","/tcode/ME84/","/neo/transactions/ME84/","yes","yes","EXACT","EXACT","EXACT","EXACT","n/a","EXACT","n/a","EXACT","n/a","n/a","n/a","n/a","NEW-IN-NEO","EXACT","5/14","EXACT","P3","all 14 named facts that the data answers are rendered on the NEO page"
"ME9E","MM","light","/tcode/ME9E/","/neo/transactions/ME9E/","yes","yes","EXACT","EXACT","EXACT","EXACT","n/a","EXACT","n/a","EXACT","n/a","n/a","n/a","n/a","NEW-IN-NEO","n/a","5/14","EXACT","P3","all 14 named facts that the data answers are rendered on the NEO page"
"ME9F","MM","deep","/tcode/ME9F/","/neo/transactions/ME9F/","yes","yes","EXACT","EXACT","EXACT","EXACT","EXACT","EXACT","EXACT","EXACT","n/a","EXACT","n/a","n/a","EXACT","EXACT","11/14","TRANSFORMED","P2","14 named facts intact; NEO's TxDetail model does not carry: beginner · consultant · bestPractices · ossKeywords · interview"
"ME9L","MM","light","/tcode/ME9L/","/neo/transactions/ME9L/","yes","yes","EXACT","EXACT","EXACT","EXACT","n/a","EXACT","n/a","EXACT","n/a","n/a","n/a","n/a","NEW-IN-NEO","n/a","5/14","EXACT","P3","all 14 named facts that the data answers are rendered on the NEO page"
"MEK1","MM","light","/tcode/MEK1/","/neo/transactions/MEK1/","yes","yes","EXACT","EXACT","EXACT","EXACT","n/a","EXACT","n/a","EXACT","n/a","n/a","n/a","n/a","NEW-IN-NEO","n/a","5/14","EXACT","P3","all 14 named facts that the data answers are rendered on the NEO page"
"MEK2","MM","light","/tcode/MEK2/","/neo/transactions/MEK2/","yes","yes","EXACT","EXACT","EXACT","EXACT","n/a","EXACT","n/a","EXACT","n/a","n/a","n/a","n/a","NEW-IN-NEO","n/a","5/14","EXACT","P3","all 14 named facts that the data answers are rendered on the NEO page"
"MEK3","MM","light","/tcode/MEK3/","/neo/transactions/MEK3/","yes","yes","EXACT","EXACT","EXACT","EXACT","n/a","EXACT","n/a","EXACT","n/a","n/a","n/a","n/a","NEW-IN-NEO","n/a","6/14","EXACT","P3","all 14 named facts that the data answers are rendered on the NEO page"
"MELB","MM","deep","/tcode/MELB/","/neo/transactions/MELB/","yes","yes","EXACT","EXACT","EXACT","EXACT","EXACT","EXACT","EXACT","EXACT","n/a","EXACT","n/a","n/a","EXACT","EXACT","10/14","TRANSFORMED","P2","14 named facts intact; NEO's TxDetail model does not carry: beginner · consultant · bestPractices · ossKeywords · interview"
"MF12","PP","light","/tcode/MF12/","/neo/transactions/MF12/","yes","yes","EXACT","EXACT","EXACT","EXACT","n/a","EXACT","n/a","EXACT","n/a","n/a","n/a","n/a","NEW-IN-NEO","n/a","5/14","EXACT","P3","all 14 named facts that the data answers are rendered on the NEO page"
"MF26","PP","light","/tcode/MF26/","/neo/transactions/MF26/","yes","yes","EXACT","EXACT","EXACT","EXACT","n/a","EXACT","n/a","EXACT","n/a","n/a","n/a","n/a","NEW-IN-NEO","EXACT","5/14","EXACT","P3","all 14 named facts that the data answers are rendered on the NEO page"
"MF41","PP","light","/tcode/MF41/","/neo/transactions/MF41/","yes","yes","EXACT","EXACT","EXACT","EXACT","n/a","EXACT","n/a","EXACT","n/a","n/a","n/a","n/a","NEW-IN-NEO","EXACT","5/14","EXACT","P3","all 14 named facts that the data answers are rendered on the NEO page"
"MF42N","PP","deep","/tcode/MF42N/","/neo/transactions/MF42N/","yes","yes","EXACT","EXACT","EXACT","EXACT","EXACT","EXACT","EXACT","EXACT","n/a","EXACT","n/a","EXACT","EXACT","EXACT","13/14","TRANSFORMED","P2","14 named facts intact; NEO's TxDetail model does not carry: beginner · consultant · bestPractices · ossKeywords · interview · businessExample · techExample · debugSteps · perfNotes · prodTips"
"MF47","PP","deep","/tcode/MF47/","/neo/transactions/MF47/","yes","yes","EXACT","EXACT","EXACT","EXACT","EXACT","EXACT","EXACT","EXACT","n/a","EXACT","n/a","n/a","EXACT","EXACT","11/14","TRANSFORMED","P2","14 named facts intact; NEO's TxDetail model does not carry: beginner · consultant · bestPractices · ossKeywords · interview · businessExample · techExample · debugSteps · perfNotes · prodTips"
"MF50","PP","deep","/tcode/MF50/","/neo/transactions/MF50/","yes","yes","EXACT","EXACT","EXACT","EXACT","EXACT","EXACT","EXACT","EXACT","n/a","EXACT","n/a","n/a","EXACT","EXACT","11/14","TRANSFORMED","P2","14 named facts intact; NEO's TxDetail model does not carry: beginner · consultant · bestPractices · ossKeywords · interview · businessExample · techExample · debugSteps · perfNotes · prodTips"
"MF51","PP","deep","/tcode/MF51/","/neo/transactions/MF51/","yes","yes","EXACT","EXACT","EXACT","n/a","EXACT","EXACT","EXACT","EXACT","n/a","EXACT","n/a","n/a","EXACT","EXACT","11/14","TRANSFORMED","P2","14 named facts intact; NEO's TxDetail model does not carry: beginner · consultant · bestPractices · ossKeywords · interview · businessExample · techExample · debugSteps · perfNotes · prodTips"
"MF52","PP","deep","/tcode/MF52/","/neo/transactions/MF52/","yes","yes","EXACT","EXACT","EXACT","n/a","EXACT","EXACT","EXACT","EXACT","n/a","EXACT","n/a","n/a","EXACT","EXACT","11/14","TRANSFORMED","P2","14 named facts intact; NEO's TxDetail model does not carry: beginner · consultant · bestPractices · ossKeywords · interview · businessExample · techExample · debugSteps · perfNotes · prodTips"
"MF60","PP","deep","/tcode/MF60/","/neo/transactions/MF60/","yes","yes","EXACT","EXACT","EXACT","EXACT","EXACT","EXACT","EXACT","EXACT","n/a","EXACT","n/a","n/a","EXACT","EXACT","12/14","TRANSFORMED","P2","14 named facts intact; NEO's TxDetail model does not carry: beginner · consultant · bestPractices · ossKeywords · interview · businessExample · techExample · debugSteps · perfNotes · prodTips"
"MF63","PP","deep","/tcode/MF63/","/neo/transactions/MF63/","yes","yes","EXACT","EXACT","EXACT","n/a","EXACT","EXACT","EXACT","EXACT","n/a","EXACT","n/a","n/a","EXACT","EXACT","10/14","TRANSFORMED","P2","14 named facts intact; NEO's TxDetail model does not carry: beginner · consultant · bestPractices · ossKeywords · interview · businessExample · techExample · debugSteps · perfNotes · prodTips"
"MF65","PP","deep","/tcode/MF65/","/neo/transactions/MF65/","yes","yes","EXACT","EXACT","EXACT","n/a","EXACT","EXACT","EXACT","EXACT","n/a","EXACT","n/a","n/a","EXACT","EXACT","11/14","TRANSFORMED","P2","14 named facts intact; NEO's TxDetail model does not carry: beginner · consultant · bestPractices · ossKeywords · interview · businessExample · techExample · debugSteps · perfNotes · prodTips"
"MFBF","PP","deep","/tcode/MFBF/","/neo/transactions/MFBF/","yes","yes","EXACT","EXACT","EXACT","EXACT","EXACT","EXACT","EXACT","EXACT","n/a","EXACT","n/a","n/a","EXACT","EXACT","12/14","TRANSFORMED","P2","14 named facts intact; NEO's TxDetail model does not carry: beginner · consultant · bestPractices · ossKeywords · interview · businessExample · techExample · debugSteps · perfNotes · prodTips"
"MFBFR","PP","light","/tcode/MFBFR/","/neo/transactions/MFBFR/","yes","yes","EXACT","EXACT","EXACT","EXACT","n/a","EXACT","n/a","EXACT","n/a","n/a","n/a","n/a","NEW-IN-NEO","EXACT","5/14","EXACT","P3","all 14 named facts that the data answers are rendered on the NEO page"
"MFP1","PP","deep","/tcode/MFP1/","/neo/transactions/MFP1/","yes","yes","EXACT","EXACT","EXACT","n/a","EXACT","EXACT","EXACT","EXACT","n/a","EXACT","n/a","n/a","EXACT","EXACT","11/14","TRANSFORMED","P2","14 named facts intact; NEO's TxDetail model does not carry: beginner · consultant · bestPractices · ossKeywords · interview · businessExample · techExample · debugSteps · perfNotes · prodTips"
"MI01","MM","deep","/tcode/MI01/","/neo/transactions/MI01/","yes","yes","EXACT","EXACT","EXACT","EXACT","EXACT","EXACT","EXACT","EXACT","EXACT","EXACT","n/a","EXACT","EXACT","n/a","12/14","TRANSFORMED","P2","14 named facts intact; NEO's TxDetail model does not carry: beginner · consultant · bestPractices · ossKeywords · interview"
"MI02","MM","light","/tcode/MI02/","/neo/transactions/MI02/","yes","yes","EXACT","EXACT","EXACT","EXACT","n/a","EXACT","n/a","EXACT","n/a","n/a","n/a","n/a","NEW-IN-NEO","n/a","5/14","EXACT","P3","all 14 named facts that the data answers are rendered on the NEO page"
"MI03","MM","light","/tcode/MI03/","/neo/transactions/MI03/","yes","yes","EXACT","EXACT","EXACT","EXACT","n/a","EXACT","n/a","EXACT","n/a","n/a","n/a","n/a","NEW-IN-NEO","n/a","5/14","EXACT","P3","all 14 named facts that the data answers are rendered on the NEO page"
"MI04","MM","deep","/tcode/MI04/","/neo/transactions/MI04/","yes","yes","EXACT","EXACT","EXACT","EXACT","EXACT","EXACT","EXACT","EXACT","EXACT","EXACT","n/a","EXACT","EXACT","n/a","12/14","TRANSFORMED","P2","14 named facts intact; NEO's TxDetail model does not carry: beginner · consultant · bestPractices · ossKeywords · interview"
"MI07","MM","deep","/tcode/MI07/","/neo/transactions/MI07/","yes","yes","EXACT","EXACT","EXACT","EXACT","EXACT","EXACT","EXACT","EXACT","EXACT","EXACT","n/a","EXACT","EXACT","EXACT","12/14","TRANSFORMED","P2","14 named facts intact; NEO's TxDetail model does not carry: beginner · consultant · bestPractices · ossKeywords · interview"
"MI20","MM","light","/tcode/MI20/","/neo/transactions/MI20/","yes","yes","EXACT","EXACT","EXACT","EXACT","n/a","EXACT","n/a","EXACT","n/a","n/a","n/a","n/a","EXACT","EXACT","5/14","EXACT","P3","all 14 named facts that the data answers are rendered on the NEO page"
"MI21","MM","light","/tcode/MI21/","/neo/transactions/MI21/","yes","yes","EXACT","EXACT","EXACT","EXACT","n/a","EXACT","n/a","EXACT","n/a","n/a","n/a","n/a","NEW-IN-NEO","EXACT","5/14","EXACT","P3","all 14 named facts that the data answers are rendered on the NEO page"
"MI31","MM","light","/tcode/MI31/","/neo/transactions/MI31/","yes","yes","EXACT","EXACT","EXACT","EXACT","n/a","EXACT","NEW-IN-NEO","EXACT","n/a","n/a","n/a","n/a","NEW-IN-NEO","EXACT","6/14","EXACT","P3","all 14 named facts that the data answers are rendered on the NEO page"
"MIBC","MM","light","/tcode/MIBC/","/neo/transactions/MIBC/","yes","yes","EXACT","EXACT","EXACT","EXACT","n/a","EXACT","n/a","EXACT","n/a","n/a","n/a","n/a","NEW-IN-NEO","EXACT","5/14","EXACT","P3","all 14 named facts that the data answers are rendered on the NEO page"
"MIGO","MM","deep","/tcode/MIGO/","/neo/transactions/MIGO/","yes","yes","EXACT","EXACT","EXACT","EXACT","EXACT","EXACT","EXACT","EXACT","EXACT","EXACT","EXACT","EXACT","EXACT","EXACT","14/14","TRANSFORMED","P2","14 named facts intact; NEO's TxDetail model does not carry: beginner · consultant · bestPractices · ossKeywords · interview · eccS4.replaced · eccS4.simplification · authored.input · authored.output · authored.qa"
"MIGO_GR","MM","deep","/tcode/MIGO_GR/","/neo/transactions/MIGO_GR/","yes","yes","EXACT","EXACT","EXACT","n/a","EXACT","EXACT","EXACT","EXACT","EXACT","EXACT","n/a","EXACT","EXACT","EXACT","11/14","TRANSFORMED","P2","14 named facts intact; NEO's TxDetail model does not carry: beginner · consultant · bestPractices · certTips · ossKeywords · interview"
"MIR4","MM","deep","/tcode/MIR4/","/neo/transactions/MIR4/","yes","yes","EXACT","EXACT","EXACT","EXACT","EXACT","EXACT","EXACT","EXACT","EXACT","EXACT","n/a","EXACT","EXACT","EXACT","12/14","TRANSFORMED","P2","14 named facts intact; NEO's TxDetail model does not carry: beginner · consultant · bestPractices · certTips · ossKeywords · interview"
"MIR5","MM","deep","/tcode/MIR5/","/neo/transactions/MIR5/","yes","yes","EXACT","EXACT","EXACT","EXACT","EXACT","EXACT","EXACT","EXACT","EXACT","EXACT","n/a","n/a","EXACT","EXACT","11/14","TRANSFORMED","P2","14 named facts intact; NEO's TxDetail model does not carry: beginner · consultant · bestPractices · certTips · ossKeywords · interview"
"MIR6","MM","deep","/tcode/MIR6/","/neo/transactions/MIR6/","yes","yes","EXACT","EXACT","EXACT","EXACT","EXACT","EXACT","EXACT","EXACT","EXACT","EXACT","n/a","n/a","EXACT","n/a","11/14","TRANSFORMED","P2","14 named facts intact; NEO's TxDetail model does not carry: beginner · consultant · bestPractices · certTips · ossKeywords · interview"
"MIR7","MM","deep","/tcode/MIR7/","/neo/transactions/MIR7/","yes","yes","EXACT","EXACT","EXACT","EXACT","EXACT","EXACT","EXACT","EXACT","EXACT","EXACT","n/a","EXACT","EXACT","EXACT","12/14","TRANSFORMED","P2","14 named facts intact; NEO's TxDetail model does not carry: beginner · consultant · bestPractices · certTips · ossKeywords · interview"
"MIRO","MM","deep","/tcode/MIRO/","/neo/transactions/MIRO/","yes","yes","EXACT","EXACT","EXACT","EXACT","EXACT","EXACT","EXACT","EXACT","EXACT","EXACT","n/a","EXACT","EXACT","n/a","13/14","TRANSFORMED","P2","14 named facts intact; NEO's TxDetail model does not carry: beginner · consultant · bestPractices · ossKeywords · interview"
"MK01","MM","deep","/tcode/MK01/","/neo/transactions/MK01/","yes","yes","EXACT","EXACT","EXACT","EXACT","EXACT","EXACT","EXACT","EXACT","n/a","EXACT","n/a","EXACT","EXACT","EXACT","11/14","TRANSFORMED","P2","14 named facts intact; NEO's TxDetail model does not carry: beginner · consultant · bestPractices · ossKeywords · interview"
"MK02","MM","deep","/tcode/MK02/","/neo/transactions/MK02/","yes","yes","EXACT","EXACT","EXACT","EXACT","EXACT","EXACT","EXACT","EXACT","n/a","EXACT","n/a","EXACT","EXACT","EXACT","11/14","TRANSFORMED","P2","14 named facts intact; NEO's TxDetail model does not carry: beginner · consultant · bestPractices · ossKeywords · interview"
"MK03","MM","deep","/tcode/MK03/","/neo/transactions/MK03/","yes","yes","EXACT","EXACT","EXACT","EXACT","EXACT","EXACT","EXACT","EXACT","n/a","EXACT","n/a","EXACT","EXACT","EXACT","11/14","TRANSFORMED","P2","14 named facts intact; NEO's TxDetail model does not carry: beginner · consultant · bestPractices · ossKeywords · interview"
"MK04","MM","light","/tcode/MK04/","/neo/transactions/MK04/","yes","yes","EXACT","EXACT","EXACT","EXACT","n/a","EXACT","n/a","EXACT","n/a","n/a","n/a","n/a","NEW-IN-NEO","n/a","5/14","EXACT","P3","all 14 named facts that the data answers are rendered on the NEO page"
"MK05","MM","light","/tcode/MK05/","/neo/transactions/MK05/","yes","yes","EXACT","EXACT","EXACT","EXACT","n/a","EXACT","n/a","EXACT","n/a","n/a","n/a","n/a","NEW-IN-NEO","n/a","5/14","EXACT","P3","all 14 named facts that the data answers are rendered on the NEO page"
"MK06","MM","light","/tcode/MK06/","/neo/transactions/MK06/","yes","yes","EXACT","EXACT","EXACT","EXACT","n/a","EXACT","n/a","EXACT","n/a","n/a","n/a","n/a","NEW-IN-NEO","n/a","5/14","EXACT","P3","all 14 named facts that the data answers are rendered on the NEO page"
"MKVZ","MM","light","/tcode/MKVZ/","/neo/transactions/MKVZ/","yes","yes","EXACT","EXACT","EXACT","EXACT","n/a","EXACT","n/a","EXACT","n/a","n/a","n/a","n/a","n/a","EXACT","4/14","EXACT","P3","all 14 named facts that the data answers are rendered on the NEO page"
"ML81N","MM","deep","/tcode/ML81N/","/neo/transactions/ML81N/","yes","yes","EXACT","EXACT","EXACT","EXACT","EXACT","EXACT","EXACT","EXACT","EXACT","EXACT","n/a","EXACT","EXACT","EXACT","13/14","TRANSFORMED","P2","14 named facts intact; NEO's TxDetail model does not carry: beginner · consultant · bestPractices · ossKeywords · interview"
"MM01","PP","deep","/tcode/MM01/","/neo/transactions/MM01/","yes","yes","EXACT","EXACT","EXACT","EXACT","EXACT","EXACT","EXACT","EXACT","EXACT","EXACT","EXACT","EXACT","EXACT","EXACT","14/14","TRANSFORMED","P2","14 named facts intact; NEO's TxDetail model does not carry: beginner · consultant · bestPractices · ossKeywords · interview · businessExample · techExample · debugSteps · perfNotes · prodTips · eccS4.simplification · authored.input · authored.output · authored.qa"
"MM02","PP","deep","/tcode/MM02/","/neo/transactions/MM02/","yes","yes","EXACT","EXACT","EXACT","EXACT","EXACT","EXACT","EXACT","EXACT","EXACT","EXACT","n/a","EXACT","EXACT","EXACT","14/14","TRANSFORMED","P2","14 named facts intact; NEO's TxDetail model does not carry: beginner · consultant · bestPractices · ossKeywords · interview · businessExample · techExample · debugSteps · perfNotes · prodTips"
"MM03","PP","deep","/tcode/MM03/","/neo/transactions/MM03/","yes","yes","EXACT","EXACT","EXACT","EXACT","EXACT","EXACT","EXACT","EXACT","EXACT","EXACT","n/a","EXACT","EXACT","EXACT","14/14","TRANSFORMED","P2","14 named facts intact; NEO's TxDetail model does not carry: beginner · consultant · bestPractices · ossKeywords · interview · businessExample · techExample · debugSteps · perfNotes · prodTips"
"MM06","MM","light","/tcode/MM06/","/neo/transactions/MM06/","yes","yes","EXACT","EXACT","EXACT","EXACT","n/a","EXACT","NEW-IN-NEO","EXACT","n/a","n/a","n/a","n/a","NEW-IN-NEO","EXACT","6/14","EXACT","P3","all 14 named facts that the data answers are rendered on the NEO page"
"MM11","MM","light","/tcode/MM11/","/neo/transactions/MM11/","yes","yes","EXACT","EXACT","EXACT","EXACT","n/a","EXACT","n/a","EXACT","n/a","n/a","n/a","n/a","NEW-IN-NEO","n/a","5/14","EXACT","P3","all 14 named facts that the data answers are rendered on the NEO page"
"MM17","MM","light","/tcode/MM17/","/neo/transactions/MM17/","yes","yes","EXACT","EXACT","EXACT","n/a","n/a","EXACT","n/a","EXACT","n/a","n/a","n/a","n/a","n/a","n/a","4/14","EXACT","P3","all 14 named facts that the data answers are rendered on the NEO page"
"MM50","MM","light","/tcode/MM50/","/neo/transactions/MM50/","yes","yes","EXACT","EXACT","EXACT","EXACT","n/a","EXACT","n/a","EXACT","n/a","n/a","n/a","n/a","NEW-IN-NEO","EXACT","5/14","EXACT","P3","all 14 named facts that the data answers are rendered on the NEO page"
"MM60","MM","light","/tcode/MM60/","/neo/transactions/MM60/","yes","yes","EXACT","EXACT","EXACT","EXACT","n/a","EXACT","n/a","EXACT","n/a","n/a","n/a","n/a","n/a","EXACT","4/14","EXACT","P3","all 14 named facts that the data answers are rendered on the NEO page"
"MMBE","MM","deep","/tcode/MMBE/","/neo/transactions/MMBE/","yes","yes","EXACT","EXACT","EXACT","EXACT","EXACT","EXACT","EXACT","EXACT","EXACT","EXACT","n/a","EXACT","EXACT","EXACT","14/14","TRANSFORMED","P2","14 named facts intact; NEO's TxDetail model does not carry: beginner · consultant · bestPractices · ossKeywords · interview · businessExample · techExample · debugSteps · perfNotes · prodTips"
"MMBE_OLD","MM","deep","/tcode/MMBE_OLD/","/neo/transactions/MMBE_OLD/","yes","yes","EXACT","EXACT","EXACT","n/a","EXACT","EXACT","EXACT","EXACT","EXACT","EXACT","n/a","EXACT","EXACT","EXACT","13/14","TRANSFORMED","P2","14 named facts intact; NEO's TxDetail model does not carry: beginner · consultant · bestPractices · ossKeywords · interview"
"MMPV","MM","deep","/tcode/MMPV/","/neo/transactions/MMPV/","yes","yes","EXACT","EXACT","EXACT","EXACT","EXACT","EXACT","EXACT","EXACT","n/a","EXACT","n/a","n/a","EXACT","EXACT","11/14","TRANSFORMED","P2","14 named facts intact; NEO's TxDetail model does not carry: beginner · consultant · bestPractices · certTips · ossKeywords · interview · businessExample · techExample · debugSteps · perfNotes · prodTips"
"MMRV","MM","light","/tcode/MMRV/","/neo/transactions/MMRV/","yes","yes","EXACT","EXACT","EXACT","EXACT","n/a","EXACT","n/a","EXACT","n/a","n/a","n/a","n/a","EXACT","EXACT","6/14","EXACT","P3","all 14 named facts that the data answers are rendered on the NEO page"
"MMSC","MM","deep","/tcode/MMSC/","/neo/transactions/MMSC/","yes","yes","EXACT","EXACT","EXACT","EXACT","EXACT","EXACT","EXACT","EXACT","n/a","EXACT","n/a","EXACT","EXACT","EXACT","12/14","TRANSFORMED","P2","14 named facts intact; NEO's TxDetail model does not carry: beginner · consultant · bestPractices · ossKeywords · interview"
"MP30","PP","light","/tcode/MP30/","/neo/transactions/MP30/","yes","yes","EXACT","EXACT","EXACT","EXACT","n/a","EXACT","n/a","EXACT","n/a","n/a","n/a","n/a","NEW-IN-NEO","n/a","5/14","EXACT","P3","all 14 named facts that the data answers are rendered on the NEO page"
"MP31","PP","light","/tcode/MP31/","/neo/transactions/MP31/","yes","yes","EXACT","EXACT","EXACT","EXACT","n/a","EXACT","n/a","EXACT","n/a","n/a","n/a","n/a","NEW-IN-NEO","n/a","5/14","EXACT","P3","all 14 named facts that the data answers are rendered on the NEO page"
"MP32","PP","light","/tcode/MP32/","/neo/transactions/MP32/","yes","yes","EXACT","EXACT","EXACT","EXACT","n/a","EXACT","n/a","EXACT","n/a","n/a","n/a","n/a","NEW-IN-NEO","n/a","5/14","EXACT","P3","all 14 named facts that the data answers are rendered on the NEO page"
"MP33","PP","light","/tcode/MP33/","/neo/transactions/MP33/","yes","yes","EXACT","EXACT","EXACT","EXACT","n/a","EXACT","n/a","EXACT","n/a","n/a","n/a","n/a","NEW-IN-NEO","n/a","5/14","EXACT","P3","all 14 named facts that the data answers are rendered on the NEO page"
"MP38","PP","light","/tcode/MP38/","/neo/transactions/MP38/","yes","yes","EXACT","EXACT","EXACT","EXACT","n/a","EXACT","n/a","EXACT","n/a","n/a","n/a","n/a","NEW-IN-NEO","n/a","5/14","EXACT","P3","all 14 named facts that the data answers are rendered on the NEO page"
"MP80","PP","light","/tcode/MP80/","/neo/transactions/MP80/","yes","yes","EXACT","EXACT","EXACT","EXACT","n/a","EXACT","n/a","EXACT","n/a","n/a","n/a","n/a","NEW-IN-NEO","n/a","5/14","EXACT","P3","all 14 named facts that the data answers are rendered on the NEO page"
"MR11","MM","light","/tcode/MR11/","/neo/transactions/MR11/","yes","yes","EXACT","EXACT","EXACT","EXACT","n/a","EXACT","n/a","EXACT","n/a","n/a","n/a","n/a","EXACT","n/a","5/14","EXACT","P3","all 14 named facts that the data answers are rendered on the NEO page"
"MR21","MM","light","/tcode/MR21/","/neo/transactions/MR21/","yes","yes","EXACT","EXACT","EXACT","EXACT","n/a","EXACT","EXACT","EXACT","n/a","n/a","n/a","n/a","NEW-IN-NEO","n/a","6/14","EXACT","P3","all 14 named facts that the data answers are rendered on the NEO page"
"MR22","MM","light","/tcode/MR22/","/neo/transactions/MR22/","yes","yes","EXACT","EXACT","EXACT","EXACT","n/a","EXACT","n/a","EXACT","n/a","n/a","n/a","n/a","NEW-IN-NEO","n/a","5/14","EXACT","P3","all 14 named facts that the data answers are rendered on the NEO page"
"MR51","MM","light","/tcode/MR51/","/neo/transactions/MR51/","yes","yes","EXACT","EXACT","EXACT","EXACT","n/a","EXACT","n/a","EXACT","n/a","n/a","n/a","n/a","NEW-IN-NEO","n/a","6/14","EXACT","P3","all 14 named facts that the data answers are rendered on the NEO page"
"MR8M","MM","deep","/tcode/MR8M/","/neo/transactions/MR8M/","yes","yes","EXACT","EXACT","EXACT","EXACT","EXACT","EXACT","EXACT","EXACT","n/a","EXACT","n/a","EXACT","EXACT","n/a","11/14","TRANSFORMED","P2","14 named facts intact; NEO's TxDetail model does not carry: beginner · consultant · bestPractices · certTips · ossKeywords · interview"
"MRBR","MM","deep","/tcode/MRBR/","/neo/transactions/MRBR/","yes","yes","EXACT","EXACT","EXACT","EXACT","EXACT","EXACT","EXACT","EXACT","EXACT","EXACT","n/a","n/a","EXACT","EXACT","11/14","TRANSFORMED","P2","14 named facts intact; NEO's TxDetail model does not carry: beginner · consultant · bestPractices · certTips · ossKeywords · interview"
"MRN0","MM","light","/tcode/MRN0/","/neo/transactions/MRN0/","yes","yes","EXACT","EXACT","EXACT","EXACT","n/a","EXACT","n/a","EXACT","n/a","n/a","n/a","n/a","NEW-IN-NEO","n/a","5/14","EXACT","P3","all 14 named facts that the data answers are rendered on the NEO page"
"MRRL","MM","light","/tcode/MRRL/","/neo/transactions/MRRL/","yes","yes","EXACT","EXACT","EXACT","EXACT","n/a","EXACT","n/a","EXACT","n/a","n/a","n/a","n/a","NEW-IN-NEO","EXACT","5/14","EXACT","P3","all 14 named facts that the data answers are rendered on the NEO page"
"MS01","PP","light","/tcode/MS01/","/neo/transactions/MS01/","yes","yes","EXACT","EXACT","EXACT","EXACT","n/a","EXACT","n/a","EXACT","n/a","n/a","n/a","n/a","NEW-IN-NEO","n/a","5/14","EXACT","P3","all 14 named facts that the data answers are rendered on the NEO page"
"MS02","PP","light","/tcode/MS02/","/neo/transactions/MS02/","yes","yes","EXACT","EXACT","EXACT","EXACT","n/a","EXACT","n/a","EXACT","n/a","n/a","n/a","n/a","NEW-IN-NEO","n/a","5/14","EXACT","P3","all 14 named facts that the data answers are rendered on the NEO page"
"MS03","PP","light","/tcode/MS03/","/neo/transactions/MS03/","yes","yes","EXACT","EXACT","EXACT","EXACT","n/a","EXACT","n/a","EXACT","n/a","n/a","n/a","n/a","NEW-IN-NEO","n/a","5/14","EXACT","P3","all 14 named facts that the data answers are rendered on the NEO page"
"MS04","PP","light","/tcode/MS04/","/neo/transactions/MS04/","yes","yes","EXACT","EXACT","EXACT","EXACT","n/a","EXACT","n/a","EXACT","n/a","n/a","n/a","n/a","NEW-IN-NEO","EXACT","5/14","EXACT","P3","all 14 named facts that the data answers are rendered on the NEO page"
"MS05","PP","light","/tcode/MS05/","/neo/transactions/MS05/","yes","yes","EXACT","EXACT","EXACT","EXACT","n/a","EXACT","n/a","EXACT","n/a","n/a","n/a","n/a","NEW-IN-NEO","EXACT","5/14","EXACT","P3","all 14 named facts that the data answers are rendered on the NEO page"
"MS31","PP","light","/tcode/MS31/","/neo/transactions/MS31/","yes","yes","EXACT","EXACT","EXACT","EXACT","n/a","EXACT","n/a","EXACT","n/a","n/a","n/a","n/a","NEW-IN-NEO","n/a","5/14","EXACT","P3","all 14 named facts that the data answers are rendered on the NEO page"
"MS32","PP","light","/tcode/MS32/","/neo/transactions/MS32/","yes","yes","EXACT","EXACT","EXACT","EXACT","n/a","EXACT","n/a","EXACT","n/a","n/a","n/a","n/a","NEW-IN-NEO","n/a","5/14","EXACT","P3","all 14 named facts that the data answers are rendered on the NEO page"
"MS33","PP","light","/tcode/MS33/","/neo/transactions/MS33/","yes","yes","EXACT","EXACT","EXACT","EXACT","n/a","EXACT","n/a","EXACT","n/a","n/a","n/a","n/a","NEW-IN-NEO","n/a","5/14","EXACT","P3","all 14 named facts that the data answers are rendered on the NEO page"
"MSC1","PP","deep","/tcode/MSC1/","/neo/transactions/MSC1/","yes","yes","EXACT","EXACT","EXACT","EXACT","EXACT","EXACT","EXACT","EXACT","EXACT","EXACT","n/a","n/a","EXACT","EXACT","13/14","TRANSFORMED","P2","14 named facts intact; NEO's TxDetail model does not carry: beginner · consultant · bestPractices · ossKeywords · interview"
"MSC1N","QM","deep","/tcode/MSC1N/","/neo/transactions/MSC1N/","yes","yes","EXACT","EXACT","EXACT","EXACT","EXACT","EXACT","EXACT","EXACT","EXACT","EXACT","EXACT","EXACT","EXACT","EXACT","14/14","TRANSFORMED","P2","14 named facts intact; NEO's TxDetail model does not carry: beginner · consultant · bestPractices · ossKeywords · interview · businessExample · techExample · debugSteps · perfNotes · prodTips · authored.input · authored.output · authored.qa"
"MSC2","PP","deep","/tcode/MSC2/","/neo/transactions/MSC2/","yes","yes","EXACT","EXACT","EXACT","EXACT","EXACT","EXACT","EXACT","EXACT","EXACT","EXACT","n/a","n/a","EXACT","EXACT","13/14","TRANSFORMED","P2","14 named facts intact; NEO's TxDetail model does not carry: beginner · consultant · bestPractices · ossKeywords · interview"
"MSC2N","QM","deep","/tcode/MSC2N/","/neo/transactions/MSC2N/","yes","yes","EXACT","EXACT","EXACT","EXACT","EXACT","EXACT","EXACT","EXACT","EXACT","EXACT","n/a","EXACT","EXACT","EXACT","14/14","TRANSFORMED","P2","14 named facts intact; NEO's TxDetail model does not carry: beginner · consultant · bestPractices · ossKeywords · interview"
"MSC3","PP","deep","/tcode/MSC3/","/neo/transactions/MSC3/","yes","yes","EXACT","EXACT","EXACT","EXACT","EXACT","EXACT","EXACT","EXACT","EXACT","EXACT","n/a","n/a","EXACT","EXACT","13/14","TRANSFORMED","P2","14 named facts intact; NEO's TxDetail model does not carry: beginner · consultant · bestPractices · ossKeywords · interview"
"MSC3N","QM","deep","/tcode/MSC3N/","/neo/transactions/MSC3N/","yes","yes","EXACT","EXACT","EXACT","EXACT","EXACT","EXACT","EXACT","EXACT","EXACT","EXACT","n/a","EXACT","EXACT","EXACT","14/14","TRANSFORMED","P2","14 named facts intact; NEO's TxDetail model does not carry: beginner · consultant · bestPractices · ossKeywords · interview · businessExample · techExample · debugSteps · perfNotes · prodTips"
"MSC4N","QM","deep","/tcode/MSC4N/","/neo/transactions/MSC4N/","yes","yes","EXACT","EXACT","EXACT","EXACT","EXACT","EXACT","EXACT","EXACT","n/a","EXACT","n/a","n/a","EXACT","EXACT","12/14","TRANSFORMED","P2","14 named facts intact; NEO's TxDetail model does not carry: beginner · consultant · bestPractices · ossKeywords · interview"
"OAAQ","FI","light","/tcode/OAAQ/","/neo/transactions/OAAQ/","yes","yes","EXACT","EXACT","EXACT","EXACT","n/a","EXACT","n/a","EXACT","n/a","n/a","n/a","n/a","NEW-IN-NEO","EXACT","5/14","EXACT","P3","all 14 named facts that the data answers are rendered on the NEO page"
"OAOR","BASIS","light","/tcode/OAOR/","/neo/transactions/OAOR/","yes","yes","EXACT","EXACT","EXACT","EXACT","n/a","EXACT","n/a","EXACT","n/a","n/a","n/a","n/a","n/a","EXACT","4/14","EXACT","P3","all 14 named facts that the data answers are rendered on the NEO page"
"OARE","SECURITY","light","/tcode/OARE/","/neo/transactions/OARE/","yes","yes","EXACT","EXACT","EXACT","EXACT","n/a","EXACT","n/a","EXACT","n/a","n/a","n/a","n/a","NEW-IN-NEO","EXACT","5/14","EXACT","P3","all 14 named facts that the data answers are rendered on the NEO page"
"OB08","FI","light","/tcode/OB08/","/neo/transactions/OB08/","yes","yes","EXACT","EXACT","EXACT","EXACT","n/a","EXACT","n/a","EXACT","n/a","n/a","n/a","n/a","NEW-IN-NEO","EXACT","6/14","EXACT","P3","all 14 named facts that the data answers are rendered on the NEO page"
"OB22","FI","light","/tcode/OB22/","/neo/transactions/OB22/","yes","yes","EXACT","EXACT","EXACT","EXACT","n/a","EXACT","n/a","EXACT","n/a","n/a","n/a","n/a","NEW-IN-NEO","EXACT","5/14","EXACT","P3","all 14 named facts that the data answers are rendered on the NEO page"
"OB41","FI","light","/tcode/OB41/","/neo/transactions/OB41/","yes","yes","EXACT","EXACT","EXACT","EXACT","n/a","EXACT","n/a","EXACT","n/a","n/a","n/a","n/a","NEW-IN-NEO","EXACT","5/14","EXACT","P3","all 14 named facts that the data answers are rendered on the NEO page"
"OB52","FI","deep","/tcode/OB52/","/neo/transactions/OB52/","yes","yes","EXACT","EXACT","EXACT","EXACT","EXACT","EXACT","EXACT","EXACT","EXACT","EXACT","n/a","n/a","EXACT","EXACT","12/14","TRANSFORMED","P2","14 named facts intact; NEO's TxDetail model does not carry: beginner · consultant · bestPractices · certTips · ossKeywords · interview · businessExample · techExample · debugSteps · perfNotes · prodTips"
"OB58","FI","light","/tcode/OB58/","/neo/transactions/OB58/","yes","yes","EXACT","EXACT","EXACT","EXACT","n/a","EXACT","n/a","EXACT","n/a","n/a","n/a","n/a","NEW-IN-NEO","EXACT","5/14","EXACT","P3","all 14 named facts that the data answers are rendered on the NEO page"
"OBA7","FI","light","/tcode/OBA7/","/neo/transactions/OBA7/","yes","yes","EXACT","EXACT","EXACT","EXACT","n/a","EXACT","n/a","EXACT","n/a","n/a","n/a","n/a","NEW-IN-NEO","EXACT","5/14","EXACT","P3","all 14 named facts that the data answers are rendered on the NEO page"
"OBYA","FI","light","/tcode/OBYA/","/neo/transactions/OBYA/","yes","yes","EXACT","EXACT","EXACT","EXACT","n/a","EXACT","n/a","EXACT","n/a","n/a","n/a","n/a","NEW-IN-NEO","EXACT","5/14","EXACT","P3","all 14 named facts that the data answers are rendered on the NEO page"
"OBYC","FI","light","/tcode/OBYC/","/neo/transactions/OBYC/","yes","yes","EXACT","EXACT","EXACT","EXACT","n/a","EXACT","n/a","EXACT","n/a","n/a","n/a","n/a","NEW-IN-NEO","EXACT","6/14","EXACT","P3","all 14 named facts that the data answers are rendered on the NEO page"
"OB_GLACC11","FI","light","/tcode/OB_GLACC11/","/neo/transactions/OB_GLACC11/","yes","yes","EXACT","EXACT","EXACT","EXACT","n/a","EXACT","n/a","EXACT","n/a","n/a","n/a","n/a","NEW-IN-NEO","n/a","5/14","EXACT","P3","all 14 named facts that the data answers are rendered on the NEO page"
"OIA1","—","not-in-registry","/tcode/OIA1/","—","yes","no","MISSING","n/a","n/a","n/a","n/a","n/a","MISSING","MISSING","n/a","n/a","n/a","n/a","n/a","n/a","—","MISSING","P1","no /neo/transactions/OIA1/ page: code comes from lib/object-intel listTcodes() (blueprint tcodes column), which lib/tx-registry does not merge; NEO generateStaticParams = registryCodes() only. OLD /tcode/OIA1/ renders RelatedView with 1 blueprint table(s). DATA PRESENT, NOT SURFACED IN NEO."
"OIAL","—","not-in-registry","/tcode/OIAL/","—","yes","no","MISSING","n/a","n/a","n/a","n/a","n/a","MISSING","MISSING","n/a","n/a","n/a","n/a","n/a","n/a","—","MISSING","P1","no /neo/transactions/OIAL/ page: code comes from lib/object-intel listTcodes() (blueprint tcodes column), which lib/tx-registry does not merge; NEO generateStaticParams = registryCodes() only. OLD /tcode/OIAL/ renders RelatedView with 1 blueprint table(s). DATA PRESENT, NOT SURFACED IN NEO."
"OIAN","PM","light","/tcode/OIAN/","/neo/transactions/OIAN/","yes","yes","EXACT","EXACT","EXACT","EXACT","n/a","EXACT","NEW-IN-NEO","EXACT","n/a","n/a","n/a","n/a","NEW-IN-NEO","EXACT","6/14","EXACT","P3","all 14 named facts that the data answers are rendered on the NEO page"
"OIBS","PM","deep","/tcode/OIBS/","/neo/transactions/OIBS/","yes","yes","EXACT","EXACT","EXACT","n/a","EXACT","EXACT","EXACT","EXACT","n/a","EXACT","n/a","n/a","EXACT","EXACT","10/14","TRANSFORMED","P2","14 named facts intact; NEO's TxDetail model does not carry: beginner · consultant · bestPractices · ossKeywords · interview · businessExample · techExample · debugSteps · perfNotes · prodTips"
"OIM1","—","not-in-registry","/tcode/OIM1/","—","yes","no","MISSING","n/a","n/a","n/a","n/a","n/a","MISSING","MISSING","n/a","n/a","n/a","n/a","n/a","n/a","—","MISSING","P1","no /neo/transactions/OIM1/ page: code comes from lib/object-intel listTcodes() (blueprint tcodes column), which lib/tx-registry does not merge; NEO generateStaticParams = registryCodes() only. OLD /tcode/OIM1/ renders RelatedView with 2 blueprint table(s). DATA PRESENT, NOT SURFACED IN NEO."
"OIMR","—","not-in-registry","/tcode/OIMR/","—","yes","no","MISSING","n/a","n/a","n/a","n/a","n/a","MISSING","MISSING","n/a","n/a","n/a","n/a","n/a","n/a","—","MISSING","P1","no /neo/transactions/OIMR/ page: code comes from lib/object-intel listTcodes() (blueprint tcodes column), which lib/tx-registry does not merge; NEO generateStaticParams = registryCodes() only. OLD /tcode/OIMR/ renders RelatedView with 1 blueprint table(s). DATA PRESENT, NOT SURFACED IN NEO."
"OIN4","—","not-in-registry","/tcode/OIN4/","—","yes","no","MISSING","n/a","n/a","n/a","n/a","n/a","MISSING","MISSING","n/a","n/a","n/a","n/a","n/a","n/a","—","MISSING","P1","no /neo/transactions/OIN4/ page: code comes from lib/object-intel listTcodes() (blueprint tcodes column), which lib/tx-registry does not merge; NEO generateStaticParams = registryCodes() only. OLD /tcode/OIN4/ renders RelatedView with 1 blueprint table(s). DATA PRESENT, NOT SURFACED IN NEO."
"OIOA","—","not-in-registry","/tcode/OIOA/","—","yes","no","MISSING","n/a","n/a","n/a","n/a","n/a","MISSING","MISSING","n/a","n/a","n/a","n/a","n/a","n/a","—","MISSING","P1","no /neo/transactions/OIOA/ page: code comes from lib/object-intel listTcodes() (blueprint tcodes column), which lib/tx-registry does not merge; NEO generateStaticParams = registryCodes() only. OLD /tcode/OIOA/ renders RelatedView with 1 blueprint table(s). DATA PRESENT, NOT SURFACED IN NEO."
"OIOC","PM","light","/tcode/OIOC/","/neo/transactions/OIOC/","yes","yes","EXACT","EXACT","EXACT","EXACT","n/a","EXACT","NEW-IN-NEO","EXACT","n/a","n/a","n/a","n/a","NEW-IN-NEO","EXACT","6/14","EXACT","P3","all 14 named facts that the data answers are rendered on the NEO page"
"OKB9","CO","light","/tcode/OKB9/","/neo/transactions/OKB9/","yes","yes","EXACT","EXACT","EXACT","EXACT","n/a","EXACT","n/a","EXACT","n/a","n/a","n/a","n/a","NEW-IN-NEO","EXACT","5/14","EXACT","P3","all 14 named facts that the data answers are rendered on the NEO page"
"OKEON","CO","light","/tcode/OKEON/","/neo/transactions/OKEON/","yes","yes","EXACT","EXACT","EXACT","EXACT","n/a","EXACT","n/a","EXACT","n/a","n/a","n/a","n/a","NEW-IN-NEO","EXACT","5/14","EXACT","P3","all 14 named facts that the data answers are rendered on the NEO page"
"OKKP","CO","light","/tcode/OKKP/","/neo/transactions/OKKP/","yes","yes","EXACT","EXACT","EXACT","EXACT","n/a","EXACT","n/a","EXACT","n/a","n/a","n/a","n/a","NEW-IN-NEO","EXACT","5/14","EXACT","P3","all 14 named facts that the data answers are rendered on the NEO page"
"OKKS","CO","deep","/tcode/OKKS/","/neo/transactions/OKKS/","yes","yes","EXACT","EXACT","EXACT","n/a","EXACT","EXACT","EXACT","EXACT","n/a","EXACT","n/a","n/a","EXACT","EXACT","9/14","TRANSFORMED","P2","14 named facts intact; NEO's TxDetail model does not carry: beginner · consultant · bestPractices · ossKeywords · interview"
"OMBT","MM","light","/tcode/OMBT/","/neo/transactions/OMBT/","yes","yes","EXACT","EXACT","EXACT","EXACT","n/a","EXACT","n/a","EXACT","n/a","n/a","n/a","n/a","NEW-IN-NEO","EXACT","5/14","EXACT","P3","all 14 named facts that the data answers are rendered on the NEO page"
"OMI8","PP","light","/tcode/OMI8/","/neo/transactions/OMI8/","yes","yes","EXACT","EXACT","EXACT","EXACT","n/a","EXACT","n/a","EXACT","n/a","n/a","n/a","n/a","NEW-IN-NEO","EXACT","5/14","EXACT","P3","all 14 named facts that the data answers are rendered on the NEO page"
"OMJJ","MM","light","/tcode/OMJJ/","/neo/transactions/OMJJ/","yes","yes","EXACT","EXACT","EXACT","EXACT","n/a","EXACT","n/a","EXACT","n/a","n/a","n/a","n/a","NEW-IN-NEO","EXACT","5/14","EXACT","P3","all 14 named facts that the data answers are rendered on the NEO page"
"OMS2","MM","light","/tcode/OMS2/","/neo/transactions/OMS2/","yes","yes","EXACT","EXACT","EXACT","EXACT","n/a","EXACT","n/a","EXACT","n/a","n/a","n/a","n/a","NEW-IN-NEO","EXACT","5/14","EXACT","P3","all 14 named facts that the data answers are rendered on the NEO page"
"OMSL","MM","light","/tcode/OMSL/","/neo/transactions/OMSL/","yes","yes","EXACT","EXACT","EXACT","EXACT","n/a","EXACT","n/a","EXACT","n/a","n/a","n/a","n/a","NEW-IN-NEO","EXACT","5/14","EXACT","P3","all 14 named facts that the data answers are rendered on the NEO page"
"OOAW","HR","light","/tcode/OOAW/","/neo/transactions/OOAW/","yes","yes","EXACT","EXACT","EXACT","EXACT","n/a","EXACT","NEW-IN-NEO","EXACT","n/a","n/a","n/a","n/a","NEW-IN-NEO","EXACT","6/14","EXACT","P3","all 14 named facts that the data answers are rendered on the NEO page"
"OOEC","HR","light","/tcode/OOEC/","/neo/transactions/OOEC/","yes","yes","EXACT","EXACT","EXACT","EXACT","n/a","EXACT","n/a","EXACT","n/a","n/a","n/a","n/a","NEW-IN-NEO","EXACT","5/14","EXACT","P3","all 14 named facts that the data answers are rendered on the NEO page"
"OOMT","HR","light","/tcode/OOMT/","/neo/transactions/OOMT/","yes","yes","EXACT","EXACT","EXACT","EXACT","n/a","EXACT","n/a","EXACT","n/a","n/a","n/a","n/a","NEW-IN-NEO","EXACT","5/14","EXACT","P3","all 14 named facts that the data answers are rendered on the NEO page"
"OOSB","SECURITY","light","/tcode/OOSB/","/neo/transactions/OOSB/","yes","yes","EXACT","EXACT","EXACT","EXACT","n/a","EXACT","n/a","EXACT","n/a","n/a","n/a","n/a","n/a","EXACT","4/14","EXACT","P3","all 14 named facts that the data answers are rendered on the NEO page"
"OOSP","HR","light","/tcode/OOSP/","/neo/transactions/OOSP/","yes","yes","EXACT","EXACT","EXACT","EXACT","n/a","EXACT","n/a","EXACT","n/a","n/a","n/a","n/a","n/a","EXACT","4/14","EXACT","P3","all 14 named facts that the data answers are rendered on the NEO page"
"OPJK","PP","light","/tcode/OPJK/","/neo/transactions/OPJK/","yes","yes","EXACT","EXACT","EXACT","EXACT","n/a","EXACT","n/a","EXACT","n/a","n/a","n/a","n/a","NEW-IN-NEO","EXACT","5/14","EXACT","P3","all 14 named facts that the data answers are rendered on the NEO page"
"OPKP","PP","light","/tcode/OPKP/","/neo/transactions/OPKP/","yes","yes","EXACT","EXACT","EXACT","EXACT","n/a","EXACT","n/a","EXACT","n/a","n/a","n/a","n/a","NEW-IN-NEO","EXACT","5/14","EXACT","P3","all 14 named facts that the data answers are rendered on the NEO page"
"OPL8","PP","light","/tcode/OPL8/","/neo/transactions/OPL8/","yes","yes","EXACT","EXACT","EXACT","EXACT","n/a","EXACT","NEW-IN-NEO","EXACT","n/a","n/a","n/a","n/a","NEW-IN-NEO","EXACT","7/14","EXACT","P3","all 14 named facts that the data answers are rendered on the NEO page"
"OPPE","PP","light","/tcode/OPPE/","/neo/transactions/OPPE/","yes","yes","EXACT","EXACT","EXACT","EXACT","n/a","EXACT","n/a","EXACT","n/a","n/a","n/a","n/a","NEW-IN-NEO","EXACT","5/14","EXACT","P3","all 14 named facts that the data answers are rendered on the NEO page"
"OPU3","PP","light","/tcode/OPU3/","/neo/transactions/OPU3/","yes","yes","EXACT","EXACT","EXACT","EXACT","n/a","EXACT","n/a","EXACT","n/a","n/a","n/a","n/a","NEW-IN-NEO","EXACT","5/14","EXACT","P3","all 14 named facts that the data answers are rendered on the NEO page"
"OPUK","PS","light","/tcode/OPUK/","/neo/transactions/OPUK/","yes","yes","EXACT","EXACT","EXACT","EXACT","n/a","EXACT","n/a","EXACT","n/a","n/a","n/a","n/a","NEW-IN-NEO","EXACT","5/14","EXACT","P3","all 14 named facts that the data answers are rendered on the NEO page"
"OQB1","QM","light","/tcode/OQB1/","/neo/transactions/OQB1/","yes","yes","EXACT","EXACT","EXACT","EXACT","n/a","EXACT","n/a","EXACT","n/a","n/a","n/a","n/a","NEW-IN-NEO","EXACT","5/14","EXACT","P3","all 14 named facts that the data answers are rendered on the NEO page"
"OS01","BASIS","light","/tcode/OS01/","/neo/transactions/OS01/","yes","yes","EXACT","EXACT","EXACT","EXACT","n/a","EXACT","n/a","EXACT","n/a","n/a","n/a","n/a","NEW-IN-NEO","EXACT","5/14","EXACT","P3","all 14 named facts that the data answers are rendered on the NEO page"
"OSS1","BASIS","light","/tcode/OSS1/","/neo/transactions/OSS1/","yes","yes","EXACT","EXACT","EXACT","EXACT","n/a","EXACT","n/a","EXACT","n/a","n/a","n/a","n/a","NEW-IN-NEO","EXACT","5/14","EXACT","P3","all 14 named facts that the data answers are rendered on the NEO page"
"OVA8","SD","light","/tcode/OVA8/","/neo/transactions/OVA8/","yes","yes","EXACT","EXACT","EXACT","EXACT","n/a","EXACT","n/a","EXACT","n/a","n/a","n/a","n/a","NEW-IN-NEO","EXACT","5/14","EXACT","P3","all 14 named facts that the data answers are rendered on the NEO page"
"OVAH","SD","light","/tcode/OVAH/","/neo/transactions/OVAH/","yes","yes","EXACT","EXACT","EXACT","EXACT","n/a","EXACT","n/a","EXACT","n/a","n/a","n/a","n/a","NEW-IN-NEO","EXACT","5/14","EXACT","P3","all 14 named facts that the data answers are rendered on the NEO page"
"OVKK","SD","light","/tcode/OVKK/","/neo/transactions/OVKK/","yes","yes","EXACT","EXACT","EXACT","EXACT","n/a","EXACT","n/a","EXACT","n/a","n/a","n/a","n/a","NEW-IN-NEO","EXACT","5/14","EXACT","P3","all 14 named facts that the data answers are rendered on the NEO page"
"PA03","HR","light","/tcode/PA03/","/neo/transactions/PA03/","yes","yes","EXACT","EXACT","EXACT","EXACT","n/a","EXACT","n/a","EXACT","n/a","n/a","n/a","n/a","NEW-IN-NEO","n/a","5/14","EXACT","P3","all 14 named facts that the data answers are rendered on the NEO page"
"PA04","HR","light","/tcode/PA04/","/neo/transactions/PA04/","yes","yes","EXACT","EXACT","EXACT","EXACT","n/a","EXACT","n/a","EXACT","n/a","n/a","n/a","n/a","NEW-IN-NEO","n/a","5/14","EXACT","P3","all 14 named facts that the data answers are rendered on the NEO page"
"PA10","HR","light","/tcode/PA10/","/neo/transactions/PA10/","yes","yes","EXACT","EXACT","EXACT","EXACT","n/a","EXACT","n/a","EXACT","n/a","n/a","n/a","n/a","NEW-IN-NEO","n/a","5/14","EXACT","P3","all 14 named facts that the data answers are rendered on the NEO page"
"PA20","HR","light","/tcode/PA20/","/neo/transactions/PA20/","yes","yes","EXACT","EXACT","EXACT","EXACT","n/a","EXACT","n/a","EXACT","n/a","n/a","n/a","n/a","NEW-IN-NEO","EXACT","5/14","EXACT","P3","all 14 named facts that the data answers are rendered on the NEO page"
"PA30","HR","light","/tcode/PA30/","/neo/transactions/PA30/","yes","yes","EXACT","EXACT","EXACT","EXACT","n/a","EXACT","n/a","EXACT","n/a","n/a","n/a","n/a","NEW-IN-NEO","EXACT","5/14","EXACT","P3","all 14 named facts that the data answers are rendered on the NEO page"
"PA40","HR","light","/tcode/PA40/","/neo/transactions/PA40/","yes","yes","EXACT","EXACT","EXACT","EXACT","n/a","EXACT","n/a","EXACT","n/a","n/a","n/a","n/a","NEW-IN-NEO","n/a","5/14","EXACT","P3","all 14 named facts that the data answers are rendered on the NEO page"
"PA41","HR","light","/tcode/PA41/","/neo/transactions/PA41/","yes","yes","EXACT","EXACT","EXACT","EXACT","n/a","EXACT","n/a","EXACT","n/a","n/a","n/a","n/a","NEW-IN-NEO","n/a","5/14","EXACT","P3","all 14 named facts that the data answers are rendered on the NEO page"
"PA42","HR","light","/tcode/PA42/","/neo/transactions/PA42/","yes","yes","EXACT","EXACT","EXACT","EXACT","n/a","EXACT","n/a","EXACT","n/a","n/a","n/a","n/a","NEW-IN-NEO","n/a","5/14","EXACT","P3","all 14 named facts that the data answers are rendered on the NEO page"
"PA48","HR","light","/tcode/PA48/","/neo/transactions/PA48/","yes","yes","EXACT","EXACT","EXACT","EXACT","n/a","EXACT","n/a","EXACT","n/a","n/a","n/a","n/a","NEW-IN-NEO","n/a","5/14","EXACT","P3","all 14 named facts that the data answers are rendered on the NEO page"
"PA51","HR","light","/tcode/PA51/","/neo/transactions/PA51/","yes","yes","EXACT","EXACT","EXACT","EXACT","n/a","EXACT","n/a","EXACT","n/a","n/a","n/a","n/a","NEW-IN-NEO","n/a","5/14","EXACT","P3","all 14 named facts that the data answers are rendered on the NEO page"
"PA53","HR","light","/tcode/PA53/","/neo/transactions/PA53/","yes","yes","EXACT","EXACT","EXACT","EXACT","n/a","EXACT","n/a","EXACT","n/a","n/a","n/a","n/a","NEW-IN-NEO","n/a","5/14","EXACT","P3","all 14 named facts that the data answers are rendered on the NEO page"
"PA61","HR","light","/tcode/PA61/","/neo/transactions/PA61/","yes","yes","EXACT","EXACT","EXACT","EXACT","n/a","EXACT","n/a","EXACT","n/a","n/a","n/a","n/a","NEW-IN-NEO","n/a","5/14","EXACT","P3","all 14 named facts that the data answers are rendered on the NEO page"
"PA62","HR","light","/tcode/PA62/","/neo/transactions/PA62/","yes","yes","EXACT","EXACT","EXACT","EXACT","n/a","EXACT","n/a","EXACT","n/a","n/a","n/a","n/a","NEW-IN-NEO","EXACT","5/14","EXACT","P3","all 14 named facts that the data answers are rendered on the NEO page"
"PA63","HR","light","/tcode/PA63/","/neo/transactions/PA63/","yes","yes","EXACT","EXACT","EXACT","EXACT","n/a","EXACT","n/a","EXACT","n/a","n/a","n/a","n/a","NEW-IN-NEO","n/a","5/14","EXACT","P3","all 14 named facts that the data answers are rendered on the NEO page"
"PA64","HR","light","/tcode/PA64/","/neo/transactions/PA64/","yes","yes","EXACT","EXACT","EXACT","EXACT","n/a","EXACT","n/a","EXACT","n/a","n/a","n/a","n/a","NEW-IN-NEO","n/a","5/14","EXACT","P3","all 14 named facts that the data answers are rendered on the NEO page"
"PA70","HR","light","/tcode/PA70/","/neo/transactions/PA70/","yes","yes","EXACT","EXACT","EXACT","EXACT","n/a","EXACT","n/a","EXACT","n/a","n/a","n/a","n/a","NEW-IN-NEO","n/a","5/14","EXACT","P3","all 14 named facts that the data answers are rendered on the NEO page"
"PA71","HR","light","/tcode/PA71/","/neo/transactions/PA71/","yes","yes","EXACT","EXACT","EXACT","EXACT","n/a","EXACT","n/a","EXACT","n/a","n/a","n/a","n/a","NEW-IN-NEO","n/a","5/14","EXACT","P3","all 14 named facts that the data answers are rendered on the NEO page"
"PACT","HR","light","/tcode/PACT/","/neo/transactions/PACT/","yes","yes","EXACT","EXACT","EXACT","EXACT","n/a","EXACT","n/a","EXACT","n/a","n/a","n/a","n/a","NEW-IN-NEO","n/a","5/14","EXACT","P3","all 14 named facts that the data answers are rendered on the NEO page"
"PB10","HR","light","/tcode/PB10/","/neo/transactions/PB10/","yes","yes","EXACT","EXACT","EXACT","EXACT","n/a","EXACT","n/a","EXACT","n/a","n/a","n/a","n/a","NEW-IN-NEO","EXACT","5/14","EXACT","P3","all 14 named facts that the data answers are rendered on the NEO page"
"PB20","HR","light","/tcode/PB20/","/neo/transactions/PB20/","yes","yes","EXACT","EXACT","EXACT","EXACT","n/a","EXACT","n/a","EXACT","n/a","n/a","n/a","n/a","NEW-IN-NEO","EXACT","5/14","EXACT","P3","all 14 named facts that the data answers are rendered on the NEO page"
"PB30","HR","light","/tcode/PB30/","/neo/transactions/PB30/","yes","yes","EXACT","EXACT","EXACT","EXACT","n/a","EXACT","n/a","EXACT","n/a","n/a","n/a","n/a","NEW-IN-NEO","EXACT","5/14","EXACT","P3","all 14 named facts that the data answers are rendered on the NEO page"
"PB40","HR","light","/tcode/PB40/","/neo/transactions/PB40/","yes","yes","EXACT","EXACT","EXACT","EXACT","n/a","EXACT","n/a","EXACT","n/a","n/a","n/a","n/a","NEW-IN-NEO","n/a","5/14","EXACT","P3","all 14 named facts that the data answers are rendered on the NEO page"
"PB50","HR","light","/tcode/PB50/","/neo/transactions/PB50/","yes","yes","EXACT","EXACT","EXACT","EXACT","n/a","EXACT","n/a","EXACT","n/a","n/a","n/a","n/a","NEW-IN-NEO","n/a","5/14","EXACT","P3","all 14 named facts that the data answers are rendered on the NEO page"
"PB60","HR","light","/tcode/PB60/","/neo/transactions/PB60/","yes","yes","EXACT","EXACT","EXACT","EXACT","n/a","EXACT","n/a","EXACT","n/a","n/a","n/a","n/a","NEW-IN-NEO","n/a","5/14","EXACT","P3","all 14 named facts that the data answers are rendered on the NEO page"
"PB80","HR","light","/tcode/PB80/","/neo/transactions/PB80/","yes","yes","EXACT","EXACT","EXACT","EXACT","n/a","EXACT","n/a","EXACT","n/a","n/a","n/a","n/a","NEW-IN-NEO","n/a","5/14","EXACT","P3","all 14 named facts that the data answers are rendered on the NEO page"
"PC00","HR","light","/tcode/PC00/","/neo/transactions/PC00/","yes","yes","EXACT","EXACT","EXACT","EXACT","n/a","EXACT","n/a","EXACT","n/a","n/a","n/a","n/a","NEW-IN-NEO","n/a","5/14","EXACT","P3","all 14 named facts that the data answers are rendered on the NEO page"
"PC10","HR","light","/tcode/PC10/","/neo/transactions/PC10/","yes","yes","EXACT","EXACT","EXACT","EXACT","n/a","EXACT","n/a","EXACT","n/a","n/a","n/a","n/a","NEW-IN-NEO","n/a","5/14","EXACT","P3","all 14 named facts that the data answers are rendered on the NEO page"
"PCP0","HR","light","/tcode/PCP0/","/neo/transactions/PCP0/","yes","yes","EXACT","EXACT","EXACT","EXACT","n/a","EXACT","n/a","EXACT","n/a","n/a","n/a","n/a","NEW-IN-NEO","n/a","5/14","EXACT","P3","all 14 named facts that the data answers are rendered on the NEO page"
"PC_PAYRESULT","HR","light","/tcode/PC_PAYRESULT/","/neo/transactions/PC_PAYRESULT/","yes","yes","EXACT","EXACT","EXACT","EXACT","n/a","EXACT","n/a","EXACT","n/a","n/a","n/a","n/a","NEW-IN-NEO","n/a","5/14","EXACT","P3","all 14 named facts that the data answers are rendered on the NEO page"
"PE01","HR","light","/tcode/PE01/","/neo/transactions/PE01/","yes","yes","EXACT","EXACT","EXACT","EXACT","n/a","EXACT","n/a","EXACT","n/a","n/a","n/a","n/a","NEW-IN-NEO","EXACT","5/14","EXACT","P3","all 14 named facts that the data answers are rendered on the NEO page"
"PE02","HR","light","/tcode/PE02/","/neo/transactions/PE02/","yes","yes","EXACT","EXACT","EXACT","EXACT","n/a","EXACT","n/a","EXACT","n/a","n/a","n/a","n/a","NEW-IN-NEO","EXACT","5/14","EXACT","P3","all 14 named facts that the data answers are rendered on the NEO page"
"PE03","HR","light","/tcode/PE03/","/neo/transactions/PE03/","yes","yes","EXACT","EXACT","EXACT","EXACT","n/a","EXACT","n/a","EXACT","n/a","n/a","n/a","n/a","NEW-IN-NEO","EXACT","5/14","EXACT","P3","all 14 named facts that the data answers are rendered on the NEO page"
"PE04","HR","light","/tcode/PE04/","/neo/transactions/PE04/","yes","yes","EXACT","EXACT","EXACT","EXACT","n/a","EXACT","n/a","EXACT","n/a","n/a","n/a","n/a","NEW-IN-NEO","EXACT","5/14","EXACT","P3","all 14 named facts that the data answers are rendered on the NEO page"
"PE51","HR","light","/tcode/PE51/","/neo/transactions/PE51/","yes","yes","EXACT","EXACT","EXACT","EXACT","n/a","EXACT","n/a","EXACT","n/a","n/a","n/a","n/a","NEW-IN-NEO","EXACT","5/14","EXACT","P3","all 14 named facts that the data answers are rendered on the NEO page"
"PEDT","HR","light","/tcode/PEDT/","/neo/transactions/PEDT/","yes","yes","EXACT","EXACT","EXACT","EXACT","n/a","EXACT","n/a","EXACT","n/a","n/a","n/a","n/a","n/a","EXACT","4/14","EXACT","P3","all 14 named facts that the data answers are rendered on the NEO page"
"PEPM","HR","light","/tcode/PEPM/","/neo/transactions/PEPM/","yes","yes","EXACT","EXACT","EXACT","EXACT","n/a","EXACT","n/a","EXACT","n/a","n/a","n/a","n/a","NEW-IN-NEO","n/a","5/14","EXACT","P3","all 14 named facts that the data answers are rendered on the NEO page"
"PEST","HR","light","/tcode/PEST/","/neo/transactions/PEST/","yes","yes","EXACT","EXACT","EXACT","EXACT","n/a","EXACT","n/a","EXACT","n/a","n/a","n/a","n/a","n/a","n/a","4/14","EXACT","P3","all 14 named facts that the data answers are rendered on the NEO page"
"PFAC","HR","light","/tcode/PFAC/","/neo/transactions/PFAC/","yes","yes","EXACT","EXACT","EXACT","EXACT","n/a","EXACT","n/a","EXACT","n/a","n/a","n/a","n/a","n/a","n/a","4/14","EXACT","P3","all 14 named facts that the data answers are rendered on the NEO page"
"PFAL","HR","light","/tcode/PFAL/","/neo/transactions/PFAL/","yes","yes","EXACT","EXACT","EXACT","EXACT","n/a","EXACT","n/a","EXACT","n/a","n/a","n/a","n/a","n/a","EXACT","4/14","EXACT","P3","all 14 named facts that the data answers are rendered on the NEO page"
"PFCG","SECURITY","light","/tcode/PFCG/","/neo/transactions/PFCG/","yes","yes","EXACT","EXACT","EXACT","EXACT","n/a","EXACT","n/a","EXACT","n/a","n/a","n/a","n/a","n/a","n/a","5/14","EXACT","P3","all 14 named facts that the data answers are rendered on the NEO page"
"PFCGMASSVAL","SECURITY","light","/tcode/PFCGMASSVAL/","/neo/transactions/PFCGMASSVAL/","yes","yes","EXACT","EXACT","EXACT","EXACT","n/a","EXACT","n/a","EXACT","n/a","n/a","n/a","n/a","NEW-IN-NEO","n/a","5/14","EXACT","P3","all 14 named facts that the data answers are rendered on the NEO page"
"PFCG_CHANGE","SECURITY","light","/tcode/PFCG_CHANGE/","/neo/transactions/PFCG_CHANGE/","yes","yes","EXACT","EXACT","EXACT","EXACT","n/a","EXACT","n/a","EXACT","n/a","n/a","n/a","n/a","NEW-IN-NEO","n/a","5/14","EXACT","P3","all 14 named facts that the data answers are rendered on the NEO page"
"PFTC","BASIS","light","/tcode/PFTC/","/neo/transactions/PFTC/","yes","yes","EXACT","EXACT","EXACT","n/a","n/a","EXACT","n/a","EXACT","n/a","n/a","n/a","n/a","n/a","n/a","3/14","EXACT","P3","all 14 named facts that the data answers are rendered on the NEO page"
"PFUD","BASIS","light","/tcode/PFUD/","/neo/transactions/PFUD/","yes","yes","EXACT","EXACT","EXACT","EXACT","n/a","EXACT","n/a","EXACT","n/a","n/a","n/a","n/a","NEW-IN-NEO","EXACT","5/14","EXACT","P3","all 14 named facts that the data answers are rendered on the NEO page"
"PHAP_ADMIN","HR","light","/tcode/PHAP_ADMIN/","/neo/transactions/PHAP_ADMIN/","yes","yes","EXACT","EXACT","EXACT","EXACT","n/a","EXACT","n/a","EXACT","n/a","n/a","n/a","n/a","NEW-IN-NEO","n/a","5/14","EXACT","P3","all 14 named facts that the data answers are rendered on the NEO page"
"PHAP_CATALOG","HR","light","/tcode/PHAP_CATALOG/","/neo/transactions/PHAP_CATALOG/","yes","yes","EXACT","EXACT","EXACT","EXACT","n/a","EXACT","n/a","EXACT","n/a","n/a","n/a","n/a","NEW-IN-NEO","n/a","5/14","EXACT","P3","all 14 named facts that the data answers are rendered on the NEO page"
"PHAP_CHANGE","HR","light","/tcode/PHAP_CHANGE/","/neo/transactions/PHAP_CHANGE/","yes","yes","EXACT","EXACT","EXACT","EXACT","n/a","EXACT","n/a","EXACT","n/a","n/a","n/a","n/a","NEW-IN-NEO","n/a","5/14","EXACT","P3","all 14 named facts that the data answers are rendered on the NEO page"
"PHAP_CREATE","HR","light","/tcode/PHAP_CREATE/","/neo/transactions/PHAP_CREATE/","yes","yes","EXACT","EXACT","EXACT","EXACT","n/a","EXACT","n/a","EXACT","n/a","n/a","n/a","n/a","NEW-IN-NEO","n/a","5/14","EXACT","P3","all 14 named facts that the data answers are rendered on the NEO page"
"PM01","HR","light","/tcode/PM01/","/neo/transactions/PM01/","yes","yes","EXACT","EXACT","EXACT","EXACT","n/a","EXACT","n/a","EXACT","n/a","n/a","n/a","n/a","NEW-IN-NEO","EXACT","5/14","EXACT","P3","all 14 named facts that the data answers are rendered on the NEO page"
"PO03","HR","light","/tcode/PO03/","/neo/transactions/PO03/","yes","yes","EXACT","EXACT","EXACT","EXACT","n/a","EXACT","n/a","EXACT","n/a","n/a","n/a","n/a","NEW-IN-NEO","n/a","5/14","EXACT","P3","all 14 named facts that the data answers are rendered on the NEO page"
"PO10","HR","light","/tcode/PO10/","/neo/transactions/PO10/","yes","yes","EXACT","EXACT","EXACT","EXACT","n/a","EXACT","n/a","EXACT","n/a","n/a","n/a","n/a","NEW-IN-NEO","n/a","5/14","EXACT","P3","all 14 named facts that the data answers are rendered on the NEO page"
"PO13","HR","light","/tcode/PO13/","/neo/transactions/PO13/","yes","yes","EXACT","EXACT","EXACT","EXACT","n/a","EXACT","n/a","EXACT","n/a","n/a","n/a","n/a","NEW-IN-NEO","n/a","5/14","EXACT","P3","all 14 named facts that the data answers are rendered on the NEO page"
"PO14","HR","light","/tcode/PO14/","/neo/transactions/PO14/","yes","yes","EXACT","EXACT","EXACT","EXACT","n/a","EXACT","n/a","EXACT","n/a","n/a","n/a","n/a","NEW-IN-NEO","n/a","5/14","EXACT","P3","all 14 named facts that the data answers are rendered on the NEO page"
"PP01","HR","light","/tcode/PP01/","/neo/transactions/PP01/","yes","yes","EXACT","EXACT","EXACT","EXACT","n/a","EXACT","n/a","EXACT","n/a","n/a","n/a","n/a","NEW-IN-NEO","n/a","5/14","EXACT","P3","all 14 named facts that the data answers are rendered on the NEO page"
"PP02","HR","light","/tcode/PP02/","/neo/transactions/PP02/","yes","yes","EXACT","EXACT","EXACT","EXACT","n/a","EXACT","n/a","EXACT","n/a","n/a","n/a","n/a","NEW-IN-NEO","n/a","5/14","EXACT","P3","all 14 named facts that the data answers are rendered on the NEO page"
"PP03","HR","light","/tcode/PP03/","/neo/transactions/PP03/","yes","yes","EXACT","EXACT","EXACT","EXACT","n/a","EXACT","n/a","EXACT","n/a","n/a","n/a","n/a","NEW-IN-NEO","n/a","5/14","EXACT","P3","all 14 named facts that the data answers are rendered on the NEO page"
"PPCI","HR","light","/tcode/PPCI/","/neo/transactions/PPCI/","yes","yes","EXACT","EXACT","EXACT","EXACT","n/a","EXACT","n/a","EXACT","n/a","n/a","n/a","n/a","NEW-IN-NEO","EXACT","5/14","EXACT","P3","all 14 named facts that the data answers are rendered on the NEO page"
"PPOCE","HR","light","/tcode/PPOCE/","/neo/transactions/PPOCE/","yes","yes","EXACT","EXACT","EXACT","EXACT","n/a","EXACT","n/a","EXACT","n/a","n/a","n/a","n/a","NEW-IN-NEO","n/a","5/14","EXACT","P3","all 14 named facts that the data answers are rendered on the NEO page"
"PPOM","HR","light","/tcode/PPOM/","/neo/transactions/PPOM/","yes","yes","EXACT","EXACT","EXACT","EXACT","n/a","EXACT","n/a","EXACT","n/a","n/a","n/a","n/a","NEW-IN-NEO","n/a","5/14","EXACT","P3","all 14 named facts that the data answers are rendered on the NEO page"
"PPOME","HR","light","/tcode/PPOME/","/neo/transactions/PPOME/","yes","yes","EXACT","EXACT","EXACT","EXACT","n/a","EXACT","n/a","EXACT","n/a","n/a","n/a","n/a","NEW-IN-NEO","n/a","5/14","EXACT","P3","all 14 named facts that the data answers are rendered on the NEO page"
"PPOM_OLD","HR","light","/tcode/PPOM_OLD/","/neo/transactions/PPOM_OLD/","yes","yes","EXACT","EXACT","EXACT","EXACT","n/a","EXACT","n/a","EXACT","n/a","n/a","n/a","n/a","NEW-IN-NEO","n/a","5/14","EXACT","P3","all 14 named facts that the data answers are rendered on the NEO page"
"PPOSE","HR","light","/tcode/PPOSE/","/neo/transactions/PPOSE/","yes","yes","EXACT","EXACT","EXACT","EXACT","n/a","EXACT","n/a","EXACT","n/a","n/a","n/a","n/a","NEW-IN-NEO","n/a","5/14","EXACT","P3","all 14 named facts that the data answers are rendered on the NEO page"
"PPSC","HR","light","/tcode/PPSC/","/neo/transactions/PPSC/","yes","yes","EXACT","EXACT","EXACT","EXACT","n/a","EXACT","n/a","EXACT","n/a","n/a","n/a","n/a","NEW-IN-NEO","n/a","5/14","EXACT","P3","all 14 named facts that the data answers are rendered on the NEO page"
"PPSS","HR","light","/tcode/PPSS/","/neo/transactions/PPSS/","yes","yes","EXACT","EXACT","EXACT","EXACT","n/a","EXACT","n/a","EXACT","n/a","n/a","n/a","n/a","NEW-IN-NEO","n/a","5/14","EXACT","P3","all 14 named facts that the data answers are rendered on the NEO page"
"PQ01","HR","light","/tcode/PQ01/","/neo/transactions/PQ01/","yes","yes","EXACT","EXACT","EXACT","EXACT","n/a","EXACT","NEW-IN-NEO","EXACT","n/a","n/a","n/a","n/a","NEW-IN-NEO","EXACT","6/14","EXACT","P3","all 14 named facts that the data answers are rendered on the NEO page"
"PQ02","HR","light","/tcode/PQ02/","/neo/transactions/PQ02/","yes","yes","EXACT","EXACT","EXACT","EXACT","n/a","EXACT","n/a","EXACT","n/a","n/a","n/a","n/a","NEW-IN-NEO","n/a","5/14","EXACT","P3","all 14 named facts that the data answers are rendered on the NEO page"
"PQ03","HR","light","/tcode/PQ03/","/neo/transactions/PQ03/","yes","yes","EXACT","EXACT","EXACT","EXACT","n/a","EXACT","n/a","EXACT","n/a","n/a","n/a","n/a","NEW-IN-NEO","n/a","5/14","EXACT","P3","all 14 named facts that the data answers are rendered on the NEO page"
"PQ04","HR","light","/tcode/PQ04/","/neo/transactions/PQ04/","yes","yes","EXACT","EXACT","EXACT","EXACT","n/a","EXACT","n/a","EXACT","n/a","n/a","n/a","n/a","NEW-IN-NEO","n/a","5/14","EXACT","P3","all 14 named facts that the data answers are rendered on the NEO page"
"PQ10","HR","light","/tcode/PQ10/","/neo/transactions/PQ10/","yes","yes","EXACT","EXACT","EXACT","EXACT","n/a","EXACT","n/a","EXACT","n/a","n/a","n/a","n/a","NEW-IN-NEO","n/a","5/14","EXACT","P3","all 14 named facts that the data answers are rendered on the NEO page"
"PQ13","HR","light","/tcode/PQ13/","/neo/transactions/PQ13/","yes","yes","EXACT","EXACT","EXACT","EXACT","n/a","EXACT","n/a","EXACT","n/a","n/a","n/a","n/a","NEW-IN-NEO","n/a","5/14","EXACT","P3","all 14 named facts that the data answers are rendered on the NEO page"
"PQ14","HR","light","/tcode/PQ14/","/neo/transactions/PQ14/","yes","yes","EXACT","EXACT","EXACT","EXACT","n/a","EXACT","n/a","EXACT","n/a","n/a","n/a","n/a","NEW-IN-NEO","n/a","5/14","EXACT","P3","all 14 named facts that the data answers are rendered on the NEO page"
"PRD1","HR","light","/tcode/PRD1/","/neo/transactions/PRD1/","yes","yes","EXACT","EXACT","EXACT","EXACT","n/a","EXACT","n/a","EXACT","n/a","n/a","n/a","n/a","NEW-IN-NEO","n/a","5/14","EXACT","P3","all 14 named facts that the data answers are rendered on the NEO page"
"PRGN_COMPRESS_TIMES","SECURITY","light","/tcode/PRGN_COMPRESS_TIMES/","/neo/transactions/PRGN_COMPRESS_TIMES/","yes","yes","EXACT","EXACT","EXACT","EXACT","n/a","EXACT","n/a","EXACT","n/a","n/a","n/a","n/a","NEW-IN-NEO","n/a","5/14","EXACT","P3","all 14 named facts that the data answers are rendered on the NEO page"
"PRMD","HR","light","/tcode/PRMD/","/neo/transactions/PRMD/","yes","yes","EXACT","EXACT","EXACT","EXACT","n/a","EXACT","n/a","EXACT","n/a","n/a","n/a","n/a","NEW-IN-NEO","EXACT","5/14","EXACT","P3","all 14 named facts that the data answers are rendered on the NEO page"
"PSO5","HR","light","/tcode/PSO5/","/neo/transactions/PSO5/","yes","yes","EXACT","EXACT","EXACT","EXACT","n/a","EXACT","n/a","EXACT","n/a","n/a","n/a","n/a","NEW-IN-NEO","n/a","5/14","EXACT","P3","all 14 named facts that the data answers are rendered on the NEO page"
"PSOG","HR","light","/tcode/PSOG/","/neo/transactions/PSOG/","yes","yes","EXACT","EXACT","EXACT","EXACT","n/a","EXACT","n/a","EXACT","n/a","n/a","n/a","n/a","NEW-IN-NEO","n/a","5/14","EXACT","P3","all 14 named facts that the data answers are rendered on the NEO page"
"PSV1","HR","light","/tcode/PSV1/","/neo/transactions/PSV1/","yes","yes","EXACT","EXACT","EXACT","EXACT","n/a","EXACT","n/a","EXACT","n/a","n/a","n/a","n/a","NEW-IN-NEO","n/a","5/14","EXACT","P3","all 14 named facts that the data answers are rendered on the NEO page"
"PSV2","HR","light","/tcode/PSV2/","/neo/transactions/PSV2/","yes","yes","EXACT","EXACT","EXACT","EXACT","n/a","EXACT","n/a","EXACT","n/a","n/a","n/a","n/a","NEW-IN-NEO","n/a","5/14","EXACT","P3","all 14 named facts that the data answers are rendered on the NEO page"
"PSVT","HR","light","/tcode/PSVT/","/neo/transactions/PSVT/","yes","yes","EXACT","EXACT","EXACT","EXACT","n/a","EXACT","n/a","EXACT","n/a","n/a","n/a","n/a","NEW-IN-NEO","n/a","5/14","EXACT","P3","all 14 named facts that the data answers are rendered on the NEO page"
"PT01","HR","light","/tcode/PT01/","/neo/transactions/PT01/","yes","yes","EXACT","EXACT","EXACT","EXACT","n/a","EXACT","n/a","EXACT","n/a","n/a","n/a","n/a","NEW-IN-NEO","n/a","5/14","EXACT","P3","all 14 named facts that the data answers are rendered on the NEO page"
"PT02","HR","light","/tcode/PT02/","/neo/transactions/PT02/","yes","yes","EXACT","EXACT","EXACT","EXACT","n/a","EXACT","n/a","EXACT","n/a","n/a","n/a","n/a","NEW-IN-NEO","n/a","5/14","EXACT","P3","all 14 named facts that the data answers are rendered on the NEO page"
"PT03","HR","light","/tcode/PT03/","/neo/transactions/PT03/","yes","yes","EXACT","EXACT","EXACT","EXACT","n/a","EXACT","n/a","EXACT","n/a","n/a","n/a","n/a","NEW-IN-NEO","n/a","5/14","EXACT","P3","all 14 named facts that the data answers are rendered on the NEO page"
"PT50","HR","light","/tcode/PT50/","/neo/transactions/PT50/","yes","yes","EXACT","EXACT","EXACT","EXACT","n/a","EXACT","n/a","EXACT","n/a","n/a","n/a","n/a","NEW-IN-NEO","n/a","5/14","EXACT","P3","all 14 named facts that the data answers are rendered on the NEO page"
"PT60","HR","light","/tcode/PT60/","/neo/transactions/PT60/","yes","yes","EXACT","EXACT","EXACT","EXACT","n/a","EXACT","n/a","EXACT","n/a","n/a","n/a","n/a","NEW-IN-NEO","n/a","5/14","EXACT","P3","all 14 named facts that the data answers are rendered on the NEO page"
"PT61","HR","light","/tcode/PT61/","/neo/transactions/PT61/","yes","yes","EXACT","EXACT","EXACT","EXACT","n/a","EXACT","n/a","EXACT","n/a","n/a","n/a","n/a","NEW-IN-NEO","EXACT","5/14","EXACT","P3","all 14 named facts that the data answers are rendered on the NEO page"
"PT62","HR","light","/tcode/PT62/","/neo/transactions/PT62/","yes","yes","EXACT","EXACT","EXACT","EXACT","n/a","EXACT","n/a","EXACT","n/a","n/a","n/a","n/a","NEW-IN-NEO","n/a","5/14","EXACT","P3","all 14 named facts that the data answers are rendered on the NEO page"
"PT63","HR","light","/tcode/PT63/","/neo/transactions/PT63/","yes","yes","EXACT","EXACT","EXACT","EXACT","n/a","EXACT","n/a","EXACT","n/a","n/a","n/a","n/a","NEW-IN-NEO","n/a","5/14","EXACT","P3","all 14 named facts that the data answers are rendered on the NEO page"
"PTMW","HR","light","/tcode/PTMW/","/neo/transactions/PTMW/","yes","yes","EXACT","EXACT","EXACT","EXACT","n/a","EXACT","n/a","EXACT","n/a","n/a","n/a","n/a","NEW-IN-NEO","n/a","5/14","EXACT","P3","all 14 named facts that the data answers are rendered on the NEO page"
"PT_BAL00","HR","light","/tcode/PT_BAL00/","/neo/transactions/PT_BAL00/","yes","yes","EXACT","EXACT","EXACT","EXACT","n/a","EXACT","n/a","EXACT","n/a","n/a","n/a","n/a","NEW-IN-NEO","n/a","5/14","EXACT","P3","all 14 named facts that the data answers are rendered on the NEO page"
"PT_CLSTB2","HR","light","/tcode/PT_CLSTB2/","/neo/transactions/PT_CLSTB2/","yes","yes","EXACT","EXACT","EXACT","EXACT","n/a","EXACT","n/a","EXACT","n/a","n/a","n/a","n/a","NEW-IN-NEO","n/a","5/14","EXACT","P3","all 14 named facts that the data answers are rendered on the NEO page"
"PT_ERL00","HR","light","/tcode/PT_ERL00/","/neo/transactions/PT_ERL00/","yes","yes","EXACT","EXACT","EXACT","EXACT","n/a","EXACT","n/a","EXACT","n/a","n/a","n/a","n/a","NEW-IN-NEO","n/a","5/14","EXACT","P3","all 14 named facts that the data answers are rendered on the NEO page"
"PT_QTA00","HR","light","/tcode/PT_QTA00/","/neo/transactions/PT_QTA00/","yes","yes","EXACT","EXACT","EXACT","EXACT","n/a","EXACT","n/a","EXACT","n/a","n/a","n/a","n/a","NEW-IN-NEO","n/a","5/14","EXACT","P3","all 14 named facts that the data answers are rendered on the NEO page"
"PU00","HR","light","/tcode/PU00/","/neo/transactions/PU00/","yes","yes","EXACT","EXACT","EXACT","EXACT","n/a","EXACT","n/a","EXACT","n/a","n/a","n/a","n/a","NEW-IN-NEO","n/a","5/14","EXACT","P3","all 14 named facts that the data answers are rendered on the NEO page"
"PU01","HR","light","/tcode/PU01/","/neo/transactions/PU01/","yes","yes","EXACT","EXACT","EXACT","EXACT","n/a","EXACT","n/a","EXACT","n/a","n/a","n/a","n/a","NEW-IN-NEO","n/a","5/14","EXACT","P3","all 14 named facts that the data answers are rendered on the NEO page"
"PU03","HR","light","/tcode/PU03/","/neo/transactions/PU03/","yes","yes","EXACT","EXACT","EXACT","EXACT","n/a","EXACT","n/a","EXACT","n/a","n/a","n/a","n/a","NEW-IN-NEO","n/a","5/14","EXACT","P3","all 14 named facts that the data answers are rendered on the NEO page"
"PU12","HR","light","/tcode/PU12/","/neo/transactions/PU12/","yes","yes","EXACT","EXACT","EXACT","EXACT","n/a","EXACT","n/a","EXACT","n/a","n/a","n/a","n/a","NEW-IN-NEO","n/a","5/14","EXACT","P3","all 14 named facts that the data answers are rendered on the NEO page"
"PU19","HR","light","/tcode/PU19/","/neo/transactions/PU19/","yes","yes","EXACT","EXACT","EXACT","EXACT","n/a","EXACT","n/a","EXACT","n/a","n/a","n/a","n/a","NEW-IN-NEO","EXACT","5/14","EXACT","P3","all 14 named facts that the data answers are rendered on the NEO page"
"PUOC_10","HR","light","/tcode/PUOC_10/","/neo/transactions/PUOC_10/","yes","yes","EXACT","EXACT","EXACT","EXACT","n/a","EXACT","n/a","EXACT","n/a","n/a","n/a","n/a","NEW-IN-NEO","n/a","5/14","EXACT","P3","all 14 named facts that the data answers are rendered on the NEO page"
"PV00","HR","light","/tcode/PV00/","/neo/transactions/PV00/","yes","yes","EXACT","EXACT","EXACT","EXACT","n/a","EXACT","n/a","EXACT","n/a","n/a","n/a","n/a","NEW-IN-NEO","n/a","5/14","EXACT","P3","all 14 named facts that the data answers are rendered on the NEO page"
"QA01","QM","deep","/tcode/QA01/","/neo/transactions/QA01/","yes","yes","EXACT","EXACT","EXACT","EXACT","EXACT","EXACT","EXACT","EXACT","n/a","EXACT","n/a","EXACT","EXACT","n/a","11/14","TRANSFORMED","P2","14 named facts intact; NEO's TxDetail model does not carry: beginner · consultant · bestPractices · certTips · ossKeywords · interview"
"QA02","QM","deep","/tcode/QA02/","/neo/transactions/QA02/","yes","yes","EXACT","EXACT","EXACT","EXACT","EXACT","EXACT","EXACT","EXACT","n/a","EXACT","n/a","EXACT","EXACT","n/a","11/14","TRANSFORMED","P2","14 named facts intact; NEO's TxDetail model does not carry: beginner · consultant · bestPractices · certTips · ossKeywords · interview"
"QA03","QM","deep","/tcode/QA03/","/neo/transactions/QA03/","yes","yes","EXACT","EXACT","EXACT","EXACT","EXACT","EXACT","EXACT","EXACT","n/a","EXACT","n/a","EXACT","EXACT","n/a","11/14","TRANSFORMED","P2","14 named facts intact; NEO's TxDetail model does not carry: beginner · consultant · bestPractices · certTips · ossKeywords · interview"
"QA05","QM","light","/tcode/QA05/","/neo/transactions/QA05/","yes","yes","EXACT","EXACT","EXACT","EXACT","n/a","EXACT","n/a","EXACT","n/a","n/a","n/a","n/a","NEW-IN-NEO","n/a","5/14","EXACT","P3","all 14 named facts that the data answers are rendered on the NEO page"
"QA06","QM","light","/tcode/QA06/","/neo/transactions/QA06/","yes","yes","EXACT","EXACT","EXACT","EXACT","n/a","EXACT","n/a","EXACT","n/a","n/a","n/a","n/a","NEW-IN-NEO","n/a","5/14","EXACT","P3","all 14 named facts that the data answers are rendered on the NEO page"
"QA07","QM","light","/tcode/QA07/","/neo/transactions/QA07/","yes","yes","EXACT","EXACT","EXACT","EXACT","n/a","EXACT","n/a","EXACT","n/a","n/a","n/a","n/a","NEW-IN-NEO","n/a","5/14","EXACT","P3","all 14 named facts that the data answers are rendered on the NEO page"
"QA08","QM","deep","/tcode/QA08/","/neo/transactions/QA08/","yes","yes","EXACT","EXACT","EXACT","EXACT","EXACT","EXACT","EXACT","EXACT","n/a","EXACT","n/a","n/a","EXACT","EXACT","11/14","TRANSFORMED","P2","14 named facts intact; NEO's TxDetail model does not carry: beginner · consultant · bestPractices · certTips · ossKeywords · interview"
"QA10","QM","light","/tcode/QA10/","/neo/transactions/QA10/","yes","yes","EXACT","EXACT","EXACT","EXACT","n/a","EXACT","n/a","EXACT","n/a","n/a","n/a","n/a","NEW-IN-NEO","n/a","5/14","EXACT","P3","all 14 named facts that the data answers are rendered on the NEO page"
"QA11","QM","deep","/tcode/QA11/","/neo/transactions/QA11/","yes","yes","EXACT","EXACT","EXACT","EXACT","EXACT","EXACT","EXACT","EXACT","EXACT","EXACT","n/a","EXACT","EXACT","EXACT","13/14","TRANSFORMED","P2","14 named facts intact; NEO's TxDetail model does not carry: beginner · consultant · bestPractices · certTips · ossKeywords · interview"
"QA12","QM","deep","/tcode/QA12/","/neo/transactions/QA12/","yes","yes","EXACT","EXACT","EXACT","EXACT","EXACT","EXACT","EXACT","EXACT","EXACT","EXACT","n/a","EXACT","EXACT","n/a","12/14","TRANSFORMED","P2","14 named facts intact; NEO's TxDetail model does not carry: beginner · consultant · bestPractices · certTips · ossKeywords · interview"
"QA13","QM","deep","/tcode/QA13/","/neo/transactions/QA13/","yes","yes","EXACT","EXACT","EXACT","EXACT","EXACT","EXACT","EXACT","EXACT","n/a","EXACT","n/a","EXACT","EXACT","n/a","11/14","TRANSFORMED","P2","14 named facts intact; NEO's TxDetail model does not carry: beginner · consultant · bestPractices · certTips · ossKeywords · interview"
"QA14","QM","deep","/tcode/QA14/","/neo/transactions/QA14/","yes","yes","EXACT","EXACT","EXACT","EXACT","EXACT","EXACT","EXACT","EXACT","n/a","EXACT","n/a","EXACT","EXACT","n/a","11/14","TRANSFORMED","P2","14 named facts intact; NEO's TxDetail model does not carry: beginner · consultant · bestPractices · certTips · ossKeywords · interview"
"QA16","QM","light","/tcode/QA16/","/neo/transactions/QA16/","yes","yes","EXACT","EXACT","EXACT","EXACT","n/a","EXACT","n/a","EXACT","n/a","n/a","n/a","n/a","NEW-IN-NEO","n/a","5/14","EXACT","P3","all 14 named facts that the data answers are rendered on the NEO page"
"QA17","QM","light","/tcode/QA17/","/neo/transactions/QA17/","yes","yes","EXACT","EXACT","EXACT","EXACT","n/a","EXACT","n/a","EXACT","n/a","n/a","n/a","n/a","NEW-IN-NEO","n/a","5/14","EXACT","P3","all 14 named facts that the data answers are rendered on the NEO page"
"QA18","QM","light","/tcode/QA18/","/neo/transactions/QA18/","yes","yes","EXACT","EXACT","EXACT","EXACT","n/a","EXACT","n/a","EXACT","n/a","n/a","n/a","n/a","NEW-IN-NEO","n/a","5/14","EXACT","P3","all 14 named facts that the data answers are rendered on the NEO page"
"QA19","QM","light","/tcode/QA19/","/neo/transactions/QA19/","yes","yes","EXACT","EXACT","EXACT","EXACT","n/a","EXACT","n/a","EXACT","n/a","n/a","n/a","n/a","NEW-IN-NEO","n/a","5/14","EXACT","P3","all 14 named facts that the data answers are rendered on the NEO page"
"QA22","QM","light","/tcode/QA22/","/neo/transactions/QA22/","yes","yes","EXACT","EXACT","EXACT","EXACT","n/a","EXACT","n/a","EXACT","n/a","n/a","n/a","n/a","NEW-IN-NEO","n/a","5/14","EXACT","P3","all 14 named facts that the data answers are rendered on the NEO page"
"QA32","QM","deep","/tcode/QA32/","/neo/transactions/QA32/","yes","yes","EXACT","EXACT","EXACT","EXACT","EXACT","EXACT","EXACT","EXACT","EXACT","EXACT","n/a","EXACT","EXACT","EXACT","13/14","TRANSFORMED","P2","14 named facts intact; NEO's TxDetail model does not carry: beginner · consultant · bestPractices · certTips · ossKeywords · interview · businessExample · techExample · debugSteps · perfNotes · prodTips"
"QA33","QM","deep","/tcode/QA33/","/neo/transactions/QA33/","yes","yes","EXACT","EXACT","EXACT","EXACT","EXACT","EXACT","EXACT","EXACT","EXACT","EXACT","n/a","EXACT","EXACT","EXACT","12/14","TRANSFORMED","P2","14 named facts intact; NEO's TxDetail model does not carry: beginner · consultant · bestPractices · certTips · ossKeywords · interview"
"QA51","QM","light","/tcode/QA51/","/neo/transactions/QA51/","yes","yes","EXACT","EXACT","EXACT","EXACT","n/a","EXACT","n/a","EXACT","n/a","n/a","n/a","n/a","NEW-IN-NEO","n/a","5/14","EXACT","P3","all 14 named facts that the data answers are rendered on the NEO page"
"QA52","QM","light","/tcode/QA52/","/neo/transactions/QA52/","yes","yes","EXACT","EXACT","EXACT","EXACT","n/a","EXACT","n/a","EXACT","n/a","n/a","n/a","n/a","NEW-IN-NEO","n/a","5/14","EXACT","P3","all 14 named facts that the data answers are rendered on the NEO page"
"QC01","QM","deep","/tcode/QC01/","/neo/transactions/QC01/","yes","yes","EXACT","EXACT","EXACT","EXACT","EXACT","EXACT","EXACT","EXACT","n/a","EXACT","n/a","n/a","EXACT","EXACT","11/14","TRANSFORMED","P2","14 named facts intact; NEO's TxDetail model does not carry: beginner · consultant · bestPractices · certTips · ossKeywords · interview"
"QC02","QM","deep","/tcode/QC02/","/neo/transactions/QC02/","yes","yes","EXACT","EXACT","EXACT","EXACT","EXACT","EXACT","EXACT","EXACT","n/a","EXACT","n/a","n/a","EXACT","EXACT","10/14","TRANSFORMED","P2","14 named facts intact; NEO's TxDetail model does not carry: beginner · consultant · bestPractices · certTips · ossKeywords · interview"
"QC03","QM","deep","/tcode/QC03/","/neo/transactions/QC03/","yes","yes","EXACT","EXACT","EXACT","EXACT","EXACT","EXACT","EXACT","EXACT","n/a","EXACT","n/a","n/a","EXACT","n/a","10/14","TRANSFORMED","P2","14 named facts intact; NEO's TxDetail model does not carry: beginner · consultant · bestPractices · certTips · ossKeywords · interview"
"QC10","QM","light","/tcode/QC10/","/neo/transactions/QC10/","yes","yes","EXACT","EXACT","EXACT","EXACT","n/a","EXACT","n/a","EXACT","n/a","n/a","n/a","n/a","NEW-IN-NEO","n/a","5/14","EXACT","P3","all 14 named facts that the data answers are rendered on the NEO page"
"QC20","QM","light","/tcode/QC20/","/neo/transactions/QC20/","yes","yes","EXACT","EXACT","EXACT","EXACT","n/a","EXACT","n/a","EXACT","n/a","n/a","n/a","n/a","NEW-IN-NEO","n/a","6/14","EXACT","P3","all 14 named facts that the data answers are rendered on the NEO page"
"QC21","QM","light","/tcode/QC21/","/neo/transactions/QC21/","yes","yes","EXACT","EXACT","EXACT","EXACT","n/a","EXACT","n/a","EXACT","n/a","n/a","n/a","n/a","NEW-IN-NEO","n/a","5/14","EXACT","P3","all 14 named facts that the data answers are rendered on the NEO page"
"QC22","QM","light","/tcode/QC22/","/neo/transactions/QC22/","yes","yes","EXACT","EXACT","EXACT","EXACT","n/a","EXACT","n/a","EXACT","n/a","n/a","n/a","n/a","NEW-IN-NEO","n/a","5/14","EXACT","P3","all 14 named facts that the data answers are rendered on the NEO page"
"QC23","QM","light","/tcode/QC23/","/neo/transactions/QC23/","yes","yes","EXACT","EXACT","EXACT","EXACT","n/a","EXACT","n/a","EXACT","n/a","n/a","n/a","n/a","NEW-IN-NEO","n/a","5/14","EXACT","P3","all 14 named facts that the data answers are rendered on the NEO page"
"QC31","QM","light","/tcode/QC31/","/neo/transactions/QC31/","yes","yes","EXACT","EXACT","EXACT","EXACT","n/a","EXACT","n/a","EXACT","n/a","n/a","n/a","n/a","NEW-IN-NEO","n/a","5/14","EXACT","P3","all 14 named facts that the data answers are rendered on the NEO page"
"QC32","QM","light","/tcode/QC32/","/neo/transactions/QC32/","yes","yes","EXACT","EXACT","EXACT","EXACT","n/a","EXACT","n/a","EXACT","n/a","n/a","n/a","n/a","NEW-IN-NEO","n/a","5/14","EXACT","P3","all 14 named facts that the data answers are rendered on the NEO page"
"QC51","QM","deep","/tcode/QC51/","/neo/transactions/QC51/","yes","yes","EXACT","EXACT","EXACT","EXACT","EXACT","EXACT","EXACT","EXACT","n/a","EXACT","n/a","n/a","EXACT","n/a","10/14","TRANSFORMED","P2","14 named facts intact; NEO's TxDetail model does not carry: beginner · consultant · bestPractices · certTips · ossKeywords · interview"
"QC55","QM","deep","/tcode/QC55/","/neo/transactions/QC55/","yes","yes","EXACT","EXACT","EXACT","EXACT","EXACT","EXACT","EXACT","EXACT","n/a","EXACT","n/a","n/a","EXACT","EXACT","10/14","TRANSFORMED","P2","14 named facts intact; NEO's TxDetail model does not carry: beginner · consultant · bestPractices · certTips · ossKeywords · interview"
"QCC0","QM","light","/tcode/QCC0/","/neo/transactions/QCC0/","yes","yes","EXACT","EXACT","EXACT","EXACT","n/a","EXACT","EXACT","EXACT","n/a","n/a","n/a","n/a","NEW-IN-NEO","EXACT","6/14","EXACT","P3","all 14 named facts that the data answers are rendered on the NEO page"
"QDB1","QM","light","/tcode/QDB1/","/neo/transactions/QDB1/","yes","yes","EXACT","EXACT","EXACT","EXACT","n/a","EXACT","n/a","EXACT","n/a","n/a","n/a","n/a","NEW-IN-NEO","n/a","5/14","EXACT","P3","all 14 named facts that the data answers are rendered on the NEO page"
"QDB2","QM","light","/tcode/QDB2/","/neo/transactions/QDB2/","yes","yes","EXACT","EXACT","EXACT","EXACT","n/a","EXACT","n/a","EXACT","n/a","n/a","n/a","n/a","NEW-IN-NEO","n/a","5/14","EXACT","P3","all 14 named facts that the data answers are rendered on the NEO page"
"QDB3","QM","light","/tcode/QDB3/","/neo/transactions/QDB3/","yes","yes","EXACT","EXACT","EXACT","EXACT","n/a","EXACT","n/a","EXACT","n/a","n/a","n/a","n/a","NEW-IN-NEO","n/a","5/14","EXACT","P3","all 14 named facts that the data answers are rendered on the NEO page"
"QDL1","QM","light","/tcode/QDL1/","/neo/transactions/QDL1/","yes","yes","EXACT","EXACT","EXACT","EXACT","n/a","EXACT","NEW-IN-NEO","EXACT","n/a","n/a","n/a","n/a","NEW-IN-NEO","EXACT","6/14","EXACT","P3","all 14 named facts that the data answers are rendered on the NEO page"
"QDR1","QM","light","/tcode/QDR1/","/neo/transactions/QDR1/","yes","yes","EXACT","EXACT","EXACT","EXACT","n/a","EXACT","n/a","EXACT","n/a","n/a","n/a","n/a","NEW-IN-NEO","EXACT","5/14","EXACT","P3","all 14 named facts that the data answers are rendered on the NEO page"
"QDR2","QM","light","/tcode/QDR2/","/neo/transactions/QDR2/","yes","yes","EXACT","EXACT","EXACT","EXACT","n/a","EXACT","n/a","EXACT","n/a","n/a","n/a","n/a","NEW-IN-NEO","EXACT","5/14","EXACT","P3","all 14 named facts that the data answers are rendered on the NEO page"
"QDR3","QM","light","/tcode/QDR3/","/neo/transactions/QDR3/","yes","yes","EXACT","EXACT","EXACT","EXACT","n/a","EXACT","n/a","EXACT","n/a","n/a","n/a","n/a","NEW-IN-NEO","EXACT","5/14","EXACT","P3","all 14 named facts that the data answers are rendered on the NEO page"
"QDV1","QM","deep","/tcode/QDV1/","/neo/transactions/QDV1/","yes","yes","EXACT","EXACT","EXACT","EXACT","EXACT","EXACT","EXACT","EXACT","n/a","EXACT","n/a","n/a","EXACT","n/a","10/14","TRANSFORMED","P2","14 named facts intact; NEO's TxDetail model does not carry: beginner · consultant · bestPractices · certTips · ossKeywords · interview"
"QDV2","QM","deep","/tcode/QDV2/","/neo/transactions/QDV2/","yes","yes","EXACT","EXACT","EXACT","EXACT","EXACT","EXACT","EXACT","EXACT","n/a","EXACT","n/a","n/a","EXACT","n/a","10/14","TRANSFORMED","P2","14 named facts intact; NEO's TxDetail model does not carry: beginner · consultant · bestPractices · ossKeywords · interview"
"QDV3","QM","deep","/tcode/QDV3/","/neo/transactions/QDV3/","yes","yes","EXACT","EXACT","EXACT","EXACT","EXACT","EXACT","EXACT","EXACT","n/a","EXACT","n/a","n/a","EXACT","n/a","10/14","TRANSFORMED","P2","14 named facts intact; NEO's TxDetail model does not carry: beginner · consultant · bestPractices · ossKeywords · interview"
"QE01","QM","deep","/tcode/QE01/","/neo/transactions/QE01/","yes","yes","EXACT","EXACT","EXACT","EXACT","EXACT","EXACT","EXACT","EXACT","EXACT","EXACT","n/a","EXACT","EXACT","n/a","12/14","TRANSFORMED","P2","14 named facts intact; NEO's TxDetail model does not carry: beginner · consultant · bestPractices · certTips · ossKeywords · interview"
"QE02","QM","deep","/tcode/QE02/","/neo/transactions/QE02/","yes","yes","EXACT","EXACT","EXACT","EXACT","EXACT","EXACT","EXACT","EXACT","EXACT","EXACT","n/a","EXACT","EXACT","n/a","12/14","TRANSFORMED","P2","14 named facts intact; NEO's TxDetail model does not carry: beginner · consultant · bestPractices · certTips · ossKeywords · interview"
"QE03","QM","deep","/tcode/QE03/","/neo/transactions/QE03/","yes","yes","EXACT","EXACT","EXACT","EXACT","EXACT","EXACT","EXACT","EXACT","n/a","EXACT","n/a","EXACT","EXACT","n/a","11/14","TRANSFORMED","P2","14 named facts intact; NEO's TxDetail model does not carry: beginner · consultant · bestPractices · certTips · ossKeywords · interview"
"QE04","QM","light","/tcode/QE04/","/neo/transactions/QE04/","yes","yes","EXACT","EXACT","EXACT","EXACT","n/a","EXACT","n/a","EXACT","n/a","n/a","n/a","n/a","NEW-IN-NEO","EXACT","5/14","EXACT","P3","all 14 named facts that the data answers are rendered on the NEO page"
"QE11","QM","light","/tcode/QE11/","/neo/transactions/QE11/","yes","yes","EXACT","EXACT","EXACT","EXACT","n/a","EXACT","n/a","EXACT","n/a","n/a","n/a","n/a","n/a","n/a","5/14","EXACT","P3","all 14 named facts that the data answers are rendered on the NEO page"
"QE12","QM","light","/tcode/QE12/","/neo/transactions/QE12/","yes","yes","EXACT","EXACT","EXACT","EXACT","n/a","EXACT","n/a","EXACT","n/a","n/a","n/a","n/a","NEW-IN-NEO","n/a","5/14","EXACT","P3","all 14 named facts that the data answers are rendered on the NEO page"
"QE13","QM","light","/tcode/QE13/","/neo/transactions/QE13/","yes","yes","EXACT","EXACT","EXACT","EXACT","n/a","EXACT","n/a","EXACT","n/a","n/a","n/a","n/a","NEW-IN-NEO","n/a","5/14","EXACT","P3","all 14 named facts that the data answers are rendered on the NEO page"
"QE51N","QM","deep","/tcode/QE51N/","/neo/transactions/QE51N/","yes","yes","EXACT","EXACT","EXACT","EXACT","EXACT","EXACT","EXACT","EXACT","EXACT","EXACT","n/a","EXACT","EXACT","EXACT","13/14","TRANSFORMED","P2","14 named facts intact; NEO's TxDetail model does not carry: beginner · consultant · bestPractices · certTips · ossKeywords · interview · businessExample · techExample · debugSteps · perfNotes · prodTips"
"QE71","QM","light","/tcode/QE71/","/neo/transactions/QE71/","yes","yes","EXACT","EXACT","EXACT","EXACT","n/a","EXACT","n/a","EXACT","n/a","n/a","n/a","n/a","NEW-IN-NEO","n/a","5/14","EXACT","P3","all 14 named facts that the data answers are rendered on the NEO page"
"QE72","QM","light","/tcode/QE72/","/neo/transactions/QE72/","yes","yes","EXACT","EXACT","EXACT","EXACT","n/a","EXACT","n/a","EXACT","n/a","n/a","n/a","n/a","NEW-IN-NEO","n/a","5/14","EXACT","P3","all 14 named facts that the data answers are rendered on the NEO page"
"QE73","QM","light","/tcode/QE73/","/neo/transactions/QE73/","yes","yes","EXACT","EXACT","EXACT","EXACT","n/a","EXACT","n/a","EXACT","n/a","n/a","n/a","n/a","NEW-IN-NEO","n/a","5/14","EXACT","P3","all 14 named facts that the data answers are rendered on the NEO page"
"QF01","QM","light","/tcode/QF01/","/neo/transactions/QF01/","yes","yes","EXACT","EXACT","EXACT","n/a","n/a","EXACT","n/a","EXACT","n/a","n/a","n/a","n/a","n/a","n/a","4/14","EXACT","P3","all 14 named facts that the data answers are rendered on the NEO page"
"QGA1","QM","deep","/tcode/QGA1/","/neo/transactions/QGA1/","yes","yes","EXACT","EXACT","EXACT","EXACT","EXACT","EXACT","EXACT","EXACT","n/a","EXACT","n/a","n/a","EXACT","EXACT","10/14","TRANSFORMED","P2","14 named facts intact; NEO's TxDetail model does not carry: beginner · consultant · bestPractices · certTips · ossKeywords · interview"
"QGA2","QM","deep","/tcode/QGA2/","/neo/transactions/QGA2/","yes","yes","EXACT","EXACT","EXACT","EXACT","EXACT","EXACT","EXACT","EXACT","n/a","EXACT","n/a","n/a","EXACT","EXACT","10/14","TRANSFORMED","P2","14 named facts intact; NEO's TxDetail model does not carry: beginner · consultant · bestPractices · ossKeywords · interview"
"QGA3","QM","deep","/tcode/QGA3/","/neo/transactions/QGA3/","yes","yes","EXACT","EXACT","EXACT","EXACT","EXACT","EXACT","EXACT","EXACT","n/a","EXACT","n/a","n/a","EXACT","EXACT","10/14","TRANSFORMED","P2","14 named facts intact; NEO's TxDetail model does not carry: beginner · consultant · bestPractices · ossKeywords · interview"
"QGC1","QM","deep","/tcode/QGC1/","/neo/transactions/QGC1/","yes","yes","EXACT","EXACT","EXACT","EXACT","EXACT","EXACT","EXACT","EXACT","n/a","EXACT","n/a","n/a","EXACT","EXACT","10/14","TRANSFORMED","P2","14 named facts intact; NEO's TxDetail model does not carry: beginner · consultant · bestPractices · certTips · ossKeywords · interview"
"QGD1","QM","light","/tcode/QGD1/","/neo/transactions/QGD1/","yes","yes","EXACT","EXACT","EXACT","EXACT","n/a","EXACT","n/a","EXACT","n/a","n/a","n/a","n/a","NEW-IN-NEO","EXACT","5/14","EXACT","P3","all 14 named facts that the data answers are rendered on the NEO page"
"QGP1","QM","deep","/tcode/QGP1/","/neo/transactions/QGP1/","yes","yes","EXACT","EXACT","EXACT","EXACT","EXACT","EXACT","EXACT","EXACT","n/a","EXACT","n/a","n/a","EXACT","EXACT","10/14","TRANSFORMED","P2","14 named facts intact; NEO's TxDetail model does not carry: beginner · consultant · bestPractices · ossKeywords · interview"
"QGP2","QM","light","/tcode/QGP2/","/neo/transactions/QGP2/","yes","yes","EXACT","EXACT","EXACT","EXACT","n/a","EXACT","n/a","EXACT","n/a","n/a","n/a","n/a","NEW-IN-NEO","EXACT","5/14","EXACT","P3","all 14 named facts that the data answers are rendered on the NEO page"
"QI01","QM","deep","/tcode/QI01/","/neo/transactions/QI01/","yes","yes","EXACT","EXACT","EXACT","EXACT","EXACT","EXACT","EXACT","EXACT","EXACT","EXACT","n/a","n/a","EXACT","EXACT","11/14","TRANSFORMED","P2","14 named facts intact; NEO's TxDetail model does not carry: beginner · consultant · bestPractices · ossKeywords · interview"
"QI02","QM","deep","/tcode/QI02/","/neo/transactions/QI02/","yes","yes","EXACT","EXACT","EXACT","EXACT","EXACT","EXACT","EXACT","EXACT","EXACT","EXACT","n/a","n/a","EXACT","EXACT","11/14","TRANSFORMED","P2","14 named facts intact; NEO's TxDetail model does not carry: beginner · consultant · bestPractices · ossKeywords · interview"
"QI03","QM","deep","/tcode/QI03/","/neo/transactions/QI03/","yes","yes","EXACT","EXACT","EXACT","EXACT","EXACT","EXACT","EXACT","EXACT","EXACT","EXACT","n/a","n/a","EXACT","EXACT","11/14","TRANSFORMED","P2","14 named facts intact; NEO's TxDetail model does not carry: beginner · consultant · bestPractices · ossKeywords · interview"
"QI04","QM","light","/tcode/QI04/","/neo/transactions/QI04/","yes","yes","EXACT","EXACT","EXACT","EXACT","n/a","EXACT","n/a","EXACT","n/a","n/a","n/a","n/a","NEW-IN-NEO","n/a","5/14","EXACT","P3","all 14 named facts that the data answers are rendered on the NEO page"
"QK01","QM","deep","/tcode/QK01/","/neo/transactions/QK01/","yes","yes","EXACT","EXACT","EXACT","n/a","EXACT","EXACT","EXACT","EXACT","n/a","EXACT","n/a","n/a","EXACT","EXACT","10/14","TRANSFORMED","P2","14 named facts intact; NEO's TxDetail model does not carry: beginner · consultant · bestPractices · ossKeywords · interview"
"QK02","QM","deep","/tcode/QK02/","/neo/transactions/QK02/","yes","yes","EXACT","EXACT","EXACT","n/a","EXACT","EXACT","EXACT","EXACT","n/a","EXACT","n/a","n/a","EXACT","EXACT","10/14","TRANSFORMED","P2","14 named facts intact; NEO's TxDetail model does not carry: beginner · consultant · bestPractices · ossKeywords · interview"
"QM00","QM","light","/tcode/QM00/","/neo/transactions/QM00/","yes","yes","EXACT","EXACT","EXACT","EXACT","n/a","EXACT","n/a","EXACT","n/a","n/a","n/a","n/a","n/a","n/a","4/14","EXACT","P3","all 14 named facts that the data answers are rendered on the NEO page"
"QM01","QM","deep","/tcode/QM01/","/neo/transactions/QM01/","yes","yes","EXACT","EXACT","EXACT","EXACT","EXACT","EXACT","EXACT","EXACT","EXACT","EXACT","n/a","EXACT","EXACT","EXACT","14/14","TRANSFORMED","P2","14 named facts intact; NEO's TxDetail model does not carry: beginner · consultant · bestPractices · certTips · ossKeywords · interview · businessExample · techExample · debugSteps · perfNotes · prodTips"
"QM02","QM","deep","/tcode/QM02/","/neo/transactions/QM02/","yes","yes","EXACT","EXACT","EXACT","EXACT","EXACT","EXACT","EXACT","EXACT","EXACT","EXACT","n/a","EXACT","EXACT","EXACT","14/14","TRANSFORMED","P2","14 named facts intact; NEO's TxDetail model does not carry: beginner · consultant · bestPractices · certTips · ossKeywords · interview · businessExample · techExample · debugSteps · perfNotes · prodTips"
"QM03","QM","deep","/tcode/QM03/","/neo/transactions/QM03/","yes","yes","EXACT","EXACT","EXACT","EXACT","EXACT","EXACT","EXACT","EXACT","EXACT","EXACT","n/a","EXACT","EXACT","EXACT","14/14","TRANSFORMED","P2","14 named facts intact; NEO's TxDetail model does not carry: beginner · consultant · bestPractices · certTips · ossKeywords · interview · businessExample · techExample · debugSteps · perfNotes · prodTips"
"QM10","QM","deep","/tcode/QM10/","/neo/transactions/QM10/","yes","yes","EXACT","EXACT","EXACT","EXACT","EXACT","EXACT","EXACT","EXACT","EXACT","EXACT","n/a","EXACT","EXACT","EXACT","13/14","TRANSFORMED","P2","14 named facts intact; NEO's TxDetail model does not carry: beginner · consultant · bestPractices · certTips · ossKeywords · interview"
"QM11","QM","deep","/tcode/QM11/","/neo/transactions/QM11/","yes","yes","EXACT","EXACT","EXACT","EXACT","EXACT","EXACT","EXACT","EXACT","EXACT","EXACT","n/a","EXACT","EXACT","EXACT","13/14","TRANSFORMED","P2","14 named facts intact; NEO's TxDetail model does not carry: beginner · consultant · bestPractices · certTips · ossKeywords · interview"
"QM12","QM","deep","/tcode/QM12/","/neo/transactions/QM12/","yes","yes","EXACT","EXACT","EXACT","EXACT","EXACT","EXACT","EXACT","EXACT","EXACT","EXACT","n/a","EXACT","EXACT","EXACT","13/14","TRANSFORMED","P2","14 named facts intact; NEO's TxDetail model does not carry: beginner · consultant · bestPractices · certTips · ossKeywords · interview"
"QM13","QM","deep","/tcode/QM13/","/neo/transactions/QM13/","yes","yes","EXACT","EXACT","EXACT","EXACT","EXACT","EXACT","EXACT","EXACT","EXACT","EXACT","n/a","EXACT","EXACT","EXACT","13/14","TRANSFORMED","P2","14 named facts intact; NEO's TxDetail model does not carry: beginner · consultant · bestPractices · certTips · ossKeywords · interview"
"QM14","QM","light","/tcode/QM14/","/neo/transactions/QM14/","yes","yes","EXACT","EXACT","EXACT","EXACT","n/a","EXACT","NEW-IN-NEO","EXACT","n/a","n/a","n/a","n/a","NEW-IN-NEO","EXACT","6/14","EXACT","P3","all 14 named facts that the data answers are rendered on the NEO page"
"QM15","QM","light","/tcode/QM15/","/neo/transactions/QM15/","yes","yes","EXACT","EXACT","EXACT","EXACT","n/a","EXACT","NEW-IN-NEO","EXACT","n/a","n/a","n/a","n/a","NEW-IN-NEO","EXACT","6/14","EXACT","P3","all 14 named facts that the data answers are rendered on the NEO page"
"QM16","QM","light","/tcode/QM16/","/neo/transactions/QM16/","yes","yes","EXACT","EXACT","EXACT","EXACT","n/a","EXACT","NEW-IN-NEO","EXACT","n/a","n/a","n/a","n/a","NEW-IN-NEO","EXACT","6/14","EXACT","P3","all 14 named facts that the data answers are rendered on the NEO page"
"QM19","QM","light","/tcode/QM19/","/neo/transactions/QM19/","yes","yes","EXACT","EXACT","EXACT","EXACT","n/a","EXACT","NEW-IN-NEO","EXACT","n/a","n/a","n/a","n/a","NEW-IN-NEO","EXACT","6/14","EXACT","P3","all 14 named facts that the data answers are rendered on the NEO page"
"QM50","QM","light","/tcode/QM50/","/neo/transactions/QM50/","yes","yes","EXACT","EXACT","EXACT","EXACT","n/a","EXACT","NEW-IN-NEO","EXACT","n/a","n/a","n/a","n/a","NEW-IN-NEO","EXACT","6/14","EXACT","P3","all 14 named facts that the data answers are rendered on the NEO page"
"QP01","QM","deep","/tcode/QP01/","/neo/transactions/QP01/","yes","yes","EXACT","EXACT","EXACT","EXACT","EXACT","EXACT","EXACT","EXACT","n/a","EXACT","n/a","EXACT","EXACT","EXACT","12/14","TRANSFORMED","P2","14 named facts intact; NEO's TxDetail model does not carry: beginner · consultant · bestPractices · certTips · ossKeywords · interview"
"QP02","QM","deep","/tcode/QP02/","/neo/transactions/QP02/","yes","yes","EXACT","EXACT","EXACT","EXACT","EXACT","EXACT","EXACT","EXACT","EXACT","EXACT","n/a","n/a","EXACT","EXACT","12/14","TRANSFORMED","P2","14 named facts intact; NEO's TxDetail model does not carry: beginner · consultant · bestPractices · certTips · ossKeywords · interview"
"QP03","QM","deep","/tcode/QP03/","/neo/transactions/QP03/","yes","yes","EXACT","EXACT","EXACT","EXACT","EXACT","EXACT","EXACT","EXACT","EXACT","EXACT","n/a","EXACT","EXACT","EXACT","13/14","TRANSFORMED","P2","14 named facts intact; NEO's TxDetail model does not carry: beginner · consultant · bestPractices · certTips · ossKeywords · interview"
"QP08","QM","light","/tcode/QP08/","/neo/transactions/QP08/","yes","yes","EXACT","EXACT","EXACT","EXACT","n/a","EXACT","NEW-IN-NEO","EXACT","n/a","n/a","n/a","n/a","NEW-IN-NEO","EXACT","6/14","EXACT","P3","all 14 named facts that the data answers are rendered on the NEO page"
"QP48","QM","light","/tcode/QP48/","/neo/transactions/QP48/","yes","yes","EXACT","EXACT","EXACT","EXACT","n/a","EXACT","n/a","EXACT","n/a","n/a","n/a","n/a","NEW-IN-NEO","n/a","5/14","EXACT","P3","all 14 named facts that the data answers are rendered on the NEO page"
"QPR4","QM","light","/tcode/QPR4/","/neo/transactions/QPR4/","yes","yes","EXACT","EXACT","EXACT","EXACT","n/a","EXACT","n/a","EXACT","n/a","n/a","n/a","n/a","NEW-IN-NEO","n/a","5/14","EXACT","P3","all 14 named facts that the data answers are rendered on the NEO page"
"QPR5","QM","light","/tcode/QPR5/","/neo/transactions/QPR5/","yes","yes","EXACT","EXACT","EXACT","EXACT","n/a","EXACT","n/a","EXACT","n/a","n/a","n/a","n/a","NEW-IN-NEO","n/a","5/14","EXACT","P3","all 14 named facts that the data answers are rendered on the NEO page"
"QPR6","QM","light","/tcode/QPR6/","/neo/transactions/QPR6/","yes","yes","EXACT","EXACT","EXACT","EXACT","n/a","EXACT","n/a","EXACT","n/a","n/a","n/a","n/a","NEW-IN-NEO","n/a","5/14","EXACT","P3","all 14 named facts that the data answers are rendered on the NEO page"
"QPR7","QM","light","/tcode/QPR7/","/neo/transactions/QPR7/","yes","yes","EXACT","EXACT","EXACT","EXACT","n/a","EXACT","n/a","EXACT","n/a","n/a","n/a","n/a","NEW-IN-NEO","EXACT","5/14","EXACT","P3","all 14 named facts that the data answers are rendered on the NEO page"
"QPR8","QM","light","/tcode/QPR8/","/neo/transactions/QPR8/","yes","yes","EXACT","EXACT","EXACT","EXACT","n/a","EXACT","n/a","EXACT","n/a","n/a","n/a","n/a","NEW-IN-NEO","n/a","5/14","EXACT","P3","all 14 named facts that the data answers are rendered on the NEO page"
"QPV2","QM","light","/tcode/QPV2/","/neo/transactions/QPV2/","yes","yes","EXACT","EXACT","EXACT","EXACT","n/a","EXACT","n/a","EXACT","n/a","n/a","n/a","n/a","NEW-IN-NEO","EXACT","5/14","EXACT","P3","all 14 named facts that the data answers are rendered on the NEO page"
"QS21","QM","deep","/tcode/QS21/","/neo/transactions/QS21/","yes","yes","EXACT","EXACT","EXACT","EXACT","EXACT","EXACT","EXACT","EXACT","n/a","EXACT","n/a","n/a","EXACT","EXACT","10/14","TRANSFORMED","P2","14 named facts intact; NEO's TxDetail model does not carry: beginner · consultant · bestPractices · certTips · ossKeywords · interview"
"QS22","QM","deep","/tcode/QS22/","/neo/transactions/QS22/","yes","yes","EXACT","EXACT","EXACT","EXACT","EXACT","EXACT","EXACT","EXACT","n/a","EXACT","n/a","n/a","EXACT","EXACT","10/14","TRANSFORMED","P2","14 named facts intact; NEO's TxDetail model does not carry: beginner · consultant · bestPractices · certTips · ossKeywords · interview"
"QS23","QM","deep","/tcode/QS23/","/neo/transactions/QS23/","yes","yes","EXACT","EXACT","EXACT","EXACT","EXACT","EXACT","EXACT","EXACT","n/a","EXACT","n/a","EXACT","EXACT","EXACT","11/14","TRANSFORMED","P2","14 named facts intact; NEO's TxDetail model does not carry: beginner · consultant · bestPractices · certTips · ossKeywords · interview"
"QS24","QM","deep","/tcode/QS24/","/neo/transactions/QS24/","yes","yes","EXACT","EXACT","EXACT","EXACT","EXACT","EXACT","EXACT","EXACT","n/a","EXACT","n/a","n/a","EXACT","EXACT","10/14","TRANSFORMED","P2","14 named facts intact; NEO's TxDetail model does not carry: beginner · consultant · bestPractices · certTips · ossKeywords · interview"
"QS25","QM","deep","/tcode/QS25/","/neo/transactions/QS25/","yes","yes","EXACT","EXACT","EXACT","EXACT","EXACT","EXACT","EXACT","EXACT","n/a","EXACT","n/a","n/a","EXACT","EXACT","10/14","TRANSFORMED","P2","14 named facts intact; NEO's TxDetail model does not carry: beginner · consultant · bestPractices · certTips · ossKeywords · interview"
"QS26","QM","deep","/tcode/QS26/","/neo/transactions/QS26/","yes","yes","EXACT","EXACT","EXACT","EXACT","EXACT","EXACT","EXACT","EXACT","n/a","EXACT","n/a","n/a","EXACT","EXACT","10/14","TRANSFORMED","P2","14 named facts intact; NEO's TxDetail model does not carry: beginner · consultant · bestPractices · certTips · ossKeywords · interview"
"QS27","QM","deep","/tcode/QS27/","/neo/transactions/QS27/","yes","yes","EXACT","EXACT","EXACT","EXACT","EXACT","EXACT","EXACT","EXACT","n/a","EXACT","n/a","n/a","EXACT","EXACT","10/14","TRANSFORMED","P2","14 named facts intact; NEO's TxDetail model does not carry: beginner · consultant · bestPractices · certTips · ossKeywords · interview"
"QS28","QM","deep","/tcode/QS28/","/neo/transactions/QS28/","yes","yes","EXACT","EXACT","EXACT","EXACT","EXACT","EXACT","EXACT","EXACT","n/a","EXACT","n/a","n/a","EXACT","EXACT","10/14","TRANSFORMED","P2","14 named facts intact; NEO's TxDetail model does not carry: beginner · consultant · bestPractices · certTips · ossKeywords · interview"
"QS31","QM","deep","/tcode/QS31/","/neo/transactions/QS31/","yes","yes","EXACT","EXACT","EXACT","EXACT","EXACT","EXACT","EXACT","EXACT","n/a","EXACT","n/a","n/a","EXACT","EXACT","10/14","TRANSFORMED","P2","14 named facts intact; NEO's TxDetail model does not carry: beginner · consultant · bestPractices · certTips · ossKeywords · interview"
"QS32","QM","light","/tcode/QS32/","/neo/transactions/QS32/","yes","yes","EXACT","EXACT","EXACT","EXACT","n/a","EXACT","n/a","EXACT","n/a","n/a","n/a","n/a","NEW-IN-NEO","EXACT","5/14","EXACT","P3","all 14 named facts that the data answers are rendered on the NEO page"
"QS33","QM","light","/tcode/QS33/","/neo/transactions/QS33/","yes","yes","EXACT","EXACT","EXACT","EXACT","n/a","EXACT","n/a","EXACT","n/a","n/a","n/a","n/a","NEW-IN-NEO","EXACT","5/14","EXACT","P3","all 14 named facts that the data answers are rendered on the NEO page"
"QS34","QM","light","/tcode/QS34/","/neo/transactions/QS34/","yes","yes","EXACT","EXACT","EXACT","EXACT","n/a","EXACT","n/a","EXACT","n/a","n/a","n/a","n/a","NEW-IN-NEO","EXACT","5/14","EXACT","P3","all 14 named facts that the data answers are rendered on the NEO page"
"QS35","QM","light","/tcode/QS35/","/neo/transactions/QS35/","yes","yes","EXACT","EXACT","EXACT","EXACT","n/a","EXACT","n/a","EXACT","n/a","n/a","n/a","n/a","NEW-IN-NEO","EXACT","5/14","EXACT","P3","all 14 named facts that the data answers are rendered on the NEO page"
"QS36","QM","light","/tcode/QS36/","/neo/transactions/QS36/","yes","yes","EXACT","EXACT","EXACT","EXACT","n/a","EXACT","n/a","EXACT","n/a","n/a","n/a","n/a","NEW-IN-NEO","EXACT","5/14","EXACT","P3","all 14 named facts that the data answers are rendered on the NEO page"
"QS38","QM","light","/tcode/QS38/","/neo/transactions/QS38/","yes","yes","EXACT","EXACT","EXACT","EXACT","n/a","EXACT","n/a","EXACT","n/a","n/a","n/a","n/a","NEW-IN-NEO","EXACT","5/14","EXACT","P3","all 14 named facts that the data answers are rendered on the NEO page"
"QS41","QM","deep","/tcode/QS41/","/neo/transactions/QS41/","yes","yes","EXACT","EXACT","EXACT","EXACT","EXACT","EXACT","EXACT","EXACT","n/a","EXACT","n/a","n/a","EXACT","EXACT","11/14","TRANSFORMED","P2","14 named facts intact; NEO's TxDetail model does not carry: beginner · consultant · bestPractices · certTips · ossKeywords · interview"
"QS42","QM","light","/tcode/QS42/","/neo/transactions/QS42/","yes","yes","EXACT","EXACT","EXACT","EXACT","n/a","EXACT","n/a","EXACT","n/a","n/a","n/a","n/a","NEW-IN-NEO","n/a","5/14","EXACT","P3","all 14 named facts that the data answers are rendered on the NEO page"
"QS43","QM","light","/tcode/QS43/","/neo/transactions/QS43/","yes","yes","EXACT","EXACT","EXACT","EXACT","n/a","EXACT","n/a","EXACT","n/a","n/a","n/a","n/a","NEW-IN-NEO","n/a","5/14","EXACT","P3","all 14 named facts that the data answers are rendered on the NEO page"
"QS46","QM","light","/tcode/QS46/","/neo/transactions/QS46/","yes","yes","EXACT","EXACT","EXACT","EXACT","n/a","EXACT","n/a","EXACT","n/a","n/a","n/a","n/a","NEW-IN-NEO","n/a","5/14","EXACT","P3","all 14 named facts that the data answers are rendered on the NEO page"
"QS47","QM","light","/tcode/QS47/","/neo/transactions/QS47/","yes","yes","EXACT","EXACT","EXACT","EXACT","n/a","EXACT","n/a","EXACT","n/a","n/a","n/a","n/a","NEW-IN-NEO","n/a","5/14","EXACT","P3","all 14 named facts that the data answers are rendered on the NEO page"
"QS49","QM","light","/tcode/QS49/","/neo/transactions/QS49/","yes","yes","EXACT","EXACT","EXACT","EXACT","n/a","EXACT","n/a","EXACT","n/a","n/a","n/a","n/a","NEW-IN-NEO","n/a","5/14","EXACT","P3","all 14 named facts that the data answers are rendered on the NEO page"
"QS51","QM","deep","/tcode/QS51/","/neo/transactions/QS51/","yes","yes","EXACT","EXACT","EXACT","EXACT","EXACT","EXACT","EXACT","EXACT","n/a","EXACT","n/a","n/a","EXACT","n/a","10/14","TRANSFORMED","P2","14 named facts intact; NEO's TxDetail model does not carry: beginner · consultant · bestPractices · certTips · ossKeywords · interview"
"QS61","QM","deep","/tcode/QS61/","/neo/transactions/QS61/","yes","yes","EXACT","EXACT","EXACT","EXACT","EXACT","EXACT","EXACT","EXACT","n/a","EXACT","n/a","n/a","EXACT","EXACT","10/14","TRANSFORMED","P2","14 named facts intact; NEO's TxDetail model does not carry: beginner · consultant · bestPractices · certTips · ossKeywords · interview"
"QV51","QM","light","/tcode/QV51/","/neo/transactions/QV51/","yes","yes","EXACT","EXACT","EXACT","EXACT","n/a","EXACT","n/a","EXACT","n/a","n/a","n/a","n/a","NEW-IN-NEO","n/a","5/14","EXACT","P3","all 14 named facts that the data answers are rendered on the NEO page"
"QV52","QM","light","/tcode/QV52/","/neo/transactions/QV52/","yes","yes","EXACT","EXACT","EXACT","EXACT","n/a","EXACT","n/a","EXACT","n/a","n/a","n/a","n/a","NEW-IN-NEO","n/a","5/14","EXACT","P3","all 14 named facts that the data answers are rendered on the NEO page"
"QV53","QM","light","/tcode/QV53/","/neo/transactions/QV53/","yes","yes","EXACT","EXACT","EXACT","EXACT","n/a","EXACT","n/a","EXACT","n/a","n/a","n/a","n/a","NEW-IN-NEO","n/a","5/14","EXACT","P3","all 14 named facts that the data answers are rendered on the NEO page"
"RSAU_CONFIG","BASIS","light","/tcode/RSAU_CONFIG/","/neo/transactions/RSAU_CONFIG/","yes","yes","EXACT","EXACT","EXACT","EXACT","n/a","EXACT","n/a","EXACT","n/a","n/a","n/a","n/a","NEW-IN-NEO","n/a","5/14","EXACT","P3","all 14 named facts that the data answers are rendered on the NEO page"
"RSAU_READ_LOG","BASIS","light","/tcode/RSAU_READ_LOG/","/neo/transactions/RSAU_READ_LOG/","yes","yes","EXACT","EXACT","EXACT","EXACT","n/a","EXACT","n/a","EXACT","n/a","n/a","n/a","n/a","NEW-IN-NEO","n/a","5/14","EXACT","P3","all 14 named facts that the data answers are rendered on the NEO page"
"RSECADMIN","BASIS","light","/tcode/RSECADMIN/","/neo/transactions/RSECADMIN/","yes","yes","EXACT","EXACT","EXACT","EXACT","n/a","EXACT","n/a","EXACT","n/a","n/a","n/a","n/a","NEW-IN-NEO","EXACT","5/14","EXACT","P3","all 14 named facts that the data answers are rendered on the NEO page"
"RSPFPAR","BASIS","light","/tcode/RSPFPAR/","/neo/transactions/RSPFPAR/","yes","yes","EXACT","EXACT","EXACT","EXACT","n/a","EXACT","n/a","EXACT","n/a","n/a","n/a","n/a","NEW-IN-NEO","EXACT","5/14","EXACT","P3","all 14 named facts that the data answers are rendered on the NEO page"
"RSUSR002","SECURITY","light","/tcode/RSUSR002/","/neo/transactions/RSUSR002/","yes","yes","EXACT","EXACT","EXACT","EXACT","n/a","EXACT","n/a","EXACT","n/a","n/a","n/a","n/a","n/a","n/a","4/14","EXACT","P3","all 14 named facts that the data answers are rendered on the NEO page"
"RSUSR008_009_NEW","SECURITY","light","/tcode/RSUSR008_009_NEW/","/neo/transactions/RSUSR008_009_NEW/","yes","yes","EXACT","EXACT","EXACT","EXACT","n/a","EXACT","n/a","EXACT","n/a","n/a","n/a","n/a","NEW-IN-NEO","n/a","5/14","EXACT","P3","all 14 named facts that the data answers are rendered on the NEO page"
"RSUSR100","SECURITY","light","/tcode/RSUSR100/","/neo/transactions/RSUSR100/","yes","yes","EXACT","EXACT","EXACT","EXACT","n/a","EXACT","n/a","EXACT","n/a","n/a","n/a","n/a","NEW-IN-NEO","n/a","5/14","EXACT","P3","all 14 named facts that the data answers are rendered on the NEO page"
"RSUSR200","SECURITY","light","/tcode/RSUSR200/","/neo/transactions/RSUSR200/","yes","yes","EXACT","EXACT","EXACT","EXACT","n/a","EXACT","n/a","EXACT","n/a","n/a","n/a","n/a","NEW-IN-NEO","EXACT","5/14","EXACT","P3","all 14 named facts that the data answers are rendered on the NEO page"
"RSWBO001","BASIS","light","/tcode/RSWBO001/","/neo/transactions/RSWBO001/","yes","yes","EXACT","EXACT","EXACT","EXACT","n/a","EXACT","n/a","EXACT","n/a","n/a","n/a","n/a","NEW-IN-NEO","EXACT","5/14","EXACT","P3","all 14 named facts that the data answers are rendered on the NEO page"
"RZ01","BASIS","light","/tcode/RZ01/","/neo/transactions/RZ01/","yes","yes","EXACT","EXACT","EXACT","EXACT","n/a","EXACT","n/a","EXACT","n/a","n/a","n/a","n/a","NEW-IN-NEO","EXACT","5/14","EXACT","P3","all 14 named facts that the data answers are rendered on the NEO page"
"RZ02","BASIS","light","/tcode/RZ02/","/neo/transactions/RZ02/","yes","yes","EXACT","EXACT","EXACT","EXACT","n/a","EXACT","n/a","EXACT","n/a","n/a","n/a","n/a","NEW-IN-NEO","EXACT","5/14","EXACT","P3","all 14 named facts that the data answers are rendered on the NEO page"
"RZ03","BASIS","light","/tcode/RZ03/","/neo/transactions/RZ03/","yes","yes","EXACT","EXACT","EXACT","EXACT","n/a","EXACT","n/a","EXACT","n/a","n/a","n/a","n/a","NEW-IN-NEO","EXACT","5/14","EXACT","P3","all 14 named facts that the data answers are rendered on the NEO page"
"RZ04","BASIS","light","/tcode/RZ04/","/neo/transactions/RZ04/","yes","yes","EXACT","EXACT","EXACT","EXACT","n/a","EXACT","n/a","EXACT","n/a","n/a","n/a","n/a","NEW-IN-NEO","EXACT","5/14","EXACT","P3","all 14 named facts that the data answers are rendered on the NEO page"
"RZ10","BASIS","light","/tcode/RZ10/","/neo/transactions/RZ10/","yes","yes","EXACT","EXACT","EXACT","EXACT","n/a","EXACT","n/a","EXACT","n/a","n/a","n/a","n/a","n/a","EXACT","4/14","EXACT","P3","all 14 named facts that the data answers are rendered on the NEO page"
"RZ11","BASIS","light","/tcode/RZ11/","/neo/transactions/RZ11/","yes","yes","EXACT","EXACT","EXACT","EXACT","n/a","EXACT","n/a","EXACT","n/a","n/a","n/a","n/a","NEW-IN-NEO","EXACT","5/14","EXACT","P3","all 14 named facts that the data answers are rendered on the NEO page"
"RZ12","BASIS","light","/tcode/RZ12/","/neo/transactions/RZ12/","yes","yes","EXACT","EXACT","EXACT","EXACT","n/a","EXACT","n/a","EXACT","n/a","n/a","n/a","n/a","NEW-IN-NEO","EXACT","5/14","EXACT","P3","all 14 named facts that the data answers are rendered on the NEO page"
"RZ20","BASIS","light","/tcode/RZ20/","/neo/transactions/RZ20/","yes","yes","EXACT","EXACT","EXACT","EXACT","n/a","EXACT","n/a","EXACT","n/a","n/a","n/a","n/a","n/a","EXACT","4/14","EXACT","P3","all 14 named facts that the data answers are rendered on the NEO page"
"RZ21","BASIS","light","/tcode/RZ21/","/neo/transactions/RZ21/","yes","yes","EXACT","EXACT","EXACT","EXACT","n/a","EXACT","n/a","EXACT","n/a","n/a","n/a","n/a","NEW-IN-NEO","EXACT","5/14","EXACT","P3","all 14 named facts that the data answers are rendered on the NEO page"
"RZ70","BASIS","light","/tcode/RZ70/","/neo/transactions/RZ70/","yes","yes","EXACT","EXACT","EXACT","EXACT","n/a","EXACT","n/a","EXACT","n/a","n/a","n/a","n/a","NEW-IN-NEO","EXACT","5/14","EXACT","P3","all 14 named facts that the data answers are rendered on the NEO page"
"S000","BASIS","light","/tcode/S000/","/neo/transactions/S000/","yes","yes","EXACT","EXACT","EXACT","EXACT","n/a","EXACT","n/a","EXACT","n/a","n/a","n/a","n/a","NEW-IN-NEO","EXACT","5/14","EXACT","P3","all 14 named facts that the data answers are rendered on the NEO page"
"SAA1","ABAP","light","/tcode/SAA1/","/neo/transactions/SAA1/","yes","yes","EXACT","EXACT","EXACT","EXACT","n/a","EXACT","n/a","EXACT","n/a","n/a","n/a","n/a","NEW-IN-NEO","EXACT","5/14","EXACT","P3","all 14 named facts that the data answers are rendered on the NEO page"
"SACF","SECURITY","light","/tcode/SACF/","/neo/transactions/SACF/","yes","yes","EXACT","EXACT","EXACT","EXACT","n/a","EXACT","n/a","EXACT","n/a","n/a","n/a","n/a","NEW-IN-NEO","n/a","5/14","EXACT","P3","all 14 named facts that the data answers are rendered on the NEO page"
"SACF_COMPARE","SECURITY","light","/tcode/SACF_COMPARE/","/neo/transactions/SACF_COMPARE/","yes","yes","EXACT","EXACT","EXACT","EXACT","n/a","EXACT","n/a","EXACT","n/a","n/a","n/a","n/a","NEW-IN-NEO","n/a","5/14","EXACT","P3","all 14 named facts that the data answers are rendered on the NEO page"
"SAINT","BASIS","light","/tcode/SAINT/","/neo/transactions/SAINT/","yes","yes","EXACT","EXACT","EXACT","EXACT","n/a","EXACT","n/a","EXACT","n/a","n/a","n/a","n/a","NEW-IN-NEO","EXACT","5/14","EXACT","P3","all 14 named facts that the data answers are rendered on the NEO page"
"SAIS","SECURITY","light","/tcode/SAIS/","/neo/transactions/SAIS/","yes","yes","EXACT","EXACT","EXACT","EXACT","n/a","EXACT","n/a","EXACT","n/a","n/a","n/a","n/a","NEW-IN-NEO","n/a","5/14","EXACT","P3","all 14 named facts that the data answers are rendered on the NEO page"
"SAIS_MONI","SECURITY","light","/tcode/SAIS_MONI/","/neo/transactions/SAIS_MONI/","yes","yes","EXACT","EXACT","EXACT","EXACT","n/a","EXACT","n/a","EXACT","n/a","n/a","n/a","n/a","NEW-IN-NEO","EXACT","5/14","EXACT","P3","all 14 named facts that the data answers are rendered on the NEO page"
"SALE","INTEGRATION","light","/tcode/SALE/","/neo/transactions/SALE/","yes","yes","EXACT","EXACT","EXACT","EXACT","n/a","EXACT","n/a","EXACT","n/a","n/a","n/a","n/a","n/a","EXACT","4/14","EXACT","P3","all 14 named facts that the data answers are rendered on the NEO page"
"SARA","BASIS","light","/tcode/SARA/","/neo/transactions/SARA/","yes","yes","EXACT","EXACT","EXACT","EXACT","n/a","EXACT","EXACT","EXACT","n/a","n/a","n/a","n/a","n/a","EXACT","6/14","EXACT","P3","all 14 named facts that the data answers are rendered on the NEO page"
"SARFC","BASIS","light","/tcode/SARFC/","/neo/transactions/SARFC/","yes","yes","EXACT","EXACT","EXACT","EXACT","n/a","EXACT","NEW-IN-NEO","EXACT","n/a","n/a","n/a","n/a","NEW-IN-NEO","EXACT","6/14","EXACT","P3","all 14 named facts that the data answers are rendered on the NEO page"
"SAS","ABAP","light","/tcode/SAS/","/neo/transactions/SAS/","yes","yes","EXACT","EXACT","EXACT","EXACT","n/a","EXACT","n/a","EXACT","n/a","n/a","n/a","n/a","NEW-IN-NEO","n/a","5/14","EXACT","P3","all 14 named facts that the data answers are rendered on the NEO page"
"SAT","ABAP","light","/tcode/SAT/","/neo/transactions/SAT/","yes","yes","EXACT","EXACT","EXACT","EXACT","n/a","EXACT","n/a","EXACT","n/a","n/a","n/a","n/a","n/a","EXACT","4/14","EXACT","P3","all 14 named facts that the data answers are rendered on the NEO page"
"SBGRFCCONF","BASIS","light","/tcode/SBGRFCCONF/","/neo/transactions/SBGRFCCONF/","yes","yes","EXACT","EXACT","EXACT","EXACT","n/a","EXACT","n/a","EXACT","n/a","n/a","n/a","n/a","NEW-IN-NEO","n/a","5/14","EXACT","P3","all 14 named facts that the data answers are rendered on the NEO page"
"SBGRFCMON","BASIS","light","/tcode/SBGRFCMON/","/neo/transactions/SBGRFCMON/","yes","yes","EXACT","EXACT","EXACT","EXACT","n/a","EXACT","n/a","EXACT","n/a","n/a","n/a","n/a","NEW-IN-NEO","EXACT","5/14","EXACT","P3","all 14 named facts that the data answers are rendered on the NEO page"
"SCC1","BASIS","light","/tcode/SCC1/","/neo/transactions/SCC1/","yes","yes","EXACT","EXACT","EXACT","EXACT","n/a","EXACT","n/a","EXACT","n/a","n/a","n/a","n/a","NEW-IN-NEO","n/a","5/14","EXACT","P3","all 14 named facts that the data answers are rendered on the NEO page"
"SCC2","BASIS","light","/tcode/SCC2/","/neo/transactions/SCC2/","yes","yes","EXACT","EXACT","EXACT","EXACT","n/a","EXACT","n/a","EXACT","n/a","n/a","n/a","n/a","NEW-IN-NEO","n/a","5/14","EXACT","P3","all 14 named facts that the data answers are rendered on the NEO page"
"SCC3","BASIS","light","/tcode/SCC3/","/neo/transactions/SCC3/","yes","yes","EXACT","EXACT","EXACT","EXACT","n/a","EXACT","n/a","EXACT","n/a","n/a","n/a","n/a","NEW-IN-NEO","n/a","5/14","EXACT","P3","all 14 named facts that the data answers are rendered on the NEO page"
"SCC4","BASIS","light","/tcode/SCC4/","/neo/transactions/SCC4/","yes","yes","EXACT","EXACT","EXACT","EXACT","n/a","EXACT","n/a","EXACT","n/a","n/a","n/a","n/a","NEW-IN-NEO","EXACT","5/14","EXACT","P3","all 14 named facts that the data answers are rendered on the NEO page"
"SCC5","BASIS","light","/tcode/SCC5/","/neo/transactions/SCC5/","yes","yes","EXACT","EXACT","EXACT","EXACT","n/a","EXACT","n/a","EXACT","n/a","n/a","n/a","n/a","NEW-IN-NEO","n/a","5/14","EXACT","P3","all 14 named facts that the data answers are rendered on the NEO page"
"SCC7","BASIS","light","/tcode/SCC7/","/neo/transactions/SCC7/","yes","yes","EXACT","EXACT","EXACT","EXACT","n/a","EXACT","n/a","EXACT","n/a","n/a","n/a","n/a","NEW-IN-NEO","n/a","5/14","EXACT","P3","all 14 named facts that the data answers are rendered on the NEO page"
"SCC8","BASIS","light","/tcode/SCC8/","/neo/transactions/SCC8/","yes","yes","EXACT","EXACT","EXACT","EXACT","n/a","EXACT","n/a","EXACT","n/a","n/a","n/a","n/a","NEW-IN-NEO","n/a","5/14","EXACT","P3","all 14 named facts that the data answers are rendered on the NEO page"
"SCC9","BASIS","light","/tcode/SCC9/","/neo/transactions/SCC9/","yes","yes","EXACT","EXACT","EXACT","EXACT","n/a","EXACT","n/a","EXACT","n/a","n/a","n/a","n/a","NEW-IN-NEO","n/a","5/14","EXACT","P3","all 14 named facts that the data answers are rendered on the NEO page"
"SCCL","BASIS","light","/tcode/SCCL/","/neo/transactions/SCCL/","yes","yes","EXACT","EXACT","EXACT","EXACT","n/a","EXACT","n/a","EXACT","n/a","n/a","n/a","n/a","NEW-IN-NEO","n/a","5/14","EXACT","P3","all 14 named facts that the data answers are rendered on the NEO page"
"SCCLN","BASIS","light","/tcode/SCCLN/","/neo/transactions/SCCLN/","yes","yes","EXACT","EXACT","EXACT","EXACT","n/a","EXACT","n/a","EXACT","n/a","n/a","n/a","n/a","NEW-IN-NEO","n/a","5/14","EXACT","P3","all 14 named facts that the data answers are rendered on the NEO page"
"SCDO","BASIS","light","/tcode/SCDO/","/neo/transactions/SCDO/","yes","yes","EXACT","EXACT","EXACT","EXACT","n/a","EXACT","n/a","EXACT","n/a","n/a","n/a","n/a","NEW-IN-NEO","EXACT","6/14","EXACT","P3","all 14 named facts that the data answers are rendered on the NEO page"
"SCI","ABAP","light","/tcode/SCI/","/neo/transactions/SCI/","yes","yes","EXACT","EXACT","EXACT","EXACT","n/a","EXACT","n/a","EXACT","n/a","n/a","n/a","n/a","n/a","n/a","5/14","EXACT","P3","all 14 named facts that the data answers are rendered on the NEO page"
"SCID","ABAP","light","/tcode/SCID/","/neo/transactions/SCID/","yes","yes","EXACT","EXACT","EXACT","EXACT","n/a","EXACT","n/a","EXACT","n/a","n/a","n/a","n/a","NEW-IN-NEO","n/a","5/14","EXACT","P3","all 14 named facts that the data answers are rendered on the NEO page"
"SCMA","BASIS","light","/tcode/SCMA/","/neo/transactions/SCMA/","yes","yes","EXACT","EXACT","EXACT","EXACT","n/a","EXACT","n/a","EXACT","n/a","n/a","n/a","n/a","NEW-IN-NEO","n/a","5/14","EXACT","P3","all 14 named facts that the data answers are rendered on the NEO page"
"SCMP","ABAP","light","/tcode/SCMP/","/neo/transactions/SCMP/","yes","yes","EXACT","EXACT","EXACT","EXACT","n/a","EXACT","n/a","EXACT","n/a","n/a","n/a","n/a","n/a","n/a","4/14","EXACT","P3","all 14 named facts that the data answers are rendered on the NEO page"
"SCOT","BASIS","light","/tcode/SCOT/","/neo/transactions/SCOT/","yes","yes","EXACT","EXACT","EXACT","EXACT","n/a","EXACT","n/a","EXACT","n/a","n/a","n/a","n/a","n/a","EXACT","5/14","EXACT","P3","all 14 named facts that the data answers are rendered on the NEO page"
"SCU0","BASIS","light","/tcode/SCU0/","/neo/transactions/SCU0/","yes","yes","EXACT","EXACT","EXACT","EXACT","n/a","EXACT","n/a","EXACT","n/a","n/a","n/a","n/a","NEW-IN-NEO","EXACT","5/14","EXACT","P3","all 14 named facts that the data answers are rendered on the NEO page"
"SCU3","BASIS","light","/tcode/SCU3/","/neo/transactions/SCU3/","yes","yes","EXACT","EXACT","EXACT","EXACT","n/a","EXACT","n/a","EXACT","n/a","n/a","n/a","n/a","NEW-IN-NEO","EXACT","5/14","EXACT","P3","all 14 named facts that the data answers are rendered on the NEO page"
"SCUA","SECURITY","light","/tcode/SCUA/","/neo/transactions/SCUA/","yes","yes","EXACT","EXACT","EXACT","EXACT","n/a","EXACT","n/a","EXACT","n/a","n/a","n/a","n/a","NEW-IN-NEO","EXACT","5/14","EXACT","P3","all 14 named facts that the data answers are rendered on the NEO page"
"SCUG","SECURITY","light","/tcode/SCUG/","/neo/transactions/SCUG/","yes","yes","EXACT","EXACT","EXACT","EXACT","n/a","EXACT","n/a","EXACT","n/a","n/a","n/a","n/a","NEW-IN-NEO","EXACT","5/14","EXACT","P3","all 14 named facts that the data answers are rendered on the NEO page"
"SCUL","SECURITY","light","/tcode/SCUL/","/neo/transactions/SCUL/","yes","yes","EXACT","EXACT","EXACT","EXACT","n/a","EXACT","n/a","EXACT","n/a","n/a","n/a","n/a","NEW-IN-NEO","EXACT","5/14","EXACT","P3","all 14 named facts that the data answers are rendered on the NEO page"
"SCUM","SECURITY","light","/tcode/SCUM/","/neo/transactions/SCUM/","yes","yes","EXACT","EXACT","EXACT","EXACT","n/a","EXACT","n/a","EXACT","n/a","n/a","n/a","n/a","NEW-IN-NEO","EXACT","5/14","EXACT","P3","all 14 named facts that the data answers are rendered on the NEO page"
"SD11","ABAP","light","/tcode/SD11/","/neo/transactions/SD11/","yes","yes","EXACT","EXACT","EXACT","EXACT","n/a","EXACT","n/a","EXACT","n/a","n/a","n/a","n/a","NEW-IN-NEO","n/a","5/14","EXACT","P3","all 14 named facts that the data answers are rendered on the NEO page"
"SE01","BASIS","light","/tcode/SE01/","/neo/transactions/SE01/","yes","yes","EXACT","EXACT","EXACT","EXACT","n/a","EXACT","n/a","EXACT","n/a","n/a","n/a","n/a","n/a","EXACT","4/14","EXACT","P3","all 14 named facts that the data answers are rendered on the NEO page"
"SE03","BASIS","light","/tcode/SE03/","/neo/transactions/SE03/","yes","yes","EXACT","EXACT","EXACT","EXACT","n/a","EXACT","n/a","EXACT","n/a","n/a","n/a","n/a","n/a","EXACT","5/14","EXACT","P3","all 14 named facts that the data answers are rendered on the NEO page"
"SE06","BASIS","light","/tcode/SE06/","/neo/transactions/SE06/","yes","yes","EXACT","EXACT","EXACT","EXACT","n/a","EXACT","n/a","EXACT","n/a","n/a","n/a","n/a","NEW-IN-NEO","EXACT","5/14","EXACT","P3","all 14 named facts that the data answers are rendered on the NEO page"
"SE09","BASIS","light","/tcode/SE09/","/neo/transactions/SE09/","yes","yes","EXACT","EXACT","EXACT","EXACT","n/a","EXACT","n/a","EXACT","n/a","n/a","n/a","n/a","EXACT","EXACT","5/14","EXACT","P3","all 14 named facts that the data answers are rendered on the NEO page"
"SE10","BASIS","light","/tcode/SE10/","/neo/transactions/SE10/","yes","yes","EXACT","EXACT","EXACT","EXACT","n/a","EXACT","n/a","EXACT","n/a","n/a","n/a","n/a","EXACT","EXACT","6/14","EXACT","P3","all 14 named facts that the data answers are rendered on the NEO page"
"SE11","ABAP","light","/tcode/SE11/","/neo/transactions/SE11/","yes","yes","EXACT","EXACT","EXACT","EXACT","n/a","EXACT","n/a","EXACT","n/a","n/a","n/a","n/a","n/a","EXACT","5/14","EXACT","P3","all 14 named facts that the data answers are rendered on the NEO page"
"SE12","ABAP","light","/tcode/SE12/","/neo/transactions/SE12/","yes","yes","EXACT","EXACT","EXACT","EXACT","n/a","EXACT","n/a","EXACT","n/a","n/a","n/a","n/a","NEW-IN-NEO","EXACT","5/14","EXACT","P3","all 14 named facts that the data answers are rendered on the NEO page"
"SE13","ABAP","light","/tcode/SE13/","/neo/transactions/SE13/","yes","yes","EXACT","EXACT","EXACT","EXACT","n/a","EXACT","n/a","EXACT","n/a","n/a","n/a","n/a","NEW-IN-NEO","EXACT","6/14","EXACT","P3","all 14 named facts that the data answers are rendered on the NEO page"
"SE14","ABAP","light","/tcode/SE14/","/neo/transactions/SE14/","yes","yes","EXACT","EXACT","EXACT","EXACT","n/a","EXACT","n/a","EXACT","n/a","n/a","n/a","n/a","n/a","EXACT","4/14","EXACT","P3","all 14 named facts that the data answers are rendered on the NEO page"
"SE15","BASIS","light","/tcode/SE15/","/neo/transactions/SE15/","yes","yes","EXACT","EXACT","EXACT","EXACT","n/a","EXACT","n/a","EXACT","n/a","n/a","n/a","n/a","NEW-IN-NEO","EXACT","5/14","EXACT","P3","all 14 named facts that the data answers are rendered on the NEO page"
"SE16","BASIS","light","/tcode/SE16/","/neo/transactions/SE16/","yes","yes","EXACT","EXACT","EXACT","EXACT","n/a","EXACT","n/a","EXACT","n/a","n/a","n/a","n/a","NEW-IN-NEO","EXACT","5/14","EXACT","P3","all 14 named facts that the data answers are rendered on the NEO page"
"SE16H","BASIS","light","/tcode/SE16H/","/neo/transactions/SE16H/","yes","yes","EXACT","EXACT","EXACT","EXACT","n/a","EXACT","n/a","EXACT","n/a","n/a","n/a","n/a","NEW-IN-NEO","EXACT","5/14","EXACT","P3","all 14 named facts that the data answers are rendered on the NEO page"
"SE16N","ABAP","light","/tcode/SE16N/","/neo/transactions/SE16N/","yes","yes","EXACT","EXACT","EXACT","EXACT","n/a","EXACT","n/a","EXACT","n/a","n/a","n/a","n/a","n/a","EXACT","5/14","EXACT","P3","all 14 named facts that the data answers are rendered on the NEO page"
"SE16T","BASIS","light","/tcode/SE16T/","/neo/transactions/SE16T/","yes","yes","EXACT","EXACT","EXACT","EXACT","n/a","EXACT","n/a","EXACT","n/a","n/a","n/a","n/a","NEW-IN-NEO","EXACT","5/14","EXACT","P3","all 14 named facts that the data answers are rendered on the NEO page"
"SE17","ABAP","light","/tcode/SE17/","/neo/transactions/SE17/","yes","yes","EXACT","EXACT","EXACT","EXACT","n/a","EXACT","n/a","EXACT","n/a","n/a","n/a","n/a","n/a","EXACT","4/14","EXACT","P3","all 14 named facts that the data answers are rendered on the NEO page"
"SE18","ABAP","light","/tcode/SE18/","/neo/transactions/SE18/","yes","yes","EXACT","EXACT","EXACT","EXACT","n/a","EXACT","n/a","EXACT","n/a","n/a","n/a","n/a","n/a","EXACT","4/14","EXACT","P3","all 14 named facts that the data answers are rendered on the NEO page"
"SE19","ABAP","light","/tcode/SE19/","/neo/transactions/SE19/","yes","yes","EXACT","EXACT","EXACT","EXACT","n/a","EXACT","n/a","EXACT","n/a","n/a","n/a","n/a","n/a","EXACT","4/14","EXACT","P3","all 14 named facts that the data answers are rendered on the NEO page"
"SE20","ABAP","light","/tcode/SE20/","/neo/transactions/SE20/","yes","yes","EXACT","EXACT","EXACT","EXACT","n/a","EXACT","n/a","EXACT","n/a","n/a","n/a","n/a","n/a","EXACT","4/14","EXACT","P3","all 14 named facts that the data answers are rendered on the NEO page"
"SE24","ABAP","light","/tcode/SE24/","/neo/transactions/SE24/","yes","yes","EXACT","EXACT","EXACT","EXACT","n/a","EXACT","n/a","EXACT","n/a","n/a","n/a","n/a","n/a","EXACT","4/14","EXACT","P3","all 14 named facts that the data answers are rendered on the NEO page"
"SE30","ABAP","light","/tcode/SE30/","/neo/transactions/SE30/","yes","yes","EXACT","EXACT","EXACT","EXACT","n/a","EXACT","n/a","EXACT","n/a","n/a","n/a","n/a","n/a","EXACT","5/14","EXACT","P3","all 14 named facts that the data answers are rendered on the NEO page"
"SE32","ABAP","light","/tcode/SE32/","/neo/transactions/SE32/","yes","yes","EXACT","EXACT","EXACT","EXACT","n/a","EXACT","n/a","EXACT","n/a","n/a","n/a","n/a","NEW-IN-NEO","EXACT","5/14","EXACT","P3","all 14 named facts that the data answers are rendered on the NEO page"
"SE33","ABAP","light","/tcode/SE33/","/neo/transactions/SE33/","yes","yes","EXACT","EXACT","EXACT","EXACT","n/a","EXACT","n/a","EXACT","n/a","n/a","n/a","n/a","NEW-IN-NEO","EXACT","5/14","EXACT","P3","all 14 named facts that the data answers are rendered on the NEO page"
"SE34","ABAP","light","/tcode/SE34/","/neo/transactions/SE34/","yes","yes","EXACT","EXACT","EXACT","EXACT","n/a","EXACT","n/a","EXACT","n/a","n/a","n/a","n/a","NEW-IN-NEO","EXACT","5/14","EXACT","P3","all 14 named facts that the data answers are rendered on the NEO page"
"SE35","ABAP","light","/tcode/SE35/","/neo/transactions/SE35/","yes","yes","EXACT","EXACT","EXACT","EXACT","n/a","EXACT","n/a","EXACT","n/a","n/a","n/a","n/a","NEW-IN-NEO","EXACT","5/14","EXACT","P3","all 14 named facts that the data answers are rendered on the NEO page"
"SE36","ABAP","light","/tcode/SE36/","/neo/transactions/SE36/","yes","yes","EXACT","EXACT","EXACT","EXACT","n/a","EXACT","n/a","EXACT","n/a","n/a","n/a","n/a","NEW-IN-NEO","EXACT","5/14","EXACT","P3","all 14 named facts that the data answers are rendered on the NEO page"
"SE37","ABAP","light","/tcode/SE37/","/neo/transactions/SE37/","yes","yes","EXACT","EXACT","EXACT","EXACT","n/a","EXACT","n/a","EXACT","n/a","n/a","n/a","n/a","n/a","EXACT","4/14","EXACT","P3","all 14 named facts that the data answers are rendered on the NEO page"
"SE38","ABAP","light","/tcode/SE38/","/neo/transactions/SE38/","yes","yes","EXACT","EXACT","EXACT","EXACT","n/a","EXACT","n/a","EXACT","n/a","n/a","n/a","n/a","n/a","EXACT","4/14","EXACT","P3","all 14 named facts that the data answers are rendered on the NEO page"
"SE38N","ABAP","light","/tcode/SE38N/","/neo/transactions/SE38N/","yes","yes","EXACT","EXACT","EXACT","EXACT","n/a","EXACT","n/a","EXACT","n/a","n/a","n/a","n/a","NEW-IN-NEO","EXACT","5/14","EXACT","P3","all 14 named facts that the data answers are rendered on the NEO page"
"SE39","BASIS","light","/tcode/SE39/","/neo/transactions/SE39/","yes","yes","EXACT","EXACT","EXACT","EXACT","n/a","EXACT","n/a","EXACT","n/a","n/a","n/a","n/a","NEW-IN-NEO","EXACT","5/14","EXACT","P3","all 14 named facts that the data answers are rendered on the NEO page"
"SE40","ABAP","light","/tcode/SE40/","/neo/transactions/SE40/","yes","yes","EXACT","EXACT","EXACT","EXACT","n/a","EXACT","n/a","EXACT","n/a","n/a","n/a","n/a","NEW-IN-NEO","EXACT","5/14","EXACT","P3","all 14 named facts that the data answers are rendered on the NEO page"
"SE41","ABAP","light","/tcode/SE41/","/neo/transactions/SE41/","yes","yes","EXACT","EXACT","EXACT","EXACT","n/a","EXACT","n/a","EXACT","n/a","n/a","n/a","n/a","NEW-IN-NEO","EXACT","5/14","EXACT","P3","all 14 named facts that the data answers are rendered on the NEO page"
"SE43","BASIS","light","/tcode/SE43/","/neo/transactions/SE43/","yes","yes","EXACT","EXACT","EXACT","EXACT","n/a","EXACT","n/a","EXACT","n/a","n/a","n/a","n/a","NEW-IN-NEO","EXACT","5/14","EXACT","P3","all 14 named facts that the data answers are rendered on the NEO page"
"SE43N","ABAP","light","/tcode/SE43N/","/neo/transactions/SE43N/","yes","yes","EXACT","EXACT","EXACT","EXACT","n/a","EXACT","n/a","EXACT","n/a","n/a","n/a","n/a","NEW-IN-NEO","EXACT","5/14","EXACT","P3","all 14 named facts that the data answers are rendered on the NEO page"
"SE43NN","ABAP","light","/tcode/SE43NN/","/neo/transactions/SE43NN/","yes","yes","EXACT","EXACT","EXACT","EXACT","n/a","EXACT","n/a","EXACT","n/a","n/a","n/a","n/a","NEW-IN-NEO","EXACT","5/14","EXACT","P3","all 14 named facts that the data answers are rendered on the NEO page"
"SE51","ABAP","light","/tcode/SE51/","/neo/transactions/SE51/","yes","yes","EXACT","EXACT","EXACT","EXACT","n/a","EXACT","n/a","EXACT","n/a","n/a","n/a","n/a","NEW-IN-NEO","EXACT","5/14","EXACT","P3","all 14 named facts that the data answers are rendered on the NEO page"
"SE52","ABAP","light","/tcode/SE52/","/neo/transactions/SE52/","yes","yes","EXACT","EXACT","EXACT","EXACT","n/a","EXACT","n/a","EXACT","n/a","n/a","n/a","n/a","NEW-IN-NEO","EXACT","5/14","EXACT","P3","all 14 named facts that the data answers are rendered on the NEO page"
"SE54","ABAP","light","/tcode/SE54/","/neo/transactions/SE54/","yes","yes","EXACT","EXACT","EXACT","EXACT","n/a","EXACT","n/a","EXACT","n/a","n/a","n/a","n/a","n/a","EXACT","4/14","EXACT","P3","all 14 named facts that the data answers are rendered on the NEO page"
"SE55","ABAP","light","/tcode/SE55/","/neo/transactions/SE55/","yes","yes","EXACT","EXACT","EXACT","EXACT","n/a","EXACT","n/a","EXACT","n/a","n/a","n/a","n/a","NEW-IN-NEO","EXACT","5/14","EXACT","P3","all 14 named facts that the data answers are rendered on the NEO page"
"SE56","ABAP","light","/tcode/SE56/","/neo/transactions/SE56/","yes","yes","EXACT","EXACT","EXACT","EXACT","n/a","EXACT","n/a","EXACT","n/a","n/a","n/a","n/a","NEW-IN-NEO","EXACT","5/14","EXACT","P3","all 14 named facts that the data answers are rendered on the NEO page"
"SE57","ABAP","light","/tcode/SE57/","/neo/transactions/SE57/","yes","yes","EXACT","EXACT","EXACT","EXACT","n/a","EXACT","n/a","EXACT","n/a","n/a","n/a","n/a","NEW-IN-NEO","EXACT","5/14","EXACT","P3","all 14 named facts that the data answers are rendered on the NEO page"
"SE61","ABAP","light","/tcode/SE61/","/neo/transactions/SE61/","yes","yes","EXACT","EXACT","EXACT","EXACT","n/a","EXACT","n/a","EXACT","n/a","n/a","n/a","n/a","NEW-IN-NEO","EXACT","5/14","EXACT","P3","all 14 named facts that the data answers are rendered on the NEO page"
"SE63","ABAP","light","/tcode/SE63/","/neo/transactions/SE63/","yes","yes","EXACT","EXACT","EXACT","EXACT","n/a","EXACT","n/a","EXACT","n/a","n/a","n/a","n/a","n/a","EXACT","4/14","EXACT","P3","all 14 named facts that the data answers are rendered on the NEO page"
"SE71","ABAP","light","/tcode/SE71/","/neo/transactions/SE71/","yes","yes","EXACT","EXACT","EXACT","EXACT","n/a","EXACT","n/a","EXACT","n/a","n/a","n/a","n/a","n/a","EXACT","4/14","EXACT","P3","all 14 named facts that the data answers are rendered on the NEO page"
"SE72","ABAP","light","/tcode/SE72/","/neo/transactions/SE72/","yes","yes","EXACT","EXACT","EXACT","EXACT","n/a","EXACT","n/a","EXACT","n/a","n/a","n/a","n/a","NEW-IN-NEO","EXACT","5/14","EXACT","P3","all 14 named facts that the data answers are rendered on the NEO page"
"SE73","ABAP","light","/tcode/SE73/","/neo/transactions/SE73/","yes","yes","EXACT","EXACT","EXACT","EXACT","n/a","EXACT","n/a","EXACT","n/a","n/a","n/a","n/a","NEW-IN-NEO","EXACT","5/14","EXACT","P3","all 14 named facts that the data answers are rendered on the NEO page"
"SE74","ABAP","light","/tcode/SE74/","/neo/transactions/SE74/","yes","yes","EXACT","EXACT","EXACT","EXACT","n/a","EXACT","n/a","EXACT","n/a","n/a","n/a","n/a","NEW-IN-NEO","EXACT","5/14","EXACT","P3","all 14 named facts that the data answers are rendered on the NEO page"
"SE75","ABAP","light","/tcode/SE75/","/neo/transactions/SE75/","yes","yes","EXACT","EXACT","EXACT","EXACT","n/a","EXACT","n/a","EXACT","n/a","n/a","n/a","n/a","NEW-IN-NEO","EXACT","5/14","EXACT","P3","all 14 named facts that the data answers are rendered on the NEO page"
"SE76","ABAP","light","/tcode/SE76/","/neo/transactions/SE76/","yes","yes","EXACT","EXACT","EXACT","EXACT","n/a","EXACT","n/a","EXACT","n/a","n/a","n/a","n/a","NEW-IN-NEO","EXACT","5/14","EXACT","P3","all 14 named facts that the data answers are rendered on the NEO page"
"SE78","ABAP","light","/tcode/SE78/","/neo/transactions/SE78/","yes","yes","EXACT","EXACT","EXACT","EXACT","n/a","EXACT","n/a","EXACT","n/a","n/a","n/a","n/a","NEW-IN-NEO","EXACT","5/14","EXACT","P3","all 14 named facts that the data answers are rendered on the NEO page"
"SE80","ABAP","light","/tcode/SE80/","/neo/transactions/SE80/","yes","yes","EXACT","EXACT","EXACT","EXACT","n/a","EXACT","n/a","EXACT","n/a","n/a","n/a","n/a","n/a","EXACT","4/14","EXACT","P3","all 14 named facts that the data answers are rendered on the NEO page"
"SE80_BSP","FIORI","light","/tcode/SE80_BSP/","/neo/transactions/SE80_BSP/","yes","yes","EXACT","EXACT","EXACT","n/a","n/a","EXACT","n/a","EXACT","n/a","n/a","n/a","n/a","n/a","n/a","3/14","EXACT","P3","all 14 named facts that the data answers are rendered on the NEO page"
"SE81","ABAP","light","/tcode/SE81/","/neo/transactions/SE81/","yes","yes","EXACT","EXACT","EXACT","EXACT","n/a","EXACT","n/a","EXACT","n/a","n/a","n/a","n/a","NEW-IN-NEO","EXACT","5/14","EXACT","P3","all 14 named facts that the data answers are rendered on the NEO page"
"SE82","ABAP","light","/tcode/SE82/","/neo/transactions/SE82/","yes","yes","EXACT","EXACT","EXACT","EXACT","n/a","EXACT","n/a","EXACT","n/a","n/a","n/a","n/a","NEW-IN-NEO","EXACT","5/14","EXACT","P3","all 14 named facts that the data answers are rendered on the NEO page"
"SE83","ABAP","light","/tcode/SE83/","/neo/transactions/SE83/","yes","yes","EXACT","EXACT","EXACT","EXACT","n/a","EXACT","n/a","EXACT","n/a","n/a","n/a","n/a","NEW-IN-NEO","EXACT","5/14","EXACT","P3","all 14 named facts that the data answers are rendered on the NEO page"
"SE84","ABAP","light","/tcode/SE84/","/neo/transactions/SE84/","yes","yes","EXACT","EXACT","EXACT","EXACT","n/a","EXACT","n/a","EXACT","n/a","n/a","n/a","n/a","NEW-IN-NEO","EXACT","5/14","EXACT","P3","all 14 named facts that the data answers are rendered on the NEO page"
"SE91","ABAP","light","/tcode/SE91/","/neo/transactions/SE91/","yes","yes","EXACT","EXACT","EXACT","EXACT","n/a","EXACT","n/a","EXACT","n/a","n/a","n/a","n/a","n/a","EXACT","4/14","EXACT","P3","all 14 named facts that the data answers are rendered on the NEO page"
"SE92","BASIS","light","/tcode/SE92/","/neo/transactions/SE92/","yes","yes","EXACT","EXACT","EXACT","EXACT","n/a","EXACT","n/a","EXACT","n/a","n/a","n/a","n/a","NEW-IN-NEO","EXACT","5/14","EXACT","P3","all 14 named facts that the data answers are rendered on the NEO page"
"SE93","ABAP","light","/tcode/SE93/","/neo/transactions/SE93/","yes","yes","EXACT","EXACT","EXACT","EXACT","n/a","EXACT","n/a","EXACT","n/a","n/a","n/a","n/a","n/a","EXACT","4/14","EXACT","P3","all 14 named facts that the data answers are rendered on the NEO page"
"SE95","BASIS","light","/tcode/SE95/","/neo/transactions/SE95/","yes","yes","EXACT","EXACT","EXACT","EXACT","n/a","EXACT","n/a","EXACT","n/a","n/a","n/a","n/a","NEW-IN-NEO","EXACT","5/14","EXACT","P3","all 14 named facts that the data answers are rendered on the NEO page"
"SE97","BASIS","light","/tcode/SE97/","/neo/transactions/SE97/","yes","yes","EXACT","EXACT","EXACT","EXACT","n/a","EXACT","n/a","EXACT","n/a","n/a","n/a","n/a","NEW-IN-NEO","EXACT","5/14","EXACT","P3","all 14 named facts that the data answers are rendered on the NEO page"
"SECSTORE","BASIS","light","/tcode/SECSTORE/","/neo/transactions/SECSTORE/","yes","yes","EXACT","EXACT","EXACT","EXACT","n/a","EXACT","n/a","EXACT","n/a","n/a","n/a","n/a","NEW-IN-NEO","n/a","5/14","EXACT","P3","all 14 named facts that the data answers are rendered on the NEO page"
"SFP","ABAP","light","/tcode/SFP/","/neo/transactions/SFP/","yes","yes","EXACT","EXACT","EXACT","EXACT","n/a","EXACT","n/a","EXACT","n/a","n/a","n/a","n/a","n/a","EXACT","4/14","EXACT","P3","all 14 named facts that the data answers are rendered on the NEO page"
"SHD0","ABAP","light","/tcode/SHD0/","/neo/transactions/SHD0/","yes","yes","EXACT","EXACT","EXACT","n/a","n/a","EXACT","n/a","EXACT","n/a","n/a","n/a","n/a","n/a","n/a","3/14","EXACT","P3","all 14 named facts that the data answers are rendered on the NEO page"
"SHDB","ABAP","light","/tcode/SHDB/","/neo/transactions/SHDB/","yes","yes","EXACT","EXACT","EXACT","n/a","n/a","EXACT","n/a","EXACT","n/a","n/a","n/a","n/a","n/a","n/a","4/14","EXACT","P3","all 14 named facts that the data answers are rendered on the NEO page"
"SICF","BASIS","light","/tcode/SICF/","/neo/transactions/SICF/","yes","yes","EXACT","EXACT","EXACT","EXACT","n/a","EXACT","n/a","EXACT","n/a","n/a","n/a","n/a","n/a","n/a","4/14","EXACT","P3","all 14 named facts that the data answers are rendered on the NEO page"
"SICK","BASIS","light","/tcode/SICK/","/neo/transactions/SICK/","yes","yes","EXACT","EXACT","EXACT","EXACT","n/a","EXACT","n/a","EXACT","n/a","n/a","n/a","n/a","NEW-IN-NEO","EXACT","5/14","EXACT","P3","all 14 named facts that the data answers are rendered on the NEO page"
"SLDCHECK","BASIS","light","/tcode/SLDCHECK/","/neo/transactions/SLDCHECK/","yes","yes","EXACT","EXACT","EXACT","EXACT","n/a","EXACT","n/a","EXACT","n/a","n/a","n/a","n/a","NEW-IN-NEO","EXACT","5/14","EXACT","P3","all 14 named facts that the data answers are rendered on the NEO page"
"SLG1","BASIS","light","/tcode/SLG1/","/neo/transactions/SLG1/","yes","yes","EXACT","EXACT","EXACT","EXACT","n/a","EXACT","n/a","EXACT","n/a","n/a","n/a","n/a","n/a","EXACT","4/14","EXACT","P3","all 14 named facts that the data answers are rendered on the NEO page"
"SLICENSE","BASIS","light","/tcode/SLICENSE/","/neo/transactions/SLICENSE/","yes","yes","EXACT","EXACT","EXACT","EXACT","n/a","EXACT","n/a","EXACT","n/a","n/a","n/a","n/a","NEW-IN-NEO","EXACT","5/14","EXACT","P3","all 14 named facts that the data answers are rendered on the NEO page"
"SLIN","ABAP","light","/tcode/SLIN/","/neo/transactions/SLIN/","yes","yes","EXACT","EXACT","EXACT","EXACT","n/a","EXACT","n/a","EXACT","n/a","n/a","n/a","n/a","NEW-IN-NEO","n/a","5/14","EXACT","P3","all 14 named facts that the data answers are rendered on the NEO page"
"SM01","BASIS","light","/tcode/SM01/","/neo/transactions/SM01/","yes","yes","EXACT","EXACT","EXACT","EXACT","n/a","EXACT","n/a","EXACT","n/a","n/a","n/a","n/a","NEW-IN-NEO","EXACT","5/14","EXACT","P3","all 14 named facts that the data answers are rendered on the NEO page"
"SM01_CUS","SECURITY","light","/tcode/SM01_CUS/","/neo/transactions/SM01_CUS/","yes","yes","EXACT","EXACT","EXACT","EXACT","n/a","EXACT","n/a","EXACT","n/a","n/a","n/a","n/a","NEW-IN-NEO","EXACT","5/14","EXACT","P3","all 14 named facts that the data answers are rendered on the NEO page"
"SM01_DEV","BASIS","light","/tcode/SM01_DEV/","/neo/transactions/SM01_DEV/","yes","yes","EXACT","EXACT","EXACT","EXACT","n/a","EXACT","n/a","EXACT","n/a","n/a","n/a","n/a","NEW-IN-NEO","EXACT","5/14","EXACT","P3","all 14 named facts that the data answers are rendered on the NEO page"
"SM02","BASIS","light","/tcode/SM02/","/neo/transactions/SM02/","yes","yes","EXACT","EXACT","EXACT","EXACT","n/a","EXACT","n/a","EXACT","n/a","n/a","n/a","n/a","NEW-IN-NEO","EXACT","5/14","EXACT","P3","all 14 named facts that the data answers are rendered on the NEO page"
"SM04","BASIS","light","/tcode/SM04/","/neo/transactions/SM04/","yes","yes","EXACT","EXACT","EXACT","EXACT","n/a","EXACT","n/a","EXACT","n/a","n/a","n/a","n/a","NEW-IN-NEO","EXACT","6/14","EXACT","P3","all 14 named facts that the data answers are rendered on the NEO page"
"SM12","BASIS","light","/tcode/SM12/","/neo/transactions/SM12/","yes","yes","EXACT","EXACT","EXACT","EXACT","n/a","EXACT","n/a","EXACT","n/a","n/a","n/a","n/a","n/a","EXACT","5/14","EXACT","P3","all 14 named facts that the data answers are rendered on the NEO page"
"SM13","BASIS","light","/tcode/SM13/","/neo/transactions/SM13/","yes","yes","EXACT","EXACT","EXACT","EXACT","n/a","EXACT","n/a","EXACT","n/a","n/a","n/a","n/a","n/a","EXACT","5/14","EXACT","P3","all 14 named facts that the data answers are rendered on the NEO page"
"SM14","BASIS","light","/tcode/SM14/","/neo/transactions/SM14/","yes","yes","EXACT","EXACT","EXACT","EXACT","n/a","EXACT","n/a","EXACT","n/a","n/a","n/a","n/a","NEW-IN-NEO","EXACT","5/14","EXACT","P3","all 14 named facts that the data answers are rendered on the NEO page"
"SM18","BASIS","light","/tcode/SM18/","/neo/transactions/SM18/","yes","yes","EXACT","EXACT","EXACT","EXACT","n/a","EXACT","n/a","EXACT","n/a","n/a","n/a","n/a","NEW-IN-NEO","EXACT","5/14","EXACT","P3","all 14 named facts that the data answers are rendered on the NEO page"
"SM19","BASIS","light","/tcode/SM19/","/neo/transactions/SM19/","yes","yes","EXACT","EXACT","EXACT","EXACT","n/a","EXACT","n/a","EXACT","n/a","n/a","n/a","n/a","NEW-IN-NEO","EXACT","5/14","EXACT","P3","all 14 named facts that the data answers are rendered on the NEO page"
"SM20","BASIS","light","/tcode/SM20/","/neo/transactions/SM20/","yes","yes","EXACT","EXACT","EXACT","EXACT","n/a","EXACT","n/a","EXACT","n/a","n/a","n/a","n/a","NEW-IN-NEO","EXACT","5/14","EXACT","P3","all 14 named facts that the data answers are rendered on the NEO page"
"SM20N","SECURITY","light","/tcode/SM20N/","/neo/transactions/SM20N/","yes","yes","EXACT","EXACT","EXACT","EXACT","n/a","EXACT","n/a","EXACT","n/a","n/a","n/a","n/a","NEW-IN-NEO","EXACT","5/14","EXACT","P3","all 14 named facts that the data answers are rendered on the NEO page"
"SM21","BASIS","light","/tcode/SM21/","/neo/transactions/SM21/","yes","yes","EXACT","EXACT","EXACT","EXACT","n/a","EXACT","n/a","EXACT","n/a","n/a","n/a","n/a","n/a","EXACT","5/14","EXACT","P3","all 14 named facts that the data answers are rendered on the NEO page"
"SM30","ABAP","light","/tcode/SM30/","/neo/transactions/SM30/","yes","yes","EXACT","EXACT","EXACT","EXACT","n/a","EXACT","n/a","EXACT","n/a","n/a","n/a","n/a","n/a","EXACT","4/14","EXACT","P3","all 14 named facts that the data answers are rendered on the NEO page"
"SM31","BASIS","light","/tcode/SM31/","/neo/transactions/SM31/","yes","yes","EXACT","EXACT","EXACT","EXACT","n/a","EXACT","n/a","EXACT","n/a","n/a","n/a","n/a","NEW-IN-NEO","EXACT","5/14","EXACT","P3","all 14 named facts that the data answers are rendered on the NEO page"
"SM34","ABAP","light","/tcode/SM34/","/neo/transactions/SM34/","yes","yes","EXACT","EXACT","EXACT","EXACT","n/a","EXACT","n/a","EXACT","n/a","n/a","n/a","n/a","n/a","EXACT","4/14","EXACT","P3","all 14 named facts that the data answers are rendered on the NEO page"
"SM35","BASIS","light","/tcode/SM35/","/neo/transactions/SM35/","yes","yes","EXACT","EXACT","EXACT","EXACT","n/a","EXACT","NEW-IN-NEO","EXACT","n/a","n/a","n/a","n/a","NEW-IN-NEO","EXACT","7/14","EXACT","P3","all 14 named facts that the data answers are rendered on the NEO page"
"SM35P","BASIS","light","/tcode/SM35P/","/neo/transactions/SM35P/","yes","yes","EXACT","EXACT","EXACT","EXACT","n/a","EXACT","NEW-IN-NEO","EXACT","n/a","n/a","n/a","n/a","NEW-IN-NEO","EXACT","6/14","EXACT","P3","all 14 named facts that the data answers are rendered on the NEO page"
"SM36","BASIS","light","/tcode/SM36/","/neo/transactions/SM36/","yes","yes","EXACT","EXACT","EXACT","EXACT","n/a","EXACT","n/a","EXACT","n/a","n/a","n/a","n/a","n/a","EXACT","4/14","EXACT","P3","all 14 named facts that the data answers are rendered on the NEO page"
"SM37","BASIS","light","/tcode/SM37/","/neo/transactions/SM37/","yes","yes","EXACT","EXACT","EXACT","EXACT","n/a","EXACT","n/a","EXACT","n/a","n/a","n/a","n/a","n/a","EXACT","5/14","EXACT","P3","all 14 named facts that the data answers are rendered on the NEO page"
"SM38","BASIS","light","/tcode/SM38/","/neo/transactions/SM38/","yes","yes","EXACT","EXACT","EXACT","EXACT","n/a","EXACT","n/a","EXACT","n/a","n/a","n/a","n/a","NEW-IN-NEO","EXACT","5/14","EXACT","P3","all 14 named facts that the data answers are rendered on the NEO page"
"SM49","BASIS","light","/tcode/SM49/","/neo/transactions/SM49/","yes","yes","EXACT","EXACT","EXACT","EXACT","n/a","EXACT","n/a","EXACT","n/a","n/a","n/a","n/a","NEW-IN-NEO","EXACT","5/14","EXACT","P3","all 14 named facts that the data answers are rendered on the NEO page"
"SM50","BASIS","light","/tcode/SM50/","/neo/transactions/SM50/","yes","yes","EXACT","EXACT","EXACT","EXACT","n/a","EXACT","n/a","EXACT","n/a","n/a","n/a","n/a","n/a","EXACT","5/14","EXACT","P3","all 14 named facts that the data answers are rendered on the NEO page"
"SM51","BASIS","light","/tcode/SM51/","/neo/transactions/SM51/","yes","yes","EXACT","EXACT","EXACT","EXACT","n/a","EXACT","n/a","EXACT","n/a","n/a","n/a","n/a","n/a","EXACT","4/14","EXACT","P3","all 14 named facts that the data answers are rendered on the NEO page"
"SM56","BASIS","light","/tcode/SM56/","/neo/transactions/SM56/","yes","yes","EXACT","EXACT","EXACT","EXACT","n/a","EXACT","n/a","EXACT","n/a","n/a","n/a","n/a","NEW-IN-NEO","EXACT","6/14","EXACT","P3","all 14 named facts that the data answers are rendered on the NEO page"
"SM58","BASIS","light","/tcode/SM58/","/neo/transactions/SM58/","yes","yes","EXACT","EXACT","EXACT","EXACT","n/a","EXACT","n/a","EXACT","n/a","n/a","n/a","n/a","n/a","EXACT","5/14","EXACT","P3","all 14 named facts that the data answers are rendered on the NEO page"
"SM59","BASIS","light","/tcode/SM59/","/neo/transactions/SM59/","yes","yes","EXACT","EXACT","EXACT","EXACT","n/a","EXACT","n/a","EXACT","n/a","n/a","n/a","n/a","n/a","EXACT","5/14","EXACT","P3","all 14 named facts that the data answers are rendered on the NEO page"
"SM61","BASIS","light","/tcode/SM61/","/neo/transactions/SM61/","yes","yes","EXACT","EXACT","EXACT","EXACT","n/a","EXACT","n/a","EXACT","n/a","n/a","n/a","n/a","NEW-IN-NEO","EXACT","5/14","EXACT","P3","all 14 named facts that the data answers are rendered on the NEO page"
"SM62","BASIS","light","/tcode/SM62/","/neo/transactions/SM62/","yes","yes","EXACT","EXACT","EXACT","EXACT","n/a","EXACT","n/a","EXACT","n/a","n/a","n/a","n/a","NEW-IN-NEO","EXACT","5/14","EXACT","P3","all 14 named facts that the data answers are rendered on the NEO page"
"SM63","BASIS","light","/tcode/SM63/","/neo/transactions/SM63/","yes","yes","EXACT","EXACT","EXACT","EXACT","n/a","EXACT","n/a","EXACT","n/a","n/a","n/a","n/a","NEW-IN-NEO","EXACT","5/14","EXACT","P3","all 14 named facts that the data answers are rendered on the NEO page"
"SM64","BASIS","light","/tcode/SM64/","/neo/transactions/SM64/","yes","yes","EXACT","EXACT","EXACT","EXACT","n/a","EXACT","n/a","EXACT","n/a","n/a","n/a","n/a","NEW-IN-NEO","EXACT","5/14","EXACT","P3","all 14 named facts that the data answers are rendered on the NEO page"
"SM65","BASIS","light","/tcode/SM65/","/neo/transactions/SM65/","yes","yes","EXACT","EXACT","EXACT","EXACT","n/a","EXACT","n/a","EXACT","n/a","n/a","n/a","n/a","NEW-IN-NEO","EXACT","5/14","EXACT","P3","all 14 named facts that the data answers are rendered on the NEO page"
"SM66","BASIS","light","/tcode/SM66/","/neo/transactions/SM66/","yes","yes","EXACT","EXACT","EXACT","EXACT","n/a","EXACT","n/a","EXACT","n/a","n/a","n/a","n/a","NEW-IN-NEO","EXACT","5/14","EXACT","P3","all 14 named facts that the data answers are rendered on the NEO page"
"SM69","BASIS","light","/tcode/SM69/","/neo/transactions/SM69/","yes","yes","EXACT","EXACT","EXACT","EXACT","n/a","EXACT","n/a","EXACT","n/a","n/a","n/a","n/a","NEW-IN-NEO","EXACT","5/14","EXACT","P3","all 14 named facts that the data answers are rendered on the NEO page"
"SMARTFORMS","ABAP","light","/tcode/SMARTFORMS/","/neo/transactions/SMARTFORMS/","yes","yes","EXACT","EXACT","EXACT","EXACT","n/a","EXACT","n/a","EXACT","n/a","n/a","n/a","n/a","n/a","EXACT","4/14","EXACT","P3","all 14 named facts that the data answers are rendered on the NEO page"
"SMARTSTYLES","ABAP","light","/tcode/SMARTSTYLES/","/neo/transactions/SMARTSTYLES/","yes","yes","EXACT","EXACT","EXACT","EXACT","n/a","EXACT","n/a","EXACT","n/a","n/a","n/a","n/a","NEW-IN-NEO","EXACT","5/14","EXACT","P3","all 14 named facts that the data answers are rendered on the NEO page"
"SMENU","BASIS","light","/tcode/SMENU/","/neo/transactions/SMENU/","yes","yes","EXACT","EXACT","EXACT","EXACT","n/a","EXACT","n/a","EXACT","n/a","n/a","n/a","n/a","NEW-IN-NEO","EXACT","5/14","EXACT","P3","all 14 named facts that the data answers are rendered on the NEO page"
"SMGW","BASIS","light","/tcode/SMGW/","/neo/transactions/SMGW/","yes","yes","EXACT","EXACT","EXACT","EXACT","n/a","EXACT","n/a","EXACT","n/a","n/a","n/a","n/a","n/a","EXACT","5/14","EXACT","P3","all 14 named facts that the data answers are rendered on the NEO page"
"SMGWMON","BASIS","light","/tcode/SMGWMON/","/neo/transactions/SMGWMON/","yes","yes","EXACT","EXACT","EXACT","EXACT","n/a","EXACT","n/a","EXACT","n/a","n/a","n/a","n/a","NEW-IN-NEO","EXACT","5/14","EXACT","P3","all 14 named facts that the data answers are rendered on the NEO page"
"SMICM","BASIS","light","/tcode/SMICM/","/neo/transactions/SMICM/","yes","yes","EXACT","EXACT","EXACT","EXACT","n/a","EXACT","n/a","EXACT","n/a","n/a","n/a","n/a","NEW-IN-NEO","EXACT","5/14","EXACT","P3","all 14 named facts that the data answers are rendered on the NEO page"
"SMLG","BASIS","light","/tcode/SMLG/","/neo/transactions/SMLG/","yes","yes","EXACT","EXACT","EXACT","EXACT","n/a","EXACT","n/a","EXACT","n/a","n/a","n/a","n/a","NEW-IN-NEO","EXACT","5/14","EXACT","P3","all 14 named facts that the data answers are rendered on the NEO page"
"SMMS","BASIS","light","/tcode/SMMS/","/neo/transactions/SMMS/","yes","yes","EXACT","EXACT","EXACT","EXACT","n/a","EXACT","n/a","EXACT","n/a","n/a","n/a","n/a","NEW-IN-NEO","EXACT","5/14","EXACT","P3","all 14 named facts that the data answers are rendered on the NEO page"
"SMOD","ABAP","light","/tcode/SMOD/","/neo/transactions/SMOD/","yes","yes","EXACT","EXACT","EXACT","EXACT","n/a","EXACT","n/a","EXACT","n/a","n/a","n/a","n/a","n/a","n/a","4/14","EXACT","P3","all 14 named facts that the data answers are rendered on the NEO page"
"SMQ1","BASIS","light","/tcode/SMQ1/","/neo/transactions/SMQ1/","yes","yes","EXACT","EXACT","EXACT","EXACT","n/a","EXACT","n/a","EXACT","n/a","n/a","n/a","n/a","n/a","EXACT","5/14","EXACT","P3","all 14 named facts that the data answers are rendered on the NEO page"
"SMQ2","BASIS","light","/tcode/SMQ2/","/neo/transactions/SMQ2/","yes","yes","EXACT","EXACT","EXACT","EXACT","n/a","EXACT","n/a","EXACT","n/a","n/a","n/a","n/a","n/a","EXACT","5/14","EXACT","P3","all 14 named facts that the data answers are rendered on the NEO page"
"SMQR","BASIS","light","/tcode/SMQR/","/neo/transactions/SMQR/","yes","yes","EXACT","EXACT","EXACT","EXACT","n/a","EXACT","n/a","EXACT","n/a","n/a","n/a","n/a","NEW-IN-NEO","EXACT","6/14","EXACT","P3","all 14 named facts that the data answers are rendered on the NEO page"
"SMQS","BASIS","light","/tcode/SMQS/","/neo/transactions/SMQS/","yes","yes","EXACT","EXACT","EXACT","EXACT","n/a","EXACT","n/a","EXACT","n/a","n/a","n/a","n/a","NEW-IN-NEO","EXACT","5/14","EXACT","P3","all 14 named facts that the data answers are rendered on the NEO page"
"SMT1","BASIS","light","/tcode/SMT1/","/neo/transactions/SMT1/","yes","yes","EXACT","EXACT","EXACT","EXACT","n/a","EXACT","n/a","EXACT","n/a","n/a","n/a","n/a","NEW-IN-NEO","n/a","5/14","EXACT","P3","all 14 named facts that the data answers are rendered on the NEO page"
"SMT2","BASIS","light","/tcode/SMT2/","/neo/transactions/SMT2/","yes","yes","EXACT","EXACT","EXACT","EXACT","n/a","EXACT","n/a","EXACT","n/a","n/a","n/a","n/a","NEW-IN-NEO","n/a","5/14","EXACT","P3","all 14 named facts that the data answers are rendered on the NEO page"
"SMX","BASIS","light","/tcode/SMX/","/neo/transactions/SMX/","yes","yes","EXACT","EXACT","EXACT","EXACT","n/a","EXACT","n/a","EXACT","n/a","n/a","n/a","n/a","NEW-IN-NEO","n/a","5/14","EXACT","P3","all 14 named facts that the data answers are rendered on the NEO page"
"SNC0","SECURITY","light","/tcode/SNC0/","/neo/transactions/SNC0/","yes","yes","EXACT","EXACT","EXACT","EXACT","n/a","EXACT","n/a","EXACT","n/a","n/a","n/a","n/a","NEW-IN-NEO","EXACT","5/14","EXACT","P3","all 14 named facts that the data answers are rendered on the NEO page"
"SNOTE","BASIS","light","/tcode/SNOTE/","/neo/transactions/SNOTE/","yes","yes","EXACT","EXACT","EXACT","EXACT","n/a","EXACT","n/a","EXACT","n/a","n/a","n/a","n/a","NEW-IN-NEO","n/a","5/14","EXACT","P3","all 14 named facts that the data answers are rendered on the NEO page"
"SNRO","BASIS","light","/tcode/SNRO/","/neo/transactions/SNRO/","yes","yes","EXACT","EXACT","EXACT","EXACT","n/a","EXACT","n/a","EXACT","n/a","n/a","n/a","n/a","NEW-IN-NEO","EXACT","6/14","EXACT","P3","all 14 named facts that the data answers are rendered on the NEO page"
"SO70","SECURITY","light","/tcode/SO70/","/neo/transactions/SO70/","yes","yes","EXACT","EXACT","EXACT","EXACT","n/a","EXACT","n/a","EXACT","n/a","n/a","n/a","n/a","NEW-IN-NEO","n/a","5/14","EXACT","P3","all 14 named facts that the data answers are rendered on the NEO page"
"SOAMANAGER","INTEGRATION","light","/tcode/SOAMANAGER/","/neo/transactions/SOAMANAGER/","yes","yes","EXACT","EXACT","EXACT","n/a","n/a","EXACT","n/a","EXACT","n/a","n/a","n/a","n/a","n/a","n/a","3/14","EXACT","P3","all 14 named facts that the data answers are rendered on the NEO page"
"SOBJ","ABAP","light","/tcode/SOBJ/","/neo/transactions/SOBJ/","yes","yes","EXACT","EXACT","EXACT","EXACT","n/a","EXACT","n/a","EXACT","n/a","n/a","n/a","n/a","NEW-IN-NEO","n/a","5/14","EXACT","P3","all 14 named facts that the data answers are rendered on the NEO page"
"SOLE","BASIS","light","/tcode/SOLE/","/neo/transactions/SOLE/","yes","yes","EXACT","EXACT","EXACT","EXACT","n/a","EXACT","n/a","EXACT","n/a","n/a","n/a","n/a","NEW-IN-NEO","n/a","5/14","EXACT","P3","all 14 named facts that the data answers are rendered on the NEO page"
"SOLMAN_SETUP","BASIS","light","/tcode/SOLMAN_SETUP/","/neo/transactions/SOLMAN_SETUP/","yes","yes","EXACT","EXACT","EXACT","EXACT","n/a","EXACT","n/a","EXACT","n/a","n/a","n/a","n/a","NEW-IN-NEO","EXACT","5/14","EXACT","P3","all 14 named facts that the data answers are rendered on the NEO page"
"SOST","BASIS","light","/tcode/SOST/","/neo/transactions/SOST/","yes","yes","EXACT","EXACT","EXACT","EXACT","n/a","EXACT","n/a","EXACT","n/a","n/a","n/a","n/a","n/a","EXACT","5/14","EXACT","P3","all 14 named facts that the data answers are rendered on the NEO page"
"SP01","BASIS","light","/tcode/SP01/","/neo/transactions/SP01/","yes","yes","EXACT","EXACT","EXACT","EXACT","n/a","EXACT","n/a","EXACT","n/a","n/a","n/a","n/a","n/a","n/a","5/14","EXACT","P3","all 14 named facts that the data answers are rendered on the NEO page"
"SP02","BASIS","light","/tcode/SP02/","/neo/transactions/SP02/","yes","yes","EXACT","EXACT","EXACT","EXACT","n/a","EXACT","n/a","EXACT","n/a","n/a","n/a","n/a","NEW-IN-NEO","n/a","5/14","EXACT","P3","all 14 named facts that the data answers are rendered on the NEO page"
"SP11","BASIS","light","/tcode/SP11/","/neo/transactions/SP11/","yes","yes","EXACT","EXACT","EXACT","EXACT","n/a","EXACT","n/a","EXACT","n/a","n/a","n/a","n/a","NEW-IN-NEO","n/a","5/14","EXACT","P3","all 14 named facts that the data answers are rendered on the NEO page"
"SP12","BASIS","light","/tcode/SP12/","/neo/transactions/SP12/","yes","yes","EXACT","EXACT","EXACT","EXACT","n/a","EXACT","n/a","EXACT","n/a","n/a","n/a","n/a","NEW-IN-NEO","EXACT","6/14","EXACT","P3","all 14 named facts that the data answers are rendered on the NEO page"
"SPAD","BASIS","light","/tcode/SPAD/","/neo/transactions/SPAD/","yes","yes","EXACT","EXACT","EXACT","EXACT","n/a","EXACT","n/a","EXACT","n/a","n/a","n/a","n/a","n/a","EXACT","5/14","EXACT","P3","all 14 named facts that the data answers are rendered on the NEO page"
"SPAM","BASIS","light","/tcode/SPAM/","/neo/transactions/SPAM/","yes","yes","EXACT","EXACT","EXACT","EXACT","n/a","EXACT","n/a","EXACT","n/a","n/a","n/a","n/a","NEW-IN-NEO","n/a","5/14","EXACT","P3","all 14 named facts that the data answers are rendered on the NEO page"
"SPAU","BASIS","light","/tcode/SPAU/","/neo/transactions/SPAU/","yes","yes","EXACT","EXACT","EXACT","EXACT","n/a","EXACT","n/a","EXACT","n/a","n/a","n/a","n/a","NEW-IN-NEO","n/a","5/14","EXACT","P3","all 14 named facts that the data answers are rendered on the NEO page"
"SPDD","BASIS","light","/tcode/SPDD/","/neo/transactions/SPDD/","yes","yes","EXACT","EXACT","EXACT","EXACT","n/a","EXACT","n/a","EXACT","n/a","n/a","n/a","n/a","NEW-IN-NEO","n/a","5/14","EXACT","P3","all 14 named facts that the data answers are rendered on the NEO page"
"SPRO","—","not-in-registry","/tcode/SPRO/","—","yes","no","MISSING","n/a","n/a","n/a","n/a","n/a","MISSING","MISSING","n/a","n/a","n/a","n/a","n/a","n/a","—","MISSING","P1","no /neo/transactions/SPRO/ page: code comes from lib/object-intel listTcodes() (blueprint tcodes column), which lib/tx-registry does not merge; NEO generateStaticParams = registryCodes() only. OLD /tcode/SPRO/ renders RelatedView with 3 blueprint table(s). DATA PRESENT, NOT SURFACED IN NEO."
"SRT_MONI","INTEGRATION","light","/tcode/SRT_MONI/","/neo/transactions/SRT_MONI/","yes","yes","EXACT","EXACT","EXACT","n/a","n/a","EXACT","n/a","EXACT","n/a","n/a","n/a","n/a","n/a","n/a","3/14","EXACT","P3","all 14 named facts that the data answers are rendered on the NEO page"
"SSO2","SECURITY","light","/tcode/SSO2/","/neo/transactions/SSO2/","yes","yes","EXACT","EXACT","EXACT","EXACT","n/a","EXACT","n/a","EXACT","n/a","n/a","n/a","n/a","NEW-IN-NEO","EXACT","5/14","EXACT","P3","all 14 named facts that the data answers are rendered on the NEO page"
"ST01","SECURITY","light","/tcode/ST01/","/neo/transactions/ST01/","yes","yes","EXACT","EXACT","EXACT","EXACT","n/a","EXACT","n/a","EXACT","n/a","n/a","n/a","n/a","n/a","EXACT","5/14","EXACT","P3","all 14 named facts that the data answers are rendered on the NEO page"
"ST02","BASIS","light","/tcode/ST02/","/neo/transactions/ST02/","yes","yes","EXACT","EXACT","EXACT","EXACT","n/a","EXACT","n/a","EXACT","n/a","n/a","n/a","n/a","n/a","EXACT","5/14","EXACT","P3","all 14 named facts that the data answers are rendered on the NEO page"
"ST03","BASIS","light","/tcode/ST03/","/neo/transactions/ST03/","yes","yes","EXACT","EXACT","EXACT","EXACT","n/a","EXACT","n/a","EXACT","n/a","n/a","n/a","n/a","n/a","EXACT","4/14","EXACT","P3","all 14 named facts that the data answers are rendered on the NEO page"
"ST03N","BASIS","light","/tcode/ST03N/","/neo/transactions/ST03N/","yes","yes","EXACT","EXACT","EXACT","EXACT","n/a","EXACT","n/a","EXACT","n/a","n/a","n/a","n/a","NEW-IN-NEO","EXACT","5/14","EXACT","P3","all 14 named facts that the data answers are rendered on the NEO page"
"ST04","BASIS","light","/tcode/ST04/","/neo/transactions/ST04/","yes","yes","EXACT","EXACT","EXACT","EXACT","n/a","EXACT","n/a","EXACT","n/a","n/a","n/a","n/a","NEW-IN-NEO","EXACT","5/14","EXACT","P3","all 14 named facts that the data answers are rendered on the NEO page"
"ST05","BASIS","light","/tcode/ST05/","/neo/transactions/ST05/","yes","yes","EXACT","EXACT","EXACT","EXACT","n/a","EXACT","n/a","EXACT","n/a","n/a","n/a","n/a","n/a","EXACT","5/14","EXACT","P3","all 14 named facts that the data answers are rendered on the NEO page"
"ST06","BASIS","light","/tcode/ST06/","/neo/transactions/ST06/","yes","yes","EXACT","EXACT","EXACT","EXACT","n/a","EXACT","n/a","EXACT","n/a","n/a","n/a","n/a","NEW-IN-NEO","EXACT","5/14","EXACT","P3","all 14 named facts that the data answers are rendered on the NEO page"
"ST06N","BASIS","light","/tcode/ST06N/","/neo/transactions/ST06N/","yes","yes","EXACT","EXACT","EXACT","EXACT","n/a","EXACT","n/a","EXACT","n/a","n/a","n/a","n/a","NEW-IN-NEO","EXACT","5/14","EXACT","P3","all 14 named facts that the data answers are rendered on the NEO page"
"ST07","BASIS","light","/tcode/ST07/","/neo/transactions/ST07/","yes","yes","EXACT","EXACT","EXACT","EXACT","n/a","EXACT","n/a","EXACT","n/a","n/a","n/a","n/a","NEW-IN-NEO","EXACT","5/14","EXACT","P3","all 14 named facts that the data answers are rendered on the NEO page"
"ST07N","BASIS","light","/tcode/ST07N/","/neo/transactions/ST07N/","yes","yes","EXACT","EXACT","EXACT","EXACT","n/a","EXACT","n/a","EXACT","n/a","n/a","n/a","n/a","NEW-IN-NEO","EXACT","5/14","EXACT","P3","all 14 named facts that the data answers are rendered on the NEO page"
"ST10","BASIS","light","/tcode/ST10/","/neo/transactions/ST10/","yes","yes","EXACT","EXACT","EXACT","EXACT","n/a","EXACT","n/a","EXACT","n/a","n/a","n/a","n/a","NEW-IN-NEO","n/a","5/14","EXACT","P3","all 14 named facts that the data answers are rendered on the NEO page"
"ST11","BASIS","light","/tcode/ST11/","/neo/transactions/ST11/","yes","yes","EXACT","EXACT","EXACT","EXACT","n/a","EXACT","n/a","EXACT","n/a","n/a","n/a","n/a","NEW-IN-NEO","n/a","5/14","EXACT","P3","all 14 named facts that the data answers are rendered on the NEO page"
"ST12","ABAP","light","/tcode/ST12/","/neo/transactions/ST12/","yes","yes","EXACT","EXACT","EXACT","EXACT","n/a","EXACT","n/a","EXACT","n/a","n/a","n/a","n/a","n/a","EXACT","4/14","EXACT","P3","all 14 named facts that the data answers are rendered on the NEO page"
"ST13","BASIS","light","/tcode/ST13/","/neo/transactions/ST13/","yes","yes","EXACT","EXACT","EXACT","EXACT","n/a","EXACT","n/a","EXACT","n/a","n/a","n/a","n/a","NEW-IN-NEO","EXACT","5/14","EXACT","P3","all 14 named facts that the data answers are rendered on the NEO page"
"ST22","BASIS","light","/tcode/ST22/","/neo/transactions/ST22/","yes","yes","EXACT","EXACT","EXACT","EXACT","n/a","EXACT","n/a","EXACT","n/a","n/a","n/a","n/a","n/a","EXACT","5/14","EXACT","P3","all 14 named facts that the data answers are rendered on the NEO page"
"STAD","BASIS","light","/tcode/STAD/","/neo/transactions/STAD/","yes","yes","EXACT","EXACT","EXACT","EXACT","n/a","EXACT","n/a","EXACT","n/a","n/a","n/a","n/a","NEW-IN-NEO","EXACT","5/14","EXACT","P3","all 14 named facts that the data answers are rendered on the NEO page"
"STAUTHTRACE","SECURITY","light","/tcode/STAUTHTRACE/","/neo/transactions/STAUTHTRACE/","yes","yes","EXACT","EXACT","EXACT","EXACT","n/a","EXACT","n/a","EXACT","n/a","n/a","n/a","n/a","n/a","n/a","5/14","EXACT","P3","all 14 named facts that the data answers are rendered on the NEO page"
"STMS","BASIS","light","/tcode/STMS/","/neo/transactions/STMS/","yes","yes","EXACT","EXACT","EXACT","EXACT","n/a","EXACT","n/a","EXACT","n/a","n/a","n/a","n/a","n/a","n/a","5/14","EXACT","P3","all 14 named facts that the data answers are rendered on the NEO page"
"STMS_IMPORT","BASIS","light","/tcode/STMS_IMPORT/","/neo/transactions/STMS_IMPORT/","yes","yes","EXACT","EXACT","EXACT","EXACT","n/a","EXACT","n/a","EXACT","n/a","n/a","n/a","n/a","NEW-IN-NEO","n/a","5/14","EXACT","P3","all 14 named facts that the data answers are rendered on the NEO page"
"STMS_MONI","BASIS","light","/tcode/STMS_MONI/","/neo/transactions/STMS_MONI/","yes","yes","EXACT","EXACT","EXACT","EXACT","n/a","EXACT","n/a","EXACT","n/a","n/a","n/a","n/a","NEW-IN-NEO","EXACT","5/14","EXACT","P3","all 14 named facts that the data answers are rendered on the NEO page"
"STMS_QA","BASIS","light","/tcode/STMS_QA/","/neo/transactions/STMS_QA/","yes","yes","EXACT","EXACT","EXACT","EXACT","n/a","EXACT","n/a","EXACT","n/a","n/a","n/a","n/a","NEW-IN-NEO","n/a","5/14","EXACT","P3","all 14 named facts that the data answers are rendered on the NEO page"
"STRUST","BASIS","light","/tcode/STRUST/","/neo/transactions/STRUST/","yes","yes","EXACT","EXACT","EXACT","EXACT","n/a","EXACT","n/a","EXACT","n/a","n/a","n/a","n/a","NEW-IN-NEO","n/a","5/14","EXACT","P3","all 14 named facts that the data answers are rendered on the NEO page"
"STRUSTSSO2","BASIS","light","/tcode/STRUSTSSO2/","/neo/transactions/STRUSTSSO2/","yes","yes","EXACT","EXACT","EXACT","EXACT","n/a","EXACT","n/a","EXACT","n/a","n/a","n/a","n/a","NEW-IN-NEO","n/a","5/14","EXACT","P3","all 14 named facts that the data answers are rendered on the NEO page"
"STUSERTRACE","SECURITY","light","/tcode/STUSERTRACE/","/neo/transactions/STUSERTRACE/","yes","yes","EXACT","EXACT","EXACT","EXACT","n/a","EXACT","n/a","EXACT","n/a","n/a","n/a","n/a","n/a","n/a","4/14","EXACT","P3","all 14 named facts that the data answers are rendered on the NEO page"
"SU01","SECURITY","light","/tcode/SU01/","/neo/transactions/SU01/","yes","yes","EXACT","EXACT","EXACT","EXACT","n/a","EXACT","n/a","EXACT","n/a","n/a","n/a","n/a","n/a","EXACT","4/14","EXACT","P3","all 14 named facts that the data answers are rendered on the NEO page"
"SU01D","BASIS","light","/tcode/SU01D/","/neo/transactions/SU01D/","yes","yes","EXACT","EXACT","EXACT","EXACT","n/a","EXACT","n/a","EXACT","n/a","n/a","n/a","n/a","NEW-IN-NEO","EXACT","5/14","EXACT","P3","all 14 named facts that the data answers are rendered on the NEO page"
"SU02","SECURITY","light","/tcode/SU02/","/neo/transactions/SU02/","yes","yes","EXACT","EXACT","EXACT","EXACT","n/a","EXACT","n/a","EXACT","n/a","n/a","n/a","n/a","NEW-IN-NEO","EXACT","5/14","EXACT","P3","all 14 named facts that the data answers are rendered on the NEO page"
"SU03","SECURITY","light","/tcode/SU03/","/neo/transactions/SU03/","yes","yes","EXACT","EXACT","EXACT","EXACT","n/a","EXACT","n/a","EXACT","n/a","n/a","n/a","n/a","NEW-IN-NEO","EXACT","5/14","EXACT","P3","all 14 named facts that the data answers are rendered on the NEO page"
"SU05","SECURITY","light","/tcode/SU05/","/neo/transactions/SU05/","yes","yes","EXACT","EXACT","EXACT","EXACT","n/a","EXACT","n/a","EXACT","n/a","n/a","n/a","n/a","NEW-IN-NEO","EXACT","5/14","EXACT","P3","all 14 named facts that the data answers are rendered on the NEO page"
"SU10","BASIS","light","/tcode/SU10/","/neo/transactions/SU10/","yes","yes","EXACT","EXACT","EXACT","EXACT","n/a","EXACT","n/a","EXACT","n/a","n/a","n/a","n/a","NEW-IN-NEO","EXACT","5/14","EXACT","P3","all 14 named facts that the data answers are rendered on the NEO page"
"SU2","SECURITY","light","/tcode/SU2/","/neo/transactions/SU2/","yes","yes","EXACT","EXACT","EXACT","EXACT","n/a","EXACT","n/a","EXACT","n/a","n/a","n/a","n/a","NEW-IN-NEO","EXACT","5/14","EXACT","P3","all 14 named facts that the data answers are rendered on the NEO page"
"SU20","BASIS","light","/tcode/SU20/","/neo/transactions/SU20/","yes","yes","EXACT","EXACT","EXACT","EXACT","n/a","EXACT","n/a","EXACT","n/a","n/a","n/a","n/a","NEW-IN-NEO","EXACT","5/14","EXACT","P3","all 14 named facts that the data answers are rendered on the NEO page"
"SU21","SECURITY","light","/tcode/SU21/","/neo/transactions/SU21/","yes","yes","EXACT","EXACT","EXACT","EXACT","n/a","EXACT","n/a","EXACT","n/a","n/a","n/a","n/a","n/a","EXACT","4/14","EXACT","P3","all 14 named facts that the data answers are rendered on the NEO page"
"SU22","SECURITY","light","/tcode/SU22/","/neo/transactions/SU22/","yes","yes","EXACT","EXACT","EXACT","EXACT","n/a","EXACT","n/a","EXACT","n/a","n/a","n/a","n/a","NEW-IN-NEO","EXACT","5/14","EXACT","P3","all 14 named facts that the data answers are rendered on the NEO page"
"SU22_COMPARE","SECURITY","light","/tcode/SU22_COMPARE/","/neo/transactions/SU22_COMPARE/","yes","yes","EXACT","EXACT","EXACT","EXACT","n/a","EXACT","n/a","EXACT","n/a","n/a","n/a","n/a","NEW-IN-NEO","EXACT","5/14","EXACT","P3","all 14 named facts that the data answers are rendered on the NEO page"
"SU24","SECURITY","light","/tcode/SU24/","/neo/transactions/SU24/","yes","yes","EXACT","EXACT","EXACT","EXACT","n/a","EXACT","n/a","EXACT","n/a","n/a","n/a","n/a","n/a","EXACT","5/14","EXACT","P3","all 14 named facts that the data answers are rendered on the NEO page"
"SU25","SECURITY","light","/tcode/SU25/","/neo/transactions/SU25/","yes","yes","EXACT","EXACT","EXACT","EXACT","n/a","EXACT","n/a","EXACT","n/a","n/a","n/a","n/a","n/a","EXACT","4/14","EXACT","P3","all 14 named facts that the data answers are rendered on the NEO page"
"SU2X","SECURITY","light","/tcode/SU2X/","/neo/transactions/SU2X/","yes","yes","EXACT","EXACT","EXACT","EXACT","n/a","EXACT","n/a","EXACT","n/a","n/a","n/a","n/a","NEW-IN-NEO","EXACT","5/14","EXACT","P3","all 14 named facts that the data answers are rendered on the NEO page"
"SU3","BASIS","light","/tcode/SU3/","/neo/transactions/SU3/","yes","yes","EXACT","EXACT","EXACT","EXACT","n/a","EXACT","n/a","EXACT","n/a","n/a","n/a","n/a","NEW-IN-NEO","EXACT","5/14","EXACT","P3","all 14 named facts that the data answers are rendered on the NEO page"
"SU53","SECURITY","light","/tcode/SU53/","/neo/transactions/SU53/","yes","yes","EXACT","EXACT","EXACT","EXACT","n/a","EXACT","n/a","EXACT","n/a","n/a","n/a","n/a","n/a","EXACT","5/14","EXACT","P3","all 14 named facts that the data answers are rendered on the NEO page"
"SU56","BASIS","light","/tcode/SU56/","/neo/transactions/SU56/","yes","yes","EXACT","EXACT","EXACT","EXACT","n/a","EXACT","n/a","EXACT","n/a","n/a","n/a","n/a","NEW-IN-NEO","EXACT","5/14","EXACT","P3","all 14 named facts that the data answers are rendered on the NEO page"
"SUCOMP","SECURITY","light","/tcode/SUCOMP/","/neo/transactions/SUCOMP/","yes","yes","EXACT","EXACT","EXACT","EXACT","n/a","EXACT","n/a","EXACT","n/a","n/a","n/a","n/a","NEW-IN-NEO","n/a","5/14","EXACT","P3","all 14 named facts that the data answers are rendered on the NEO page"
"SUGR","SECURITY","light","/tcode/SUGR/","/neo/transactions/SUGR/","yes","yes","EXACT","EXACT","EXACT","EXACT","n/a","EXACT","n/a","EXACT","n/a","n/a","n/a","n/a","n/a","n/a","4/14","EXACT","P3","all 14 named facts that the data answers are rendered on the NEO page"
"SUGRD","SECURITY","light","/tcode/SUGRD/","/neo/transactions/SUGRD/","yes","yes","EXACT","EXACT","EXACT","EXACT","n/a","EXACT","n/a","EXACT","n/a","n/a","n/a","n/a","NEW-IN-NEO","n/a","5/14","EXACT","P3","all 14 named facts that the data answers are rendered on the NEO page"
"SUIM","SECURITY","light","/tcode/SUIM/","/neo/transactions/SUIM/","yes","yes","EXACT","EXACT","EXACT","EXACT","n/a","EXACT","n/a","EXACT","n/a","n/a","n/a","n/a","n/a","n/a","5/14","EXACT","P3","all 14 named facts that the data answers are rendered on the NEO page"
"SUIM_ROLE","SECURITY","light","/tcode/SUIM_ROLE/","/neo/transactions/SUIM_ROLE/","yes","yes","EXACT","EXACT","EXACT","EXACT","n/a","EXACT","n/a","EXACT","n/a","n/a","n/a","n/a","NEW-IN-NEO","n/a","5/14","EXACT","P3","all 14 named facts that the data answers are rendered on the NEO page"
"SUPC","SECURITY","light","/tcode/SUPC/","/neo/transactions/SUPC/","yes","yes","EXACT","EXACT","EXACT","EXACT","n/a","EXACT","n/a","EXACT","n/a","n/a","n/a","n/a","NEW-IN-NEO","n/a","5/14","EXACT","P3","all 14 named facts that the data answers are rendered on the NEO page"
"SUPCX","SECURITY","light","/tcode/SUPCX/","/neo/transactions/SUPCX/","yes","yes","EXACT","EXACT","EXACT","EXACT","n/a","EXACT","n/a","EXACT","n/a","n/a","n/a","n/a","NEW-IN-NEO","n/a","5/14","EXACT","P3","all 14 named facts that the data answers are rendered on the NEO page"
"SUPF","SECURITY","light","/tcode/SUPF/","/neo/transactions/SUPF/","yes","yes","EXACT","EXACT","EXACT","EXACT","n/a","EXACT","n/a","EXACT","n/a","n/a","n/a","n/a","NEW-IN-NEO","n/a","5/14","EXACT","P3","all 14 named facts that the data answers are rendered on the NEO page"
"SUPO","SECURITY","light","/tcode/SUPO/","/neo/transactions/SUPO/","yes","yes","EXACT","EXACT","EXACT","EXACT","n/a","EXACT","n/a","EXACT","n/a","n/a","n/a","n/a","NEW-IN-NEO","n/a","5/14","EXACT","P3","all 14 named facts that the data answers are rendered on the NEO page"
"SUUM","SECURITY","light","/tcode/SUUM/","/neo/transactions/SUUM/","yes","yes","EXACT","EXACT","EXACT","EXACT","n/a","EXACT","n/a","EXACT","n/a","n/a","n/a","n/a","NEW-IN-NEO","EXACT","5/14","EXACT","P3","all 14 named facts that the data answers are rendered on the NEO page"
"SU_RAUTH","SECURITY","light","/tcode/SU_RAUTH/","/neo/transactions/SU_RAUTH/","yes","yes","EXACT","EXACT","EXACT","EXACT","n/a","EXACT","n/a","EXACT","n/a","n/a","n/a","n/a","NEW-IN-NEO","n/a","5/14","EXACT","P3","all 14 named facts that the data answers are rendered on the NEO page"
"SWDD","BASIS","light","/tcode/SWDD/","/neo/transactions/SWDD/","yes","yes","EXACT","EXACT","EXACT","n/a","n/a","EXACT","n/a","EXACT","n/a","n/a","n/a","n/a","n/a","n/a","3/14","EXACT","P3","all 14 named facts that the data answers are rendered on the NEO page"
"SWEL","BASIS","light","/tcode/SWEL/","/neo/transactions/SWEL/","yes","yes","EXACT","EXACT","EXACT","EXACT","n/a","EXACT","n/a","EXACT","n/a","n/a","n/a","n/a","NEW-IN-NEO","n/a","5/14","EXACT","P3","all 14 named facts that the data answers are rendered on the NEO page"
"SWETYPV","BASIS","light","/tcode/SWETYPV/","/neo/transactions/SWETYPV/","yes","yes","EXACT","EXACT","EXACT","n/a","n/a","EXACT","n/a","EXACT","n/a","n/a","n/a","n/a","n/a","n/a","3/14","EXACT","P3","all 14 named facts that the data answers are rendered on the NEO page"
"SWI1","BASIS","light","/tcode/SWI1/","/neo/transactions/SWI1/","yes","yes","EXACT","EXACT","EXACT","n/a","n/a","EXACT","n/a","EXACT","n/a","n/a","n/a","n/a","n/a","n/a","4/14","EXACT","P3","all 14 named facts that the data answers are rendered on the NEO page"
"SWI5","BASIS","light","/tcode/SWI5/","/neo/transactions/SWI5/","yes","yes","EXACT","EXACT","EXACT","n/a","n/a","EXACT","n/a","EXACT","n/a","n/a","n/a","n/a","n/a","n/a","3/14","EXACT","P3","all 14 named facts that the data answers are rendered on the NEO page"
"SWIA","BASIS","light","/tcode/SWIA/","/neo/transactions/SWIA/","yes","yes","EXACT","EXACT","EXACT","n/a","n/a","EXACT","n/a","EXACT","n/a","n/a","n/a","n/a","n/a","n/a","4/14","EXACT","P3","all 14 named facts that the data answers are rendered on the NEO page"
"SWO1","ABAP","light","/tcode/SWO1/","/neo/transactions/SWO1/","yes","yes","EXACT","EXACT","EXACT","EXACT","n/a","EXACT","n/a","EXACT","n/a","n/a","n/a","n/a","NEW-IN-NEO","EXACT","5/14","EXACT","P3","all 14 named facts that the data answers are rendered on the NEO page"
"SWU2","BASIS","light","/tcode/SWU2/","/neo/transactions/SWU2/","yes","yes","EXACT","EXACT","EXACT","EXACT","n/a","EXACT","n/a","EXACT","n/a","n/a","n/a","n/a","NEW-IN-NEO","EXACT","5/14","EXACT","P3","all 14 named facts that the data answers are rendered on the NEO page"
"SWU3","BASIS","light","/tcode/SWU3/","/neo/transactions/SWU3/","yes","yes","EXACT","EXACT","EXACT","EXACT","n/a","EXACT","n/a","EXACT","n/a","n/a","n/a","n/a","n/a","EXACT","4/14","EXACT","P3","all 14 named facts that the data answers are rendered on the NEO page"
"SWUD","BASIS","light","/tcode/SWUD/","/neo/transactions/SWUD/","yes","yes","EXACT","EXACT","EXACT","n/a","n/a","EXACT","n/a","EXACT","n/a","n/a","n/a","n/a","n/a","n/a","4/14","EXACT","P3","all 14 named facts that the data answers are rendered on the NEO page"
"SXMB_MONI","INTEGRATION","light","/tcode/SXMB_MONI/","/neo/transactions/SXMB_MONI/","yes","yes","EXACT","EXACT","EXACT","EXACT","n/a","EXACT","n/a","EXACT","n/a","n/a","n/a","n/a","n/a","EXACT","5/14","EXACT","P3","all 14 named facts that the data answers are rendered on the NEO page"
"S_AHR_61016356","HR","light","/tcode/S_AHR_61016356/","/neo/transactions/S_AHR_61016356/","yes","yes","EXACT","EXACT","EXACT","EXACT","n/a","EXACT","n/a","EXACT","n/a","n/a","n/a","n/a","NEW-IN-NEO","n/a","5/14","EXACT","P3","all 14 named facts that the data answers are rendered on the NEO page"
"S_ALR_87011990","FI","light","/tcode/S_ALR_87011990/","/neo/transactions/S_ALR_87011990/","yes","yes","EXACT","EXACT","EXACT","EXACT","n/a","EXACT","n/a","EXACT","n/a","n/a","n/a","n/a","EXACT","n/a","5/14","EXACT","P3","all 14 named facts that the data answers are rendered on the NEO page"
"S_ALR_87012284","FI","light","/tcode/S_ALR_87012284/","/neo/transactions/S_ALR_87012284/","yes","yes","EXACT","EXACT","EXACT","EXACT","n/a","EXACT","n/a","EXACT","n/a","n/a","n/a","n/a","NEW-IN-NEO","EXACT","5/14","EXACT","P3","all 14 named facts that the data answers are rendered on the NEO page"
"S_ALR_87013326","CO","light","/tcode/S_ALR_87013326/","/neo/transactions/S_ALR_87013326/","yes","yes","EXACT","EXACT","EXACT","EXACT","n/a","EXACT","n/a","EXACT","n/a","n/a","n/a","n/a","n/a","n/a","4/14","EXACT","P3","all 14 named facts that the data answers are rendered on the NEO page"
"S_ALR_87013532","PS","light","/tcode/S_ALR_87013532/","/neo/transactions/S_ALR_87013532/","yes","yes","EXACT","EXACT","EXACT","EXACT","n/a","EXACT","n/a","EXACT","n/a","n/a","n/a","n/a","NEW-IN-NEO","EXACT","5/14","EXACT","P3","all 14 named facts that the data answers are rendered on the NEO page"
"S_ALR_87013533","PS","light","/tcode/S_ALR_87013533/","/neo/transactions/S_ALR_87013533/","yes","yes","EXACT","EXACT","EXACT","EXACT","n/a","EXACT","n/a","EXACT","n/a","n/a","n/a","n/a","NEW-IN-NEO","EXACT","5/14","EXACT","P3","all 14 named facts that the data answers are rendered on the NEO page"
"S_ALR_87013611","CO","deep","/tcode/S_ALR_87013611/","/neo/transactions/S_ALR_87013611/","yes","yes","EXACT","EXACT","EXACT","EXACT","EXACT","EXACT","EXACT","EXACT","EXACT","EXACT","n/a","n/a","EXACT","EXACT","11/14","TRANSFORMED","P2","14 named facts intact; NEO's TxDetail model does not carry: beginner · consultant · bestPractices · certTips · ossKeywords · interview"
"S_BCE_68001393","SECURITY","light","/tcode/S_BCE_68001393/","/neo/transactions/S_BCE_68001393/","yes","yes","EXACT","EXACT","EXACT","EXACT","n/a","EXACT","n/a","EXACT","n/a","n/a","n/a","n/a","NEW-IN-NEO","n/a","5/14","EXACT","P3","all 14 named facts that the data answers are rendered on the NEO page"
"S_BCE_68001400","SECURITY","light","/tcode/S_BCE_68001400/","/neo/transactions/S_BCE_68001400/","yes","yes","EXACT","EXACT","EXACT","EXACT","n/a","EXACT","n/a","EXACT","n/a","n/a","n/a","n/a","NEW-IN-NEO","n/a","5/14","EXACT","P3","all 14 named facts that the data answers are rendered on the NEO page"
"S_BCE_68001403","BASIS","light","/tcode/S_BCE_68001403/","/neo/transactions/S_BCE_68001403/","yes","yes","EXACT","EXACT","EXACT","EXACT","n/a","EXACT","n/a","EXACT","n/a","n/a","n/a","n/a","NEW-IN-NEO","n/a","5/14","EXACT","P3","all 14 named facts that the data answers are rendered on the NEO page"
"S_PH0_48000510","HR","light","/tcode/S_PH0_48000510/","/neo/transactions/S_PH0_48000510/","yes","yes","EXACT","EXACT","EXACT","EXACT","n/a","EXACT","n/a","EXACT","n/a","n/a","n/a","n/a","NEW-IN-NEO","n/a","5/14","EXACT","P3","all 14 named facts that the data answers are rendered on the NEO page"
"S_PH9_46000216","HR","light","/tcode/S_PH9_46000216/","/neo/transactions/S_PH9_46000216/","yes","yes","EXACT","EXACT","EXACT","EXACT","n/a","EXACT","n/a","EXACT","n/a","n/a","n/a","n/a","NEW-IN-NEO","EXACT","5/14","EXACT","P3","all 14 named facts that the data answers are rendered on the NEO page"
"UKM_BP","SD","light","/tcode/UKM_BP/","/neo/transactions/UKM_BP/","yes","yes","EXACT","EXACT","EXACT","EXACT","n/a","EXACT","NEW-IN-NEO","EXACT","n/a","n/a","n/a","n/a","NEW-IN-NEO","EXACT","6/14","EXACT","P3","all 14 named facts that the data answers are rendered on the NEO page"
"V/03","SD","light","/tcode/V/03/","/neo/transactions/V/03/","no","no","EXACT","EXACT","EXACT","EXACT","n/a","EXACT","n/a","EXACT","n/a","n/a","n/a","n/a","NEW-IN-NEO","n/a","5/14","EXACT","P3","all 14 named facts that the data answers are rendered on the NEO page"
"V/04","SD","light","/tcode/V/04/","/neo/transactions/V/04/","no","no","EXACT","EXACT","EXACT","EXACT","n/a","EXACT","n/a","EXACT","n/a","n/a","n/a","n/a","NEW-IN-NEO","n/a","5/14","EXACT","P3","all 14 named facts that the data answers are rendered on the NEO page"
"V/05","SD","light","/tcode/V/05/","/neo/transactions/V/05/","no","no","EXACT","EXACT","EXACT","EXACT","n/a","EXACT","n/a","EXACT","n/a","n/a","n/a","n/a","NEW-IN-NEO","n/a","5/14","EXACT","P3","all 14 named facts that the data answers are rendered on the NEO page"
"V/06","SD","light","/tcode/V/06/","/neo/transactions/V/06/","no","no","EXACT","EXACT","EXACT","EXACT","n/a","EXACT","n/a","EXACT","n/a","n/a","n/a","n/a","NEW-IN-NEO","n/a","5/14","EXACT","P3","all 14 named facts that the data answers are rendered on the NEO page"
"V/07","SD","light","/tcode/V/07/","/neo/transactions/V/07/","no","no","EXACT","EXACT","EXACT","EXACT","n/a","EXACT","n/a","EXACT","n/a","n/a","n/a","n/a","NEW-IN-NEO","n/a","5/14","EXACT","P3","all 14 named facts that the data answers are rendered on the NEO page"
"V/08","SD","light","/tcode/V/08/","/neo/transactions/V/08/","no","no","EXACT","EXACT","EXACT","EXACT","n/a","EXACT","n/a","EXACT","n/a","n/a","n/a","n/a","n/a","n/a","4/14","EXACT","P3","all 14 named facts that the data answers are rendered on the NEO page"
"V/40","SD","light","/tcode/V/40/","/neo/transactions/V/40/","no","no","EXACT","EXACT","EXACT","EXACT","n/a","EXACT","n/a","EXACT","n/a","n/a","n/a","n/a","NEW-IN-NEO","EXACT","5/14","EXACT","P3","all 14 named facts that the data answers are rendered on the NEO page"
"V/LD","SD","light","/tcode/V/LD/","/neo/transactions/V/LD/","no","no","EXACT","EXACT","EXACT","EXACT","n/a","EXACT","n/a","EXACT","n/a","n/a","n/a","n/a","NEW-IN-NEO","EXACT","5/14","EXACT","P3","all 14 named facts that the data answers are rendered on the NEO page"
"VA01","SD","deep","/tcode/VA01/","/neo/transactions/VA01/","yes","yes","EXACT","EXACT","EXACT","EXACT","EXACT","EXACT","EXACT","EXACT","EXACT","EXACT","n/a","EXACT","EXACT","EXACT","13/14","TRANSFORMED","P2","14 named facts intact; NEO's TxDetail model does not carry: beginner · consultant · bestPractices · certTips · ossKeywords · interview"
"VA02","SD","deep","/tcode/VA02/","/neo/transactions/VA02/","yes","yes","EXACT","EXACT","EXACT","EXACT","EXACT","EXACT","EXACT","EXACT","EXACT","EXACT","n/a","EXACT","EXACT","EXACT","13/14","TRANSFORMED","P2","14 named facts intact; NEO's TxDetail model does not carry: beginner · consultant · bestPractices · certTips · ossKeywords · interview"
"VA02N","SD","light","/tcode/VA02N/","/neo/transactions/VA02N/","yes","yes","EXACT","EXACT","EXACT","EXACT","n/a","EXACT","NEW-IN-NEO","EXACT","n/a","n/a","n/a","n/a","NEW-IN-NEO","EXACT","6/14","EXACT","P3","all 14 named facts that the data answers are rendered on the NEO page"
"VA03","SD","deep","/tcode/VA03/","/neo/transactions/VA03/","yes","yes","EXACT","EXACT","EXACT","EXACT","EXACT","EXACT","EXACT","EXACT","EXACT","EXACT","n/a","EXACT","EXACT","EXACT","13/14","TRANSFORMED","P2","14 named facts intact; NEO's TxDetail model does not carry: beginner · consultant · bestPractices · certTips · ossKeywords · interview"
"VA05","SD","deep","/tcode/VA05/","/neo/transactions/VA05/","yes","yes","EXACT","EXACT","EXACT","EXACT","EXACT","EXACT","EXACT","EXACT","EXACT","EXACT","n/a","EXACT","EXACT","EXACT","13/14","TRANSFORMED","P2","14 named facts intact; NEO's TxDetail model does not carry: beginner · consultant · bestPractices · certTips · ossKeywords · interview"
"VA05N","SD","light","/tcode/VA05N/","/neo/transactions/VA05N/","yes","yes","EXACT","EXACT","EXACT","EXACT","n/a","EXACT","NEW-IN-NEO","EXACT","n/a","n/a","n/a","n/a","NEW-IN-NEO","EXACT","6/14","EXACT","P3","all 14 named facts that the data answers are rendered on the NEO page"
"VA11","SD","deep","/tcode/VA11/","/neo/transactions/VA11/","yes","yes","EXACT","EXACT","EXACT","EXACT","EXACT","EXACT","EXACT","EXACT","n/a","EXACT","n/a","n/a","EXACT","n/a","10/14","TRANSFORMED","P2","14 named facts intact; NEO's TxDetail model does not carry: beginner · consultant · bestPractices · certTips · ossKeywords · interview"
"VA12","SD","deep","/tcode/VA12/","/neo/transactions/VA12/","yes","yes","EXACT","EXACT","EXACT","EXACT","EXACT","EXACT","EXACT","EXACT","n/a","EXACT","n/a","n/a","EXACT","n/a","10/14","TRANSFORMED","P2","14 named facts intact; NEO's TxDetail model does not carry: beginner · consultant · bestPractices · certTips · ossKeywords · interview"
"VA13","SD","deep","/tcode/VA13/","/neo/transactions/VA13/","yes","yes","EXACT","EXACT","EXACT","EXACT","EXACT","EXACT","EXACT","EXACT","n/a","EXACT","n/a","n/a","EXACT","n/a","10/14","TRANSFORMED","P2","14 named facts intact; NEO's TxDetail model does not carry: beginner · consultant · bestPractices · certTips · ossKeywords · interview"
"VA14L","SD","light","/tcode/VA14L/","/neo/transactions/VA14L/","yes","yes","EXACT","EXACT","EXACT","EXACT","n/a","EXACT","n/a","EXACT","n/a","n/a","n/a","n/a","NEW-IN-NEO","n/a","5/14","EXACT","P3","all 14 named facts that the data answers are rendered on the NEO page"
"VA15","SD","light","/tcode/VA15/","/neo/transactions/VA15/","yes","yes","EXACT","EXACT","EXACT","EXACT","n/a","EXACT","n/a","EXACT","n/a","n/a","n/a","n/a","NEW-IN-NEO","EXACT","5/14","EXACT","P3","all 14 named facts that the data answers are rendered on the NEO page"
"VA21","SD","deep","/tcode/VA21/","/neo/transactions/VA21/","yes","yes","EXACT","EXACT","EXACT","EXACT","EXACT","EXACT","EXACT","EXACT","EXACT","EXACT","n/a","EXACT","EXACT","n/a","12/14","TRANSFORMED","P2","14 named facts intact; NEO's TxDetail model does not carry: beginner · consultant · bestPractices · certTips · ossKeywords · interview"
"VA22","SD","deep","/tcode/VA22/","/neo/transactions/VA22/","yes","yes","EXACT","EXACT","EXACT","EXACT","EXACT","EXACT","EXACT","EXACT","EXACT","EXACT","n/a","n/a","EXACT","n/a","11/14","TRANSFORMED","P2","14 named facts intact; NEO's TxDetail model does not carry: beginner · consultant · bestPractices · certTips · ossKeywords · interview"
"VA23","SD","deep","/tcode/VA23/","/neo/transactions/VA23/","yes","yes","EXACT","EXACT","EXACT","EXACT","EXACT","EXACT","EXACT","EXACT","EXACT","EXACT","n/a","n/a","EXACT","n/a","11/14","TRANSFORMED","P2","14 named facts intact; NEO's TxDetail model does not carry: beginner · consultant · bestPractices · certTips · ossKeywords · interview"
"VA25","SD","deep","/tcode/VA25/","/neo/transactions/VA25/","yes","yes","EXACT","EXACT","EXACT","EXACT","EXACT","EXACT","EXACT","EXACT","EXACT","EXACT","n/a","n/a","EXACT","EXACT","11/14","TRANSFORMED","P2","14 named facts intact; NEO's TxDetail model does not carry: beginner · consultant · bestPractices · certTips · ossKeywords · interview"
"VA26","SD","light","/tcode/VA26/","/neo/transactions/VA26/","yes","yes","EXACT","EXACT","EXACT","EXACT","n/a","EXACT","n/a","EXACT","n/a","n/a","n/a","n/a","NEW-IN-NEO","n/a","5/14","EXACT","P3","all 14 named facts that the data answers are rendered on the NEO page"
"VA31","SD","deep","/tcode/VA31/","/neo/transactions/VA31/","yes","yes","EXACT","EXACT","EXACT","EXACT","EXACT","EXACT","EXACT","EXACT","n/a","EXACT","n/a","EXACT","EXACT","n/a","11/14","TRANSFORMED","P2","14 named facts intact; NEO's TxDetail model does not carry: beginner · consultant · bestPractices · certTips · ossKeywords · interview"
"VA32","SD","deep","/tcode/VA32/","/neo/transactions/VA32/","yes","yes","EXACT","EXACT","EXACT","EXACT","EXACT","EXACT","EXACT","EXACT","n/a","EXACT","n/a","EXACT","EXACT","n/a","11/14","TRANSFORMED","P2","14 named facts intact; NEO's TxDetail model does not carry: beginner · consultant · bestPractices · certTips · ossKeywords · interview"
"VA33","SD","deep","/tcode/VA33/","/neo/transactions/VA33/","yes","yes","EXACT","EXACT","EXACT","EXACT","EXACT","EXACT","EXACT","EXACT","n/a","EXACT","n/a","n/a","EXACT","n/a","10/14","TRANSFORMED","P2","14 named facts intact; NEO's TxDetail model does not carry: beginner · consultant · bestPractices · certTips · ossKeywords · interview"
"VA35","SD","light","/tcode/VA35/","/neo/transactions/VA35/","yes","yes","EXACT","EXACT","EXACT","EXACT","n/a","EXACT","n/a","EXACT","n/a","n/a","n/a","n/a","EXACT","EXACT","5/14","EXACT","P3","all 14 named facts that the data answers are rendered on the NEO page"
"VA41","SD","deep","/tcode/VA41/","/neo/transactions/VA41/","yes","yes","EXACT","EXACT","EXACT","EXACT","EXACT","EXACT","EXACT","EXACT","EXACT","EXACT","n/a","EXACT","EXACT","EXACT","12/14","TRANSFORMED","P2","14 named facts intact; NEO's TxDetail model does not carry: beginner · consultant · bestPractices · certTips · ossKeywords · interview"
"VA42","SD","deep","/tcode/VA42/","/neo/transactions/VA42/","yes","yes","EXACT","EXACT","EXACT","EXACT","EXACT","EXACT","EXACT","EXACT","EXACT","EXACT","n/a","n/a","EXACT","EXACT","11/14","TRANSFORMED","P2","14 named facts intact; NEO's TxDetail model does not carry: beginner · consultant · bestPractices · certTips · ossKeywords · interview"
"VA43","SD","deep","/tcode/VA43/","/neo/transactions/VA43/","yes","yes","EXACT","EXACT","EXACT","EXACT","EXACT","EXACT","EXACT","EXACT","EXACT","EXACT","n/a","n/a","EXACT","EXACT","11/14","TRANSFORMED","P2","14 named facts intact; NEO's TxDetail model does not carry: beginner · consultant · bestPractices · certTips · ossKeywords · interview"
"VA45","SD","light","/tcode/VA45/","/neo/transactions/VA45/","yes","yes","EXACT","EXACT","EXACT","EXACT","n/a","EXACT","n/a","EXACT","n/a","n/a","n/a","n/a","EXACT","EXACT","5/14","EXACT","P3","all 14 named facts that the data answers are rendered on the NEO page"
"VA51","SD","light","/tcode/VA51/","/neo/transactions/VA51/","yes","yes","EXACT","EXACT","EXACT","EXACT","n/a","EXACT","n/a","EXACT","n/a","n/a","n/a","n/a","NEW-IN-NEO","n/a","5/14","EXACT","P3","all 14 named facts that the data answers are rendered on the NEO page"
"VA52","SD","light","/tcode/VA52/","/neo/transactions/VA52/","yes","yes","EXACT","EXACT","EXACT","EXACT","n/a","EXACT","n/a","EXACT","n/a","n/a","n/a","n/a","NEW-IN-NEO","n/a","5/14","EXACT","P3","all 14 named facts that the data answers are rendered on the NEO page"
"VA53","SD","light","/tcode/VA53/","/neo/transactions/VA53/","yes","yes","EXACT","EXACT","EXACT","EXACT","n/a","EXACT","n/a","EXACT","n/a","n/a","n/a","n/a","NEW-IN-NEO","n/a","5/14","EXACT","P3","all 14 named facts that the data answers are rendered on the NEO page"
"VA88","SD","light","/tcode/VA88/","/neo/transactions/VA88/","yes","yes","EXACT","EXACT","EXACT","EXACT","n/a","EXACT","n/a","EXACT","n/a","n/a","n/a","n/a","NEW-IN-NEO","EXACT","5/14","EXACT","P3","all 14 named facts that the data answers are rendered on the NEO page"
"VB11","SD","light","/tcode/VB11/","/neo/transactions/VB11/","yes","yes","EXACT","EXACT","EXACT","EXACT","n/a","EXACT","n/a","EXACT","n/a","n/a","n/a","n/a","NEW-IN-NEO","n/a","5/14","EXACT","P3","all 14 named facts that the data answers are rendered on the NEO page"
"VB21","SD","light","/tcode/VB21/","/neo/transactions/VB21/","yes","yes","EXACT","EXACT","EXACT","EXACT","n/a","EXACT","n/a","EXACT","n/a","n/a","n/a","n/a","NEW-IN-NEO","n/a","5/14","EXACT","P3","all 14 named facts that the data answers are rendered on the NEO page"
"VB31","SD","light","/tcode/VB31/","/neo/transactions/VB31/","yes","yes","EXACT","EXACT","EXACT","EXACT","n/a","EXACT","n/a","EXACT","n/a","n/a","n/a","n/a","NEW-IN-NEO","EXACT","5/14","EXACT","P3","all 14 named facts that the data answers are rendered on the NEO page"
"VB41","SD","light","/tcode/VB41/","/neo/transactions/VB41/","yes","yes","EXACT","EXACT","EXACT","EXACT","n/a","EXACT","n/a","EXACT","n/a","n/a","n/a","n/a","NEW-IN-NEO","n/a","5/14","EXACT","P3","all 14 named facts that the data answers are rendered on the NEO page"
"VBO1","SD","light","/tcode/VBO1/","/neo/transactions/VBO1/","yes","yes","EXACT","EXACT","EXACT","EXACT","n/a","EXACT","n/a","EXACT","n/a","n/a","n/a","n/a","NEW-IN-NEO","n/a","5/14","EXACT","P3","all 14 named facts that the data answers are rendered on the NEO page"
"VBO2","SD","light","/tcode/VBO2/","/neo/transactions/VBO2/","yes","yes","EXACT","EXACT","EXACT","EXACT","n/a","EXACT","n/a","EXACT","n/a","n/a","n/a","n/a","NEW-IN-NEO","n/a","5/14","EXACT","P3","all 14 named facts that the data answers are rendered on the NEO page"
"VBO3","SD","light","/tcode/VBO3/","/neo/transactions/VBO3/","yes","yes","EXACT","EXACT","EXACT","EXACT","n/a","EXACT","n/a","EXACT","n/a","n/a","n/a","n/a","NEW-IN-NEO","n/a","5/14","EXACT","P3","all 14 named facts that the data answers are rendered on the NEO page"
"VC/2","SD","light","/tcode/VC/2/","/neo/transactions/VC/2/","no","no","EXACT","EXACT","EXACT","EXACT","n/a","EXACT","n/a","EXACT","n/a","n/a","n/a","n/a","NEW-IN-NEO","EXACT","5/14","EXACT","P3","all 14 named facts that the data answers are rendered on the NEO page"
"VCH1","SD","light","/tcode/VCH1/","/neo/transactions/VCH1/","yes","yes","EXACT","EXACT","EXACT","EXACT","n/a","EXACT","n/a","EXACT","n/a","n/a","n/a","n/a","NEW-IN-NEO","n/a","5/14","EXACT","P3","all 14 named facts that the data answers are rendered on the NEO page"
"VCUST","SD","light","/tcode/VCUST/","/neo/transactions/VCUST/","yes","yes","EXACT","EXACT","EXACT","EXACT","n/a","EXACT","n/a","EXACT","n/a","n/a","n/a","n/a","NEW-IN-NEO","n/a","5/14","EXACT","P3","all 14 named facts that the data answers are rendered on the NEO page"
"VD01","SD","deep","/tcode/VD01/","/neo/transactions/VD01/","yes","yes","EXACT","EXACT","EXACT","EXACT","EXACT","EXACT","EXACT","EXACT","EXACT","EXACT","n/a","EXACT","EXACT","EXACT","14/14","TRANSFORMED","P2","14 named facts intact; NEO's TxDetail model does not carry: beginner · consultant · bestPractices · ossKeywords · interview"
"VD02","SD","deep","/tcode/VD02/","/neo/transactions/VD02/","yes","yes","EXACT","EXACT","EXACT","EXACT","EXACT","EXACT","EXACT","EXACT","EXACT","EXACT","n/a","EXACT","EXACT","EXACT","14/14","TRANSFORMED","P2","14 named facts intact; NEO's TxDetail model does not carry: beginner · consultant · bestPractices · ossKeywords · interview"
"VD03","SD","deep","/tcode/VD03/","/neo/transactions/VD03/","yes","yes","EXACT","EXACT","EXACT","EXACT","EXACT","EXACT","EXACT","EXACT","EXACT","EXACT","n/a","EXACT","EXACT","EXACT","13/14","TRANSFORMED","P2","14 named facts intact; NEO's TxDetail model does not carry: beginner · consultant · bestPractices · ossKeywords · interview"
"VD04","SD","light","/tcode/VD04/","/neo/transactions/VD04/","yes","yes","EXACT","EXACT","EXACT","EXACT","n/a","EXACT","n/a","EXACT","n/a","n/a","n/a","n/a","NEW-IN-NEO","EXACT","5/14","EXACT","P3","all 14 named facts that the data answers are rendered on the NEO page"
"VD05","SD","light","/tcode/VD05/","/neo/transactions/VD05/","yes","yes","EXACT","EXACT","EXACT","EXACT","n/a","EXACT","n/a","EXACT","n/a","n/a","n/a","n/a","NEW-IN-NEO","EXACT","5/14","EXACT","P3","all 14 named facts that the data answers are rendered on the NEO page"
"VD06","SD","light","/tcode/VD06/","/neo/transactions/VD06/","yes","yes","EXACT","EXACT","EXACT","EXACT","n/a","EXACT","n/a","EXACT","n/a","n/a","n/a","n/a","NEW-IN-NEO","EXACT","5/14","EXACT","P3","all 14 named facts that the data answers are rendered on the NEO page"
"VD51","SD","light","/tcode/VD51/","/neo/transactions/VD51/","yes","yes","EXACT","EXACT","EXACT","EXACT","n/a","EXACT","n/a","EXACT","n/a","n/a","n/a","n/a","NEW-IN-NEO","EXACT","5/14","EXACT","P3","all 14 named facts that the data answers are rendered on the NEO page"
"VD52","SD","light","/tcode/VD52/","/neo/transactions/VD52/","yes","yes","EXACT","EXACT","EXACT","EXACT","n/a","EXACT","n/a","EXACT","n/a","n/a","n/a","n/a","NEW-IN-NEO","EXACT","5/14","EXACT","P3","all 14 named facts that the data answers are rendered on the NEO page"
"VD53","SD","light","/tcode/VD53/","/neo/transactions/VD53/","yes","yes","EXACT","EXACT","EXACT","EXACT","n/a","EXACT","n/a","EXACT","n/a","n/a","n/a","n/a","NEW-IN-NEO","EXACT","5/14","EXACT","P3","all 14 named facts that the data answers are rendered on the NEO page"
"VD59","SD","light","/tcode/VD59/","/neo/transactions/VD59/","yes","yes","EXACT","EXACT","EXACT","EXACT","n/a","EXACT","n/a","EXACT","n/a","n/a","n/a","n/a","NEW-IN-NEO","EXACT","5/14","EXACT","P3","all 14 named facts that the data answers are rendered on the NEO page"
"VEKP","LE","light","/tcode/VEKP/","/neo/transactions/VEKP/","yes","yes","EXACT","EXACT","EXACT","EXACT","n/a","EXACT","n/a","EXACT","n/a","n/a","n/a","n/a","NEW-IN-NEO","n/a","5/14","EXACT","P3","all 14 named facts that the data answers are rendered on the NEO page"
"VF01","SD","deep","/tcode/VF01/","/neo/transactions/VF01/","yes","yes","EXACT","EXACT","EXACT","EXACT","EXACT","EXACT","EXACT","EXACT","EXACT","EXACT","n/a","EXACT","EXACT","n/a","12/14","TRANSFORMED","P2","14 named facts intact; NEO's TxDetail model does not carry: beginner · consultant · bestPractices · certTips · ossKeywords · interview"
"VF02","SD","deep","/tcode/VF02/","/neo/transactions/VF02/","yes","yes","EXACT","EXACT","EXACT","EXACT","EXACT","EXACT","EXACT","EXACT","EXACT","EXACT","n/a","EXACT","EXACT","EXACT","13/14","TRANSFORMED","P2","14 named facts intact; NEO's TxDetail model does not carry: beginner · consultant · bestPractices · ossKeywords · interview"
"VF03","SD","deep","/tcode/VF03/","/neo/transactions/VF03/","yes","yes","EXACT","EXACT","EXACT","EXACT","EXACT","EXACT","EXACT","EXACT","EXACT","EXACT","n/a","EXACT","EXACT","EXACT","13/14","TRANSFORMED","P2","14 named facts intact; NEO's TxDetail model does not carry: beginner · consultant · bestPractices · ossKeywords · interview"
"VF04","SD","deep","/tcode/VF04/","/neo/transactions/VF04/","yes","yes","EXACT","EXACT","EXACT","EXACT","EXACT","EXACT","EXACT","EXACT","EXACT","EXACT","n/a","EXACT","EXACT","EXACT","12/14","TRANSFORMED","P2","14 named facts intact; NEO's TxDetail model does not carry: beginner · consultant · bestPractices · certTips · ossKeywords · interview"
"VF05","SD","deep","/tcode/VF05/","/neo/transactions/VF05/","yes","yes","EXACT","EXACT","EXACT","EXACT","EXACT","EXACT","EXACT","EXACT","EXACT","EXACT","n/a","n/a","EXACT","EXACT","13/14","TRANSFORMED","P2","14 named facts intact; NEO's TxDetail model does not carry: beginner · consultant · bestPractices · ossKeywords · interview"
"VF05N","SD","light","/tcode/VF05N/","/neo/transactions/VF05N/","yes","yes","EXACT","EXACT","EXACT","EXACT","n/a","EXACT","n/a","EXACT","n/a","NEW-IN-NEO","n/a","n/a","NEW-IN-NEO","EXACT","7/14","EXACT","P3","all 14 named facts that the data answers are rendered on the NEO page"
"VF06","SD","deep","/tcode/VF06/","/neo/transactions/VF06/","yes","yes","EXACT","EXACT","EXACT","EXACT","EXACT","EXACT","EXACT","EXACT","EXACT","EXACT","n/a","EXACT","EXACT","EXACT","13/14","TRANSFORMED","P2","14 named facts intact; NEO's TxDetail model does not carry: beginner · consultant · bestPractices · ossKeywords · interview"
"VF11","SD","deep","/tcode/VF11/","/neo/transactions/VF11/","yes","yes","EXACT","EXACT","EXACT","EXACT","EXACT","EXACT","EXACT","EXACT","EXACT","EXACT","n/a","EXACT","EXACT","n/a","12/14","TRANSFORMED","P2","14 named facts intact; NEO's TxDetail model does not carry: beginner · consultant · bestPractices · certTips · ossKeywords · interview"
"VF21","SD","light","/tcode/VF21/","/neo/transactions/VF21/","yes","yes","EXACT","EXACT","EXACT","EXACT","n/a","EXACT","n/a","EXACT","n/a","n/a","n/a","n/a","NEW-IN-NEO","EXACT","5/14","EXACT","P3","all 14 named facts that the data answers are rendered on the NEO page"
"VF22","SD","light","/tcode/VF22/","/neo/transactions/VF22/","yes","yes","EXACT","EXACT","EXACT","EXACT","n/a","EXACT","n/a","EXACT","n/a","n/a","n/a","n/a","NEW-IN-NEO","EXACT","5/14","EXACT","P3","all 14 named facts that the data answers are rendered on the NEO page"
"VF23","SD","light","/tcode/VF23/","/neo/transactions/VF23/","yes","yes","EXACT","EXACT","EXACT","EXACT","n/a","EXACT","n/a","EXACT","n/a","n/a","n/a","n/a","NEW-IN-NEO","EXACT","5/14","EXACT","P3","all 14 named facts that the data answers are rendered on the NEO page"
"VF24","SD","light","/tcode/VF24/","/neo/transactions/VF24/","yes","yes","EXACT","EXACT","EXACT","EXACT","n/a","EXACT","n/a","EXACT","n/a","n/a","n/a","n/a","NEW-IN-NEO","EXACT","5/14","EXACT","P3","all 14 named facts that the data answers are rendered on the NEO page"
"VF31","SD","deep","/tcode/VF31/","/neo/transactions/VF31/","yes","yes","EXACT","EXACT","EXACT","EXACT","EXACT","EXACT","EXACT","EXACT","n/a","EXACT","n/a","n/a","EXACT","EXACT","11/14","TRANSFORMED","P2","14 named facts intact; NEO's TxDetail model does not carry: beginner · consultant · bestPractices · ossKeywords · interview"
"VFBV","SD","light","/tcode/VFBV/","/neo/transactions/VFBV/","yes","yes","EXACT","EXACT","EXACT","EXACT","n/a","EXACT","n/a","EXACT","n/a","n/a","n/a","n/a","NEW-IN-NEO","EXACT","5/14","EXACT","P3","all 14 named facts that the data answers are rendered on the NEO page"
"VFRB","SD","light","/tcode/VFRB/","/neo/transactions/VFRB/","yes","yes","EXACT","EXACT","EXACT","EXACT","n/a","EXACT","n/a","EXACT","n/a","n/a","n/a","n/a","NEW-IN-NEO","n/a","5/14","EXACT","P3","all 14 named facts that the data answers are rendered on the NEO page"
"VFX3","SD","deep","/tcode/VFX3/","/neo/transactions/VFX3/","yes","yes","EXACT","EXACT","EXACT","EXACT","EXACT","EXACT","EXACT","EXACT","EXACT","EXACT","n/a","EXACT","EXACT","EXACT","13/14","TRANSFORMED","P2","14 named facts intact; NEO's TxDetail model does not carry: beginner · consultant · bestPractices · ossKeywords · interview"
"VG01","LE","light","/tcode/VG01/","/neo/transactions/VG01/","yes","yes","EXACT","EXACT","EXACT","EXACT","n/a","EXACT","n/a","EXACT","n/a","n/a","n/a","n/a","NEW-IN-NEO","n/a","5/14","EXACT","P3","all 14 named facts that the data answers are rendered on the NEO page"
"VG02","LE","light","/tcode/VG02/","/neo/transactions/VG02/","yes","yes","EXACT","EXACT","EXACT","EXACT","n/a","EXACT","n/a","EXACT","n/a","n/a","n/a","n/a","NEW-IN-NEO","n/a","5/14","EXACT","P3","all 14 named facts that the data answers are rendered on the NEO page"
"VG03","LE","light","/tcode/VG03/","/neo/transactions/VG03/","yes","yes","EXACT","EXACT","EXACT","EXACT","n/a","EXACT","n/a","EXACT","n/a","n/a","n/a","n/a","NEW-IN-NEO","n/a","5/14","EXACT","P3","all 14 named facts that the data answers are rendered on the NEO page"
"VI01","SD","deep","/tcode/VI01/","/neo/transactions/VI01/","yes","yes","EXACT","EXACT","EXACT","EXACT","EXACT","EXACT","EXACT","EXACT","n/a","EXACT","n/a","n/a","EXACT","EXACT","10/14","TRANSFORMED","P2","14 named facts intact; NEO's TxDetail model does not carry: beginner · consultant · bestPractices · ossKeywords · interview"
"VI02","SD","light","/tcode/VI02/","/neo/transactions/VI02/","yes","yes","EXACT","EXACT","EXACT","EXACT","n/a","EXACT","n/a","EXACT","n/a","n/a","n/a","n/a","EXACT","n/a","5/14","EXACT","P3","all 14 named facts that the data answers are rendered on the NEO page"
"VI03","SD","light","/tcode/VI03/","/neo/transactions/VI03/","yes","yes","EXACT","EXACT","EXACT","EXACT","n/a","EXACT","n/a","EXACT","n/a","n/a","n/a","n/a","NEW-IN-NEO","n/a","5/14","EXACT","P3","all 14 named facts that the data answers are rendered on the NEO page"
"VI04","LE","light","/tcode/VI04/","/neo/transactions/VI04/","yes","yes","EXACT","EXACT","EXACT","EXACT","n/a","EXACT","n/a","EXACT","n/a","n/a","n/a","n/a","NEW-IN-NEO","n/a","5/14","EXACT","P3","all 14 named facts that the data answers are rendered on the NEO page"
"VI05","LE","light","/tcode/VI05/","/neo/transactions/VI05/","yes","yes","EXACT","EXACT","EXACT","EXACT","n/a","EXACT","n/a","EXACT","n/a","n/a","n/a","n/a","NEW-IN-NEO","n/a","5/14","EXACT","P3","all 14 named facts that the data answers are rendered on the NEO page"
"VI11","LE","light","/tcode/VI11/","/neo/transactions/VI11/","yes","yes","EXACT","EXACT","EXACT","EXACT","n/a","EXACT","n/a","EXACT","n/a","n/a","n/a","n/a","NEW-IN-NEO","EXACT","5/14","EXACT","P3","all 14 named facts that the data answers are rendered on the NEO page"
"VI16","LE","light","/tcode/VI16/","/neo/transactions/VI16/","yes","yes","EXACT","EXACT","EXACT","EXACT","n/a","EXACT","n/a","EXACT","n/a","n/a","n/a","n/a","NEW-IN-NEO","EXACT","5/14","EXACT","P3","all 14 named facts that the data answers are rendered on the NEO page"
"VK11","SD","deep","/tcode/VK11/","/neo/transactions/VK11/","yes","yes","EXACT","EXACT","EXACT","EXACT","EXACT","EXACT","EXACT","EXACT","EXACT","EXACT","n/a","EXACT","EXACT","n/a","12/14","TRANSFORMED","P2","14 named facts intact; NEO's TxDetail model does not carry: beginner · consultant · bestPractices · certTips · ossKeywords · interview"
"VK11N","SD","light","/tcode/VK11N/","/neo/transactions/VK11N/","yes","yes","EXACT","EXACT","EXACT","EXACT","n/a","EXACT","n/a","EXACT","n/a","n/a","n/a","n/a","NEW-IN-NEO","n/a","5/14","EXACT","P3","all 14 named facts that the data answers are rendered on the NEO page"
"VK12","SD","deep","/tcode/VK12/","/neo/transactions/VK12/","yes","yes","EXACT","EXACT","EXACT","EXACT","EXACT","EXACT","EXACT","EXACT","EXACT","EXACT","n/a","EXACT","EXACT","EXACT","13/14","TRANSFORMED","P2","14 named facts intact; NEO's TxDetail model does not carry: beginner · consultant · bestPractices · ossKeywords · interview"
"VK13","SD","deep","/tcode/VK13/","/neo/transactions/VK13/","yes","yes","EXACT","EXACT","EXACT","EXACT","EXACT","EXACT","EXACT","EXACT","EXACT","EXACT","n/a","EXACT","EXACT","EXACT","13/14","TRANSFORMED","P2","14 named facts intact; NEO's TxDetail model does not carry: beginner · consultant · bestPractices · ossKeywords · interview"
"VK14","SD","light","/tcode/VK14/","/neo/transactions/VK14/","yes","yes","EXACT","EXACT","EXACT","EXACT","n/a","EXACT","n/a","EXACT","n/a","n/a","n/a","n/a","NEW-IN-NEO","n/a","5/14","EXACT","P3","all 14 named facts that the data answers are rendered on the NEO page"
"VK15","SD","light","/tcode/VK15/","/neo/transactions/VK15/","yes","yes","EXACT","EXACT","EXACT","EXACT","n/a","EXACT","n/a","EXACT","n/a","n/a","n/a","n/a","NEW-IN-NEO","n/a","5/14","EXACT","P3","all 14 named facts that the data answers are rendered on the NEO page"
"VK31","SD","light","/tcode/VK31/","/neo/transactions/VK31/","yes","yes","EXACT","EXACT","EXACT","EXACT","n/a","EXACT","n/a","EXACT","n/a","n/a","n/a","n/a","NEW-IN-NEO","n/a","5/14","EXACT","P3","all 14 named facts that the data answers are rendered on the NEO page"
"VK32","SD","light","/tcode/VK32/","/neo/transactions/VK32/","yes","yes","EXACT","EXACT","EXACT","EXACT","n/a","EXACT","n/a","EXACT","n/a","n/a","n/a","n/a","NEW-IN-NEO","n/a","5/14","EXACT","P3","all 14 named facts that the data answers are rendered on the NEO page"
"VK33","SD","light","/tcode/VK33/","/neo/transactions/VK33/","yes","yes","EXACT","EXACT","EXACT","EXACT","n/a","EXACT","n/a","EXACT","n/a","n/a","n/a","n/a","NEW-IN-NEO","n/a","5/14","EXACT","P3","all 14 named facts that the data answers are rendered on the NEO page"
"VKM1","SD","light","/tcode/VKM1/","/neo/transactions/VKM1/","yes","yes","EXACT","EXACT","EXACT","EXACT","n/a","EXACT","n/a","EXACT","n/a","n/a","n/a","n/a","EXACT","n/a","5/14","EXACT","P3","all 14 named facts that the data answers are rendered on the NEO page"
"VKM3","SD","deep","/tcode/VKM3/","/neo/transactions/VKM3/","yes","yes","EXACT","EXACT","EXACT","EXACT","EXACT","EXACT","EXACT","EXACT","EXACT","EXACT","n/a","n/a","EXACT","EXACT","12/14","TRANSFORMED","P2","14 named facts intact; NEO's TxDetail model does not carry: beginner · consultant · bestPractices · ossKeywords · interview"
"VKM4","SD","deep","/tcode/VKM4/","/neo/transactions/VKM4/","yes","yes","EXACT","EXACT","EXACT","EXACT","EXACT","EXACT","EXACT","EXACT","EXACT","EXACT","n/a","n/a","EXACT","EXACT","12/14","TRANSFORMED","P2","14 named facts intact; NEO's TxDetail model does not carry: beginner · consultant · bestPractices · ossKeywords · interview"
"VKM5","SD","light","/tcode/VKM5/","/neo/transactions/VKM5/","yes","yes","EXACT","EXACT","EXACT","EXACT","n/a","EXACT","n/a","EXACT","n/a","n/a","n/a","n/a","NEW-IN-NEO","n/a","5/14","EXACT","P3","all 14 named facts that the data answers are rendered on the NEO page"
"VL00","SD","deep","/tcode/VL00/","/neo/transactions/VL00/","yes","yes","EXACT","EXACT","EXACT","EXACT","EXACT","EXACT","EXACT","EXACT","EXACT","EXACT","n/a","EXACT","EXACT","n/a","12/14","TRANSFORMED","P2","14 named facts intact; NEO's TxDetail model does not carry: beginner · consultant · bestPractices · ossKeywords · interview"
"VL01N","SD","deep","/tcode/VL01N/","/neo/transactions/VL01N/","yes","yes","EXACT","EXACT","EXACT","EXACT","EXACT","EXACT","EXACT","EXACT","EXACT","EXACT","n/a","EXACT","EXACT","EXACT","14/14","TRANSFORMED","P2","14 named facts intact; NEO's TxDetail model does not carry: beginner · consultant · bestPractices · certTips · ossKeywords · interview"
"VL01NO","SD","light","/tcode/VL01NO/","/neo/transactions/VL01NO/","yes","yes","EXACT","EXACT","EXACT","EXACT","n/a","EXACT","NEW-IN-NEO","EXACT","n/a","n/a","n/a","n/a","NEW-IN-NEO","EXACT","6/14","EXACT","P3","all 14 named facts that the data answers are rendered on the NEO page"
"VL02N","SD","deep","/tcode/VL02N/","/neo/transactions/VL02N/","yes","yes","EXACT","EXACT","EXACT","EXACT","EXACT","EXACT","EXACT","EXACT","EXACT","EXACT","n/a","EXACT","EXACT","EXACT","14/14","TRANSFORMED","P2","14 named facts intact; NEO's TxDetail model does not carry: beginner · consultant · bestPractices · certTips · ossKeywords · interview"
"VL02NO","SD","light","/tcode/VL02NO/","/neo/transactions/VL02NO/","yes","yes","EXACT","EXACT","EXACT","EXACT","n/a","EXACT","n/a","EXACT","n/a","n/a","n/a","n/a","NEW-IN-NEO","n/a","5/14","EXACT","P3","all 14 named facts that the data answers are rendered on the NEO page"
"VL03N","SD","deep","/tcode/VL03N/","/neo/transactions/VL03N/","yes","yes","EXACT","EXACT","EXACT","EXACT","EXACT","EXACT","EXACT","EXACT","EXACT","EXACT","n/a","EXACT","EXACT","EXACT","14/14","TRANSFORMED","P2","14 named facts intact; NEO's TxDetail model does not carry: beginner · consultant · bestPractices · certTips · ossKeywords · interview"
"VL04","SD","deep","/tcode/VL04/","/neo/transactions/VL04/","yes","yes","EXACT","EXACT","EXACT","EXACT","EXACT","EXACT","EXACT","EXACT","n/a","EXACT","n/a","EXACT","EXACT","EXACT","12/14","TRANSFORMED","P2","14 named facts intact; NEO's TxDetail model does not carry: beginner · consultant · bestPractices · ossKeywords · interview"
"VL06C","SD","light","/tcode/VL06C/","/neo/transactions/VL06C/","yes","yes","EXACT","EXACT","EXACT","EXACT","n/a","EXACT","n/a","EXACT","n/a","n/a","n/a","n/a","NEW-IN-NEO","EXACT","5/14","EXACT","P3","all 14 named facts that the data answers are rendered on the NEO page"
"VL06D","LE","light","/tcode/VL06D/","/neo/transactions/VL06D/","yes","yes","EXACT","EXACT","EXACT","EXACT","n/a","EXACT","n/a","EXACT","n/a","n/a","n/a","n/a","NEW-IN-NEO","EXACT","5/14","EXACT","P3","all 14 named facts that the data answers are rendered on the NEO page"
"VL06F","SD","light","/tcode/VL06F/","/neo/transactions/VL06F/","yes","yes","EXACT","EXACT","EXACT","EXACT","n/a","EXACT","n/a","EXACT","n/a","n/a","n/a","n/a","NEW-IN-NEO","EXACT","5/14","EXACT","P3","all 14 named facts that the data answers are rendered on the NEO page"
"VL06G","SD","deep","/tcode/VL06G/","/neo/transactions/VL06G/","yes","yes","EXACT","EXACT","EXACT","EXACT","EXACT","EXACT","EXACT","EXACT","EXACT","EXACT","n/a","EXACT","EXACT","EXACT","13/14","TRANSFORMED","P2","14 named facts intact; NEO's TxDetail model does not carry: beginner · consultant · bestPractices · ossKeywords · interview"
"VL06I","SD","light","/tcode/VL06I/","/neo/transactions/VL06I/","yes","yes","EXACT","EXACT","EXACT","EXACT","n/a","EXACT","n/a","EXACT","n/a","n/a","n/a","n/a","NEW-IN-NEO","EXACT","5/14","EXACT","P3","all 14 named facts that the data answers are rendered on the NEO page"
"VL06L","LE","light","/tcode/VL06L/","/neo/transactions/VL06L/","yes","yes","EXACT","EXACT","EXACT","EXACT","n/a","EXACT","n/a","EXACT","n/a","n/a","n/a","n/a","NEW-IN-NEO","EXACT","5/14","EXACT","P3","all 14 named facts that the data answers are rendered on the NEO page"
"VL06O","SD","deep","/tcode/VL06O/","/neo/transactions/VL06O/","yes","yes","EXACT","EXACT","EXACT","EXACT","EXACT","EXACT","EXACT","EXACT","EXACT","EXACT","n/a","EXACT","EXACT","EXACT","13/14","TRANSFORMED","P2","14 named facts intact; NEO's TxDetail model does not carry: beginner · consultant · bestPractices · ossKeywords · interview"
"VL06P","SD","deep","/tcode/VL06P/","/neo/transactions/VL06P/","yes","yes","EXACT","EXACT","EXACT","EXACT","EXACT","EXACT","EXACT","EXACT","n/a","EXACT","n/a","EXACT","EXACT","EXACT","12/14","TRANSFORMED","P2","14 named facts intact; NEO's TxDetail model does not carry: beginner · consultant · bestPractices · ossKeywords · interview"
"VL08","LE","light","/tcode/VL08/","/neo/transactions/VL08/","yes","yes","EXACT","EXACT","EXACT","EXACT","n/a","EXACT","n/a","EXACT","n/a","n/a","n/a","n/a","NEW-IN-NEO","EXACT","5/14","EXACT","P3","all 14 named facts that the data answers are rendered on the NEO page"
"VL09","SD","deep","/tcode/VL09/","/neo/transactions/VL09/","yes","yes","EXACT","EXACT","EXACT","EXACT","EXACT","EXACT","EXACT","EXACT","EXACT","EXACT","n/a","EXACT","EXACT","n/a","12/14","TRANSFORMED","P2","14 named facts intact; NEO's TxDetail model does not carry: beginner · consultant · bestPractices · certTips · ossKeywords · interview"
"VL10","SD","deep","/tcode/VL10/","/neo/transactions/VL10/","yes","yes","EXACT","EXACT","EXACT","EXACT","EXACT","EXACT","EXACT","EXACT","EXACT","EXACT","n/a","EXACT","EXACT","EXACT","13/14","TRANSFORMED","P2","14 named facts intact; NEO's TxDetail model does not carry: beginner · consultant · bestPractices · certTips · ossKeywords · interview"
"VL10A","SD","deep","/tcode/VL10A/","/neo/transactions/VL10A/","yes","yes","EXACT","EXACT","EXACT","EXACT","EXACT","EXACT","EXACT","EXACT","n/a","EXACT","n/a","EXACT","EXACT","EXACT","12/14","TRANSFORMED","P2","14 named facts intact; NEO's TxDetail model does not carry: beginner · consultant · bestPractices · ossKeywords · interview"
"VL10B","SD","deep","/tcode/VL10B/","/neo/transactions/VL10B/","yes","yes","EXACT","EXACT","EXACT","EXACT","EXACT","EXACT","EXACT","EXACT","n/a","EXACT","n/a","EXACT","EXACT","EXACT","12/14","TRANSFORMED","P2","14 named facts intact; NEO's TxDetail model does not carry: beginner · consultant · bestPractices · ossKeywords · interview"
"VL10C","SD","deep","/tcode/VL10C/","/neo/transactions/VL10C/","yes","yes","EXACT","EXACT","EXACT","EXACT","EXACT","EXACT","EXACT","EXACT","n/a","EXACT","n/a","EXACT","EXACT","EXACT","12/14","TRANSFORMED","P2","14 named facts intact; NEO's TxDetail model does not carry: beginner · consultant · bestPractices · ossKeywords · interview"
"VL10D","LE","light","/tcode/VL10D/","/neo/transactions/VL10D/","yes","yes","EXACT","EXACT","EXACT","EXACT","n/a","EXACT","NEW-IN-NEO","EXACT","n/a","n/a","n/a","n/a","NEW-IN-NEO","EXACT","6/14","EXACT","P3","all 14 named facts that the data answers are rendered on the NEO page"
"VL10E","LE","light","/tcode/VL10E/","/neo/transactions/VL10E/","yes","yes","EXACT","EXACT","EXACT","EXACT","n/a","EXACT","NEW-IN-NEO","EXACT","n/a","n/a","n/a","n/a","NEW-IN-NEO","EXACT","6/14","EXACT","P3","all 14 named facts that the data answers are rendered on the NEO page"
"VL10G","LE","light","/tcode/VL10G/","/neo/transactions/VL10G/","yes","yes","EXACT","EXACT","EXACT","EXACT","n/a","EXACT","n/a","EXACT","n/a","n/a","n/a","n/a","NEW-IN-NEO","EXACT","5/14","EXACT","P3","all 14 named facts that the data answers are rendered on the NEO page"
"VL10H","SD","light","/tcode/VL10H/","/neo/transactions/VL10H/","yes","yes","EXACT","EXACT","EXACT","EXACT","n/a","EXACT","n/a","EXACT","n/a","n/a","n/a","n/a","NEW-IN-NEO","n/a","5/14","EXACT","P3","all 14 named facts that the data answers are rendered on the NEO page"
"VL21","LE","light","/tcode/VL21/","/neo/transactions/VL21/","yes","yes","EXACT","EXACT","EXACT","EXACT","n/a","EXACT","n/a","EXACT","n/a","n/a","n/a","n/a","NEW-IN-NEO","n/a","5/14","EXACT","P3","all 14 named facts that the data answers are rendered on the NEO page"
"VL22","SD","light","/tcode/VL22/","/neo/transactions/VL22/","yes","yes","EXACT","EXACT","EXACT","EXACT","n/a","EXACT","n/a","EXACT","n/a","n/a","n/a","n/a","NEW-IN-NEO","n/a","5/14","EXACT","P3","all 14 named facts that the data answers are rendered on the NEO page"
"VL23","SD","light","/tcode/VL23/","/neo/transactions/VL23/","yes","yes","EXACT","EXACT","EXACT","EXACT","n/a","EXACT","n/a","EXACT","n/a","n/a","n/a","n/a","NEW-IN-NEO","n/a","5/14","EXACT","P3","all 14 named facts that the data answers are rendered on the NEO page"
"VL31N","SD","light","/tcode/VL31N/","/neo/transactions/VL31N/","yes","yes","EXACT","EXACT","EXACT","EXACT","n/a","EXACT","n/a","EXACT","n/a","n/a","n/a","n/a","NEW-IN-NEO","n/a","5/14","EXACT","P3","all 14 named facts that the data answers are rendered on the NEO page"
"VL32N","SD","light","/tcode/VL32N/","/neo/transactions/VL32N/","yes","yes","EXACT","EXACT","EXACT","EXACT","n/a","EXACT","n/a","EXACT","n/a","n/a","n/a","n/a","NEW-IN-NEO","n/a","5/14","EXACT","P3","all 14 named facts that the data answers are rendered on the NEO page"
"VL33N","SD","light","/tcode/VL33N/","/neo/transactions/VL33N/","yes","yes","EXACT","EXACT","EXACT","EXACT","n/a","EXACT","n/a","EXACT","n/a","n/a","n/a","n/a","NEW-IN-NEO","n/a","5/14","EXACT","P3","all 14 named facts that the data answers are rendered on the NEO page"
"VL35","SD","light","/tcode/VL35/","/neo/transactions/VL35/","yes","yes","EXACT","EXACT","EXACT","EXACT","n/a","EXACT","n/a","EXACT","n/a","n/a","n/a","n/a","NEW-IN-NEO","n/a","5/14","EXACT","P3","all 14 named facts that the data answers are rendered on the NEO page"
"VL35_ST","LE","light","/tcode/VL35_ST/","/neo/transactions/VL35_ST/","yes","yes","EXACT","EXACT","EXACT","EXACT","n/a","EXACT","n/a","EXACT","n/a","n/a","n/a","n/a","NEW-IN-NEO","n/a","5/14","EXACT","P3","all 14 named facts that the data answers are rendered on the NEO page"
"VL36","LE","light","/tcode/VL36/","/neo/transactions/VL36/","yes","yes","EXACT","EXACT","EXACT","EXACT","n/a","EXACT","n/a","EXACT","n/a","n/a","n/a","n/a","NEW-IN-NEO","n/a","5/14","EXACT","P3","all 14 named facts that the data answers are rendered on the NEO page"
"VL37","LE","light","/tcode/VL37/","/neo/transactions/VL37/","yes","yes","EXACT","EXACT","EXACT","EXACT","n/a","EXACT","n/a","EXACT","n/a","n/a","n/a","n/a","NEW-IN-NEO","EXACT","5/14","EXACT","P3","all 14 named facts that the data answers are rendered on the NEO page"
"VL41","LE","light","/tcode/VL41/","/neo/transactions/VL41/","yes","yes","EXACT","EXACT","EXACT","EXACT","n/a","EXACT","n/a","EXACT","n/a","n/a","n/a","n/a","n/a","n/a","4/14","EXACT","P3","all 14 named facts that the data answers are rendered on the NEO page"
"VL51","LE","light","/tcode/VL51/","/neo/transactions/VL51/","yes","yes","EXACT","EXACT","EXACT","EXACT","n/a","EXACT","n/a","EXACT","n/a","n/a","n/a","n/a","NEW-IN-NEO","n/a","5/14","EXACT","P3","all 14 named facts that the data answers are rendered on the NEO page"
"VL52","LE","light","/tcode/VL52/","/neo/transactions/VL52/","yes","yes","EXACT","EXACT","EXACT","EXACT","n/a","EXACT","n/a","EXACT","n/a","n/a","n/a","n/a","NEW-IN-NEO","n/a","5/14","EXACT","P3","all 14 named facts that the data answers are rendered on the NEO page"
"VL60","LE","light","/tcode/VL60/","/neo/transactions/VL60/","yes","yes","EXACT","EXACT","EXACT","EXACT","n/a","EXACT","n/a","EXACT","n/a","n/a","n/a","n/a","n/a","n/a","4/14","EXACT","P3","all 14 named facts that the data answers are rendered on the NEO page"
"VL66","LE","light","/tcode/VL66/","/neo/transactions/VL66/","yes","yes","EXACT","EXACT","EXACT","EXACT","n/a","EXACT","n/a","EXACT","n/a","n/a","n/a","n/a","NEW-IN-NEO","n/a","5/14","EXACT","P3","all 14 named facts that the data answers are rendered on the NEO page"
"VL71","SD","light","/tcode/VL71/","/neo/transactions/VL71/","yes","yes","EXACT","EXACT","EXACT","EXACT","n/a","EXACT","n/a","EXACT","n/a","n/a","n/a","n/a","NEW-IN-NEO","n/a","5/14","EXACT","P3","all 14 named facts that the data answers are rendered on the NEO page"
"VL74","LE","light","/tcode/VL74/","/neo/transactions/VL74/","yes","yes","EXACT","EXACT","EXACT","EXACT","n/a","EXACT","n/a","EXACT","n/a","n/a","n/a","n/a","NEW-IN-NEO","n/a","5/14","EXACT","P3","all 14 named facts that the data answers are rendered on the NEO page"
"VLLP","LE","light","/tcode/VLLP/","/neo/transactions/VLLP/","yes","yes","EXACT","EXACT","EXACT","EXACT","n/a","EXACT","n/a","EXACT","n/a","n/a","n/a","n/a","NEW-IN-NEO","n/a","5/14","EXACT","P3","all 14 named facts that the data answers are rendered on the NEO page"
"VLPOD","SD","light","/tcode/VLPOD/","/neo/transactions/VLPOD/","yes","yes","EXACT","EXACT","EXACT","EXACT","n/a","EXACT","n/a","EXACT","n/a","n/a","n/a","n/a","NEW-IN-NEO","EXACT","5/14","EXACT","P3","all 14 named facts that the data answers are rendered on the NEO page"
"VLPODL","LE","light","/tcode/VLPODL/","/neo/transactions/VLPODL/","yes","yes","EXACT","EXACT","EXACT","EXACT","n/a","EXACT","n/a","EXACT","n/a","n/a","n/a","n/a","NEW-IN-NEO","EXACT","5/14","EXACT","P3","all 14 named facts that the data answers are rendered on the NEO page"
"VLPODQ","LE","light","/tcode/VLPODQ/","/neo/transactions/VLPODQ/","yes","yes","EXACT","EXACT","EXACT","EXACT","n/a","EXACT","n/a","EXACT","n/a","n/a","n/a","n/a","NEW-IN-NEO","EXACT","5/14","EXACT","P3","all 14 named facts that the data answers are rendered on the NEO page"
"VLSP","LE","light","/tcode/VLSP/","/neo/transactions/VLSP/","yes","yes","EXACT","EXACT","EXACT","EXACT","n/a","EXACT","n/a","EXACT","n/a","n/a","n/a","n/a","n/a","n/a","4/14","EXACT","P3","all 14 named facts that the data answers are rendered on the NEO page"
"VOFA","SD","light","/tcode/VOFA/","/neo/transactions/VOFA/","yes","yes","EXACT","EXACT","EXACT","EXACT","n/a","EXACT","n/a","EXACT","n/a","n/a","n/a","n/a","NEW-IN-NEO","EXACT","5/14","EXACT","P3","all 14 named facts that the data answers are rendered on the NEO page"
"VOFM","SD","light","/tcode/VOFM/","/neo/transactions/VOFM/","yes","yes","EXACT","EXACT","EXACT","EXACT","n/a","EXACT","n/a","EXACT","n/a","n/a","n/a","n/a","NEW-IN-NEO","EXACT","5/14","EXACT","P3","all 14 named facts that the data answers are rendered on the NEO page"
"VOTXN","SD","light","/tcode/VOTXN/","/neo/transactions/VOTXN/","yes","yes","EXACT","EXACT","EXACT","EXACT","n/a","EXACT","n/a","EXACT","n/a","n/a","n/a","n/a","NEW-IN-NEO","EXACT","5/14","EXACT","P3","all 14 named facts that the data answers are rendered on the NEO page"
"VOV4","SD","light","/tcode/VOV4/","/neo/transactions/VOV4/","yes","yes","EXACT","EXACT","EXACT","EXACT","n/a","EXACT","n/a","EXACT","n/a","n/a","n/a","n/a","EXACT","EXACT","5/14","EXACT","P3","all 14 named facts that the data answers are rendered on the NEO page"
"VOV6","SD","light","/tcode/VOV6/","/neo/transactions/VOV6/","yes","yes","EXACT","EXACT","EXACT","EXACT","n/a","EXACT","n/a","EXACT","n/a","n/a","n/a","n/a","EXACT","EXACT","5/14","EXACT","P3","all 14 named facts that the data answers are rendered on the NEO page"
"VOV7","SD","light","/tcode/VOV7/","/neo/transactions/VOV7/","yes","yes","EXACT","EXACT","EXACT","EXACT","n/a","EXACT","n/a","EXACT","n/a","n/a","n/a","n/a","NEW-IN-NEO","EXACT","5/14","EXACT","P3","all 14 named facts that the data answers are rendered on the NEO page"
"VOV8","SD","deep","/tcode/VOV8/","/neo/transactions/VOV8/","yes","yes","EXACT","EXACT","EXACT","EXACT","EXACT","EXACT","EXACT","EXACT","n/a","EXACT","n/a","n/a","EXACT","EXACT","10/14","TRANSFORMED","P2","14 named facts intact; NEO's TxDetail model does not carry: beginner · consultant · bestPractices · ossKeywords · interview"
"VRRD","LE","light","/tcode/VRRD/","/neo/transactions/VRRD/","yes","yes","EXACT","EXACT","EXACT","EXACT","n/a","EXACT","NEW-IN-NEO","EXACT","n/a","n/a","n/a","n/a","n/a","EXACT","5/14","EXACT","P3","all 14 named facts that the data answers are rendered on the NEO page"
"VT01N","SD","deep","/tcode/VT01N/","/neo/transactions/VT01N/","yes","yes","EXACT","EXACT","EXACT","EXACT","EXACT","EXACT","EXACT","EXACT","n/a","EXACT","n/a","EXACT","EXACT","n/a","11/14","TRANSFORMED","P2","14 named facts intact; NEO's TxDetail model does not carry: beginner · consultant · bestPractices · ossKeywords · interview"
"VT02N","SD","deep","/tcode/VT02N/","/neo/transactions/VT02N/","yes","yes","EXACT","EXACT","EXACT","EXACT","EXACT","EXACT","EXACT","EXACT","n/a","EXACT","n/a","EXACT","EXACT","EXACT","12/14","TRANSFORMED","P2","14 named facts intact; NEO's TxDetail model does not carry: beginner · consultant · bestPractices · ossKeywords · interview"
"VT03N","SD","deep","/tcode/VT03N/","/neo/transactions/VT03N/","yes","yes","EXACT","EXACT","EXACT","EXACT","EXACT","EXACT","EXACT","EXACT","n/a","EXACT","n/a","EXACT","EXACT","EXACT","12/14","TRANSFORMED","P2","14 named facts intact; NEO's TxDetail model does not carry: beginner · consultant · bestPractices · ossKeywords · interview"
"VT04","LE","light","/tcode/VT04/","/neo/transactions/VT04/","yes","yes","EXACT","EXACT","EXACT","EXACT","n/a","EXACT","n/a","EXACT","n/a","n/a","n/a","n/a","NEW-IN-NEO","EXACT","5/14","EXACT","P3","all 14 named facts that the data answers are rendered on the NEO page"
"VT05","LE","light","/tcode/VT05/","/neo/transactions/VT05/","yes","yes","EXACT","EXACT","EXACT","EXACT","n/a","EXACT","n/a","EXACT","n/a","n/a","n/a","n/a","NEW-IN-NEO","n/a","5/14","EXACT","P3","all 14 named facts that the data answers are rendered on the NEO page"
"VT06","LE","light","/tcode/VT06/","/neo/transactions/VT06/","yes","yes","EXACT","EXACT","EXACT","EXACT","n/a","EXACT","n/a","EXACT","n/a","n/a","n/a","n/a","NEW-IN-NEO","n/a","5/14","EXACT","P3","all 14 named facts that the data answers are rendered on the NEO page"
"VT11","SD","light","/tcode/VT11/","/neo/transactions/VT11/","yes","yes","EXACT","EXACT","EXACT","EXACT","n/a","EXACT","n/a","EXACT","n/a","n/a","n/a","n/a","NEW-IN-NEO","EXACT","5/14","EXACT","P3","all 14 named facts that the data answers are rendered on the NEO page"
"VT12","LE","light","/tcode/VT12/","/neo/transactions/VT12/","yes","yes","EXACT","EXACT","EXACT","EXACT","n/a","EXACT","n/a","EXACT","n/a","n/a","n/a","n/a","NEW-IN-NEO","EXACT","5/14","EXACT","P3","all 14 named facts that the data answers are rendered on the NEO page"
"VT16","LE","light","/tcode/VT16/","/neo/transactions/VT16/","yes","yes","EXACT","EXACT","EXACT","EXACT","n/a","EXACT","n/a","EXACT","n/a","n/a","n/a","n/a","NEW-IN-NEO","EXACT","5/14","EXACT","P3","all 14 named facts that the data answers are rendered on the NEO page"
"VT20","LE","light","/tcode/VT20/","/neo/transactions/VT20/","yes","yes","EXACT","EXACT","EXACT","EXACT","n/a","EXACT","n/a","EXACT","n/a","n/a","n/a","n/a","NEW-IN-NEO","EXACT","5/14","EXACT","P3","all 14 named facts that the data answers are rendered on the NEO page"
"VT22","LE","light","/tcode/VT22/","/neo/transactions/VT22/","yes","yes","EXACT","EXACT","EXACT","EXACT","n/a","EXACT","n/a","EXACT","n/a","n/a","n/a","n/a","NEW-IN-NEO","n/a","5/14","EXACT","P3","all 14 named facts that the data answers are rendered on the NEO page"
"VT60","LE","light","/tcode/VT60/","/neo/transactions/VT60/","yes","yes","EXACT","EXACT","EXACT","EXACT","n/a","EXACT","n/a","EXACT","n/a","n/a","n/a","n/a","NEW-IN-NEO","n/a","5/14","EXACT","P3","all 14 named facts that the data answers are rendered on the NEO page"
"VT70","SD","light","/tcode/VT70/","/neo/transactions/VT70/","yes","yes","EXACT","EXACT","EXACT","EXACT","n/a","EXACT","n/a","EXACT","n/a","n/a","n/a","n/a","NEW-IN-NEO","n/a","5/14","EXACT","P3","all 14 named facts that the data answers are rendered on the NEO page"
"VTAA","SD","light","/tcode/VTAA/","/neo/transactions/VTAA/","yes","yes","EXACT","EXACT","EXACT","EXACT","n/a","EXACT","n/a","EXACT","n/a","n/a","n/a","n/a","EXACT","EXACT","5/14","EXACT","P3","all 14 named facts that the data answers are rendered on the NEO page"
"VTFA","SD","light","/tcode/VTFA/","/neo/transactions/VTFA/","yes","yes","EXACT","EXACT","EXACT","EXACT","n/a","EXACT","n/a","EXACT","n/a","n/a","n/a","n/a","NEW-IN-NEO","EXACT","5/14","EXACT","P3","all 14 named facts that the data answers are rendered on the NEO page"
"VTFL","SD","light","/tcode/VTFL/","/neo/transactions/VTFL/","yes","yes","EXACT","EXACT","EXACT","EXACT","n/a","EXACT","n/a","EXACT","n/a","n/a","n/a","n/a","NEW-IN-NEO","EXACT","5/14","EXACT","P3","all 14 named facts that the data answers are rendered on the NEO page"
"VTLA","SD","light","/tcode/VTLA/","/neo/transactions/VTLA/","yes","yes","EXACT","EXACT","EXACT","EXACT","n/a","EXACT","n/a","EXACT","n/a","n/a","n/a","n/a","EXACT","EXACT","5/14","EXACT","P3","all 14 named facts that the data answers are rendered on the NEO page"
"VW10","LE","light","/tcode/VW10/","/neo/transactions/VW10/","yes","yes","EXACT","EXACT","EXACT","EXACT","n/a","EXACT","n/a","EXACT","n/a","n/a","n/a","n/a","NEW-IN-NEO","EXACT","5/14","EXACT","P3","all 14 named facts that the data answers are rendered on the NEO page"
"V_RA","SD","light","/tcode/V_RA/","/neo/transactions/V_RA/","yes","yes","EXACT","EXACT","EXACT","EXACT","n/a","EXACT","NEW-IN-NEO","EXACT","n/a","n/a","n/a","n/a","NEW-IN-NEO","EXACT","6/14","EXACT","P3","all 14 named facts that the data answers are rendered on the NEO page"
"V_V2","SD","light","/tcode/V_V2/","/neo/transactions/V_V2/","yes","yes","EXACT","EXACT","EXACT","EXACT","n/a","EXACT","n/a","EXACT","n/a","n/a","n/a","n/a","NEW-IN-NEO","n/a","5/14","EXACT","P3","all 14 named facts that the data answers are rendered on the NEO page"
"WE02","INTEGRATION","light","/tcode/WE02/","/neo/transactions/WE02/","yes","yes","EXACT","EXACT","EXACT","EXACT","n/a","EXACT","n/a","EXACT","n/a","n/a","n/a","n/a","n/a","EXACT","5/14","EXACT","P3","all 14 named facts that the data answers are rendered on the NEO page"
"WE05","INTEGRATION","light","/tcode/WE05/","/neo/transactions/WE05/","yes","yes","EXACT","EXACT","EXACT","EXACT","n/a","EXACT","n/a","EXACT","n/a","n/a","n/a","n/a","n/a","EXACT","5/14","EXACT","P3","all 14 named facts that the data answers are rendered on the NEO page"
"WE07","BASIS","light","/tcode/WE07/","/neo/transactions/WE07/","yes","yes","EXACT","EXACT","EXACT","EXACT","n/a","EXACT","n/a","EXACT","n/a","n/a","n/a","n/a","NEW-IN-NEO","EXACT","5/14","EXACT","P3","all 14 named facts that the data answers are rendered on the NEO page"
"WE19","INTEGRATION","light","/tcode/WE19/","/neo/transactions/WE19/","yes","yes","EXACT","EXACT","EXACT","EXACT","n/a","EXACT","n/a","EXACT","n/a","n/a","n/a","n/a","n/a","EXACT","5/14","EXACT","P3","all 14 named facts that the data answers are rendered on the NEO page"
"WE20","INTEGRATION","light","/tcode/WE20/","/neo/transactions/WE20/","yes","yes","EXACT","EXACT","EXACT","EXACT","n/a","EXACT","n/a","EXACT","n/a","n/a","n/a","n/a","n/a","EXACT","5/14","EXACT","P3","all 14 named facts that the data answers are rendered on the NEO page"
"WE21","INTEGRATION","light","/tcode/WE21/","/neo/transactions/WE21/","yes","yes","EXACT","EXACT","EXACT","EXACT","n/a","EXACT","n/a","EXACT","n/a","n/a","n/a","n/a","n/a","EXACT","5/14","EXACT","P3","all 14 named facts that the data answers are rendered on the NEO page"
"WE30","INTEGRATION","light","/tcode/WE30/","/neo/transactions/WE30/","yes","yes","EXACT","EXACT","EXACT","EXACT","n/a","EXACT","n/a","EXACT","n/a","n/a","n/a","n/a","n/a","EXACT","5/14","EXACT","P3","all 14 named facts that the data answers are rendered on the NEO page"
"WE31","ABAP","light","/tcode/WE31/","/neo/transactions/WE31/","yes","yes","EXACT","EXACT","EXACT","EXACT","n/a","EXACT","n/a","EXACT","n/a","n/a","n/a","n/a","NEW-IN-NEO","EXACT","5/14","EXACT","P3","all 14 named facts that the data answers are rendered on the NEO page"
"WE60","INTEGRATION","light","/tcode/WE60/","/neo/transactions/WE60/","yes","yes","EXACT","EXACT","EXACT","EXACT","n/a","EXACT","n/a","EXACT","n/a","n/a","n/a","n/a","n/a","EXACT","5/14","EXACT","P3","all 14 named facts that the data answers are rendered on the NEO page"
"WEDI","ABAP","light","/tcode/WEDI/","/neo/transactions/WEDI/","yes","yes","EXACT","EXACT","EXACT","EXACT","n/a","EXACT","n/a","EXACT","n/a","n/a","n/a","n/a","NEW-IN-NEO","EXACT","5/14","EXACT","P3","all 14 named facts that the data answers are rendered on the NEO page"
"WF_EXTSRV","SECURITY","light","/tcode/WF_EXTSRV/","/neo/transactions/WF_EXTSRV/","yes","yes","EXACT","EXACT","EXACT","EXACT","n/a","EXACT","n/a","EXACT","n/a","n/a","n/a","n/a","NEW-IN-NEO","n/a","5/14","EXACT","P3","all 14 named facts that the data answers are rendered on the NEO page"
"XD01","SD","deep","/tcode/XD01/","/neo/transactions/XD01/","yes","yes","EXACT","EXACT","EXACT","EXACT","EXACT","EXACT","EXACT","EXACT","EXACT","EXACT","n/a","EXACT","EXACT","EXACT","13/14","TRANSFORMED","P2","14 named facts intact; NEO's TxDetail model does not carry: beginner · consultant · bestPractices · ossKeywords · interview · classes"
"XD02","SD","deep","/tcode/XD02/","/neo/transactions/XD02/","yes","yes","EXACT","EXACT","EXACT","EXACT","EXACT","EXACT","EXACT","EXACT","EXACT","EXACT","n/a","EXACT","EXACT","EXACT","13/14","TRANSFORMED","P2","14 named facts intact; NEO's TxDetail model does not carry: beginner · consultant · bestPractices · ossKeywords · interview · classes"
"XD03","SD","deep","/tcode/XD03/","/neo/transactions/XD03/","yes","yes","EXACT","EXACT","EXACT","EXACT","EXACT","EXACT","EXACT","EXACT","EXACT","EXACT","n/a","EXACT","EXACT","EXACT","13/14","TRANSFORMED","P2","14 named facts intact; NEO's TxDetail model does not carry: beginner · consultant · bestPractices · ossKeywords · interview · classes"
"XD05","SD","light","/tcode/XD05/","/neo/transactions/XD05/","yes","yes","EXACT","EXACT","EXACT","EXACT","n/a","EXACT","n/a","EXACT","n/a","n/a","n/a","n/a","EXACT","EXACT","5/14","EXACT","P3","all 14 named facts that the data answers are rendered on the NEO page"
"XD06","SD","light","/tcode/XD06/","/neo/transactions/XD06/","yes","yes","EXACT","EXACT","EXACT","EXACT","n/a","EXACT","n/a","EXACT","n/a","n/a","n/a","n/a","NEW-IN-NEO","EXACT","5/14","EXACT","P3","all 14 named facts that the data answers are rendered on the NEO page"
"XD07","SD","light","/tcode/XD07/","/neo/transactions/XD07/","yes","yes","EXACT","EXACT","EXACT","EXACT","n/a","EXACT","n/a","EXACT","n/a","n/a","n/a","n/a","NEW-IN-NEO","EXACT","5/14","EXACT","P3","all 14 named facts that the data answers are rendered on the NEO page"
"XK01","MM","deep","/tcode/XK01/","/neo/transactions/XK01/","yes","yes","EXACT","EXACT","EXACT","EXACT","EXACT","EXACT","EXACT","EXACT","n/a","EXACT","n/a","EXACT","EXACT","EXACT","12/14","TRANSFORMED","P2","14 named facts intact; NEO's TxDetail model does not carry: beginner · consultant · bestPractices · ossKeywords · interview"
"XK02","MM","deep","/tcode/XK02/","/neo/transactions/XK02/","yes","yes","EXACT","EXACT","EXACT","EXACT","EXACT","EXACT","EXACT","EXACT","n/a","EXACT","n/a","EXACT","EXACT","EXACT","11/14","TRANSFORMED","P2","14 named facts intact; NEO's TxDetail model does not carry: beginner · consultant · bestPractices · ossKeywords · interview"
"XK03","MM","deep","/tcode/XK03/","/neo/transactions/XK03/","yes","yes","EXACT","EXACT","EXACT","EXACT","EXACT","EXACT","EXACT","EXACT","n/a","EXACT","n/a","EXACT","EXACT","EXACT","11/14","TRANSFORMED","P2","14 named facts intact; NEO's TxDetail model does not carry: beginner · consultant · bestPractices · ossKeywords · interview"
